"","A_Georgia_02_2008","A_Louisiana_05_2008","A_New_York_06_2008","A_Minnesota_06_2008","A_New_York_33_2008","A_New_York_07_2008","A_Oregon_01_2008","A_Indiana_05_2008","A_North_Carolina_01_2008","A_Minnesota_16_2008","A_South_Carolina_03_2008","A_Sao_Paulo_02_2344_2011","A_Alberta_001_2010","A_Sao_Paulo_09_73_2011","A_Alberta_012_2011","A_Mato_Grosso_11689_2011","A_Alberta_002_2010","A_Goias_18078_2011","A_Alberta_006_2011","A_Rondonia_3410_2011","A_Alberta_013_2011","A_Distrito_Federal_86727_2010","A_Connecticut_34_2016","A_New_Hampshire_21_2016","A_Michigan_107_2016","A_New_Mexico_48_2016","A_Washington_82_2016","A_West_Virginia_06_2016","A_California_140_2016","A_California_137_2016","A_Alabama_14_2016","A_Oregon_19_2016","A_Iowa_26_2016","A_Pernambuco_9511_2018","A_Mexico_SAR30012N_2017","A_New_Mexico_15_2019","A_New_Mexico_29_2018","A_New_Mexico_9511_2019","A_New_Mexico_31_2019","A_New_Mexico_24_2019","A_New_Mexico_7375_2018","A_New_Mexico_18_2018","A_New_Mexico_8790_2019","A_New_Mexico_17_2018","A_Mexico_81578_2022","A_New_Mexico_02_2024","A_New_Mexico_17_2024","A_New_Mexico_05_2024","A_New_Mexico_USAFSAM_14540_2024","A_New_Mexico_61_2023","A_New_Mexico_31_2024","A_New_Mexico_44_2024","A_New_Mexico_60_2023","A_New_Mexico_45_2024","A_New_Mexico_12_2024","A_HongKong_HK5MA21_2_2008","A_HongKong_HK4MA21_2_2008","A_HongKong_HKMA12D_2008","A_HongKong_HK6_2008","A_HongKong_HK10MA21_1_2008","A_HongKong_HK6MA21_3_2008","A_HongKong_HK2MA21_3_2008","A_HongKong_HK6MA21_1_2008","A_HongKong_HK11_2008","A_HongKong_HK5_2008","A_HongKong_HK5MA21_3_2008","A_Singapore_C2010_036V_2010","A_Singapore_C2011_545C_2011","A_Singapore_DSO20090008_2009","A_Singapore_H2009_471C_2009","A_Singapore_C2009_803bV_2009","A_Singapore_C2011_362V_2011","A_Singapore_H2010_559C_2010","A_Singapore_H2010_666C_2010","A_Singapore_C2010_937V_2010","A_Singapore_H2010_564C_2010","A_Singapore_H2011_460cC_2011","A_Beijingdongcheng_1026_2014","A_Xiamen_s35_2015","A_Beijingfengtai_0041_2014","A_Hong_Kong_485197_2014","A_Xiamen_s21_2015","A_Xiamen_s54_2015","A_Xiamen_s113_2015","A_Xiamen_s76_2015","A_Xiamen_s77_2015","A_Xiamen_s99_2015","A_Xiamen_s80_2015","A_South_Korea_7626_2018","A_South_Korea_9645_2019","A_South_Korea_9793_2019","A_South_Korea_8822_2019","A_Busan_1343_2018","A_South_Korea_8206_2019","A_South_Korea_9646_2019","A_South_Korea_9789_2019","A_South_Korea_9792_2019","A_South_Korea_8208_2019","A_South_Korea_8668_2019","A_Shanghai_YP1344C1_2023","A_Hong_Kong_EPI0322_2023","A_Gyeonggi_USAFSAM_14892_2024","A_Shanghai_YP1517E2_2023","A_Hong_Kong_ST220774_2023","A_Shanghai_YP1491C1_2023","A_Hong_Kong_EPI0456_2024","A_Shanghai_XH1364C1_2023","A_Hong_Kong_ST221425_2023","A_Shanghai_PT1759C2_2022","A_Hong_Kong_EPI0161_2023","A_Thueringen_2202_2008","A_Denmark_105_2010","A_Denmark_22_2011","A_Denmark_21_2011","A_Stockholm_4_2010","A_England_215_2011","A_Corsica_4076_15_2015","A_Pavia_07_2014","A_Corsica_3490_05_2015","A_Corsica_19_01_2015","A_Corsica_4041_02_2015","A_Corsica_3521_06_2015","A_Corsica_3618_07_2015","A_Corsica_3500_18_2015","A_Corsica_33_02_2015","A_Corsica_3975_10_2015","A_Corsica_23_01_2015","A_Germany_9357_2019","A_Germany_9344_2019","A_Germany_9215_2019","A_Germany_9674_2019","A_Germany_9050_2019","A_Germany_9485_2019","A_Germany_9490_2019","A_Germany_9676_2019","A_Germany_9673_2019","A_Germany_9677_2019","A_Germany_9046_2019","A_Baden_Wurttemberg_USAFSAM_14101_2023","A_Baden_Wurttemberg_USAFSAM_14142_2023","A_Rheinland_Pfalz_USAFSAM_14063_2023","A_Bayern_USAFSAM_14710_2024","A_Bayern_USAFSAM_14318_2023","A_Bayern_USAFSAM_14591_2024","A_Bayern_USAFSAM_14705_2024","A_Rheinland_Pfalz_USAFSAM_14133_2023","A_Rheinland_Pfalz_USAFSAM_14127_2023","A_Rheinland_Pfalz_USAFSAM_14185_2023","A_Rheinland_Pfalz_USAFSAM_14052_2023","A_South_Australia_355_2007_H3N2","A_Brisbane_10_2007","A_Victoria_502_2009","A_Victoria_361_2011","A_Perth_16_2009","A_Victoria_909_2018","A_Victoria_747_2018","A_Victoria_800_2017","A_Victoria_705_2017","A_Victoria_704_2017","A_Victoria_695_2017","A_Victoria_727_2018","A_Victoria_826_2017","A_Victoria_701_2018","A_Victoria_804_2017","A_Victoria_721_2018","A_Darwin_9_2021","A_Darwin_06_2021"
"A_Georgia_02_2008",0,0.00235597627291342,0.0100748319219315,0.0106616331068688,0.0124580422248838,0.0106679520103391,0.00176678629065556,0.00353800992035371,0.0106616331068688,0.0106616331068688,0.011259719302584,0.0227085517389258,0.0228946863471665,0.0172506443004278,0.0198506322875664,0.0239178414026905,0.0229638713383343,0.0227031678363921,0.0199225424965048,0.0215077082960487,0.0235238746646298,0.0239295535667017,0.0386807572400195,0.0362024020595822,0.0368166891036344,0.0343291217835775,0.0405402708875558,0.0386905201537543,0.0349578463454486,0.0349424220685094,0.0362216136354791,0.0405402708875558,0.0368166891036344,0.0418825209862336,0.0430805525318026,0.0456078201754774,0.0418175303886386,0.046863297263812,0.047471200298905,0.0456078201754774,0.0418063641453476,0.041177828550322,0.0481209593692177,0.0405500820774061,0.0614688536864973,0.067947436666672,0.0692429781047331,0.0699224227763291,0.0672908377541918,0.0712434275077484,0.0686048989573265,0.0705613704308849,0.067947436666672,0.0706051207642733,0.0699224227763291,0.146852946684496,0.147550000539332,0.14672914217367,0.145336645294974,0.146094221197479,0.146094221197479,0.146094221197479,0.146094221197479,0.146094221197479,0.145336645294974,0.146852946684496,0.0172532603369088,0.0220941543628035,0.0168264153549347,0.017256415759502,0.016662826057594,0.0208783482926174,0.0245776577945936,0.0190712997847914,0.0227085517389258,0.0245482225649578,0.0214858817817014,0.0319090027806363,0.0368258435368637,0.0282020463113414,0.0324779900530868,0.0349755070714993,0.0454900965885963,0.0343448933548511,0.0349578463454486,0.0324925721118772,0.0300285044116061,0.0423863949990884,0.0424472533937921,0.0449741065291755,0.0443284375886866,0.0449741065291755,0.0424593822194676,0.0405500820774061,0.0449741065291755,0.0443411950522606,0.0443284375886866,0.04496094874198,0.04496094874198,0.0659802210142546,0.0705613704308849,0.0679280529550387,0.0685850832729732,0.0672908377541918,0.0659802210142546,0.0673103874153964,0.0666350999552864,0.0718832482662498,0.0551184492393569,0.0712218725084416,0.0124580422248838,0.0263805388668051,0.0190670470901263,0.0245346717157607,0.0203025394646609,0.0245346717157607,0.0399436536417841,0.202163807393459,0.0337241608108187,0.0306454076360703,0.0343448933548511,0.0343628968798293,0.0337163807790359,0.0337091589019172,0.0325006973343381,0.0324925721118772,0.0337241608108187,0.0443284375886866,0.0443284375886866,0.0443284375886866,0.0443284375886866,0.0443284375886866,0.0443284375886866,0.0437090837164905,0.0443411950522606,0.0443162485565222,0.0443411950522606,0.0436967255653007,0.0620849969435377,0.0614356462029194,0.0608030253566111,0.0692632268997,0.0686048989573265,0.0672908377541918,0.0672908377541918,0.0614356462029194,0.0620849969435377,0.0627700905952881,0.0666350999552864,0.025093471909213,0.0100719602499278,0.011259719302584,0.0239128043213454,0.0148490142446303,0.0424356908489456,0.0437090837164905,0.041177828550322,0.0380469479383339,0.0405714001147001,0.0405714001147001,0.0443545203063581,0.041177828550322,0.0424246952286703,0.0380557571586392,0.0424472533937921,0.060819502945879,0.0569410090315933
"A_Louisiana_05_2008",0.00235597627291342,0,0.0112691510618629,0.0106597702244845,0.0124551042898488,0.0106660869065953,0.00176600570298913,0.00353670353904953,0.0106597702244845,0.0106597702244845,0.0112574989268713,0.0227031678363921,0.0228897641729774,0.0172485682862153,0.0198464785193725,0.0239128043213454,0.0229589190250201,0.0226983286030111,0.0199183582732993,0.0215014382259178,0.0235185680192009,0.0239234246958701,0.0399231227476092,0.037440519502712,0.0380557571586392,0.035563540160805,0.0417857315854152,0.0399331060475241,0.0361936360635108,0.0361777868830304,0.0374601682301692,0.0417857315854152,0.0380557571586392,0.0431329164631905,0.0443315450896312,0.046863297263812,0.0430658106550896,0.0481209593692177,0.048729602396563,0.046863297263812,0.0430544182338237,0.0424246952286703,0.0493808143324028,0.0417957643281349,0.0614519547144111,0.0679280529550387,0.069223328462546,0.0699017397283535,0.0685850832729732,0.0712218725084416,0.0685850832729732,0.0705408522815486,0.0679280529550387,0.0705845763540223,0.0699017397283535,0.147550000539332,0.148247746226394,0.147426427201765,0.146032548691755,0.146790698950737,0.146790698950737,0.146790698950737,0.146790698950737,0.146790698950737,0.146032548691755,0.147550000539332,0.0172506443004278,0.0214817829906902,0.0168230166328485,0.0172532603369088,0.0166600312744487,0.0202681901618847,0.0245705925764641,0.0190670470901263,0.0227031678363921,0.0245411744380739,0.0208746183744893,0.0331406220209334,0.038065129202928,0.0281949294447864,0.0337091589019172,0.0349663974746497,0.0467430774502463,0.035579736972884,0.0361936360635108,0.0337241608108187,0.03002190618296,0.0436345258569193,0.0424356908489456,0.04496094874198,0.0443162485565222,0.04496094874198,0.0437090837164905,0.0417957643281349,0.04496094874198,0.0443284375886866,0.0443162485565222,0.0462149850155091,0.0462149850155091,0.0659621264380885,0.0705408522815486,0.0679092672594113,0.0685658661718915,0.0672718848818636,0.0659621264380885,0.0672908377541918,0.0666165767933034,0.0718618570129679,0.0551016383797691,0.0712009183840101,0.0124551042898488,0.026372909080415,0.0190633351075862,0.0245287150278517,0.0202970031711393,0.0245287150278517,0.0411885994881031,0.203748037121476,0.0349578463454486,0.0318737601517022,0.035579736972884,0.034353616444064,0.03494985432761,0.0349424220685094,0.0324925721118772,0.0337241608108187,0.0349578463454486,0.0455812713692073,0.0443162485565222,0.0455812713692073,0.0455812713692073,0.0455812713692073,0.0455812713692073,0.0436967255653007,0.0443284375886866,0.0455688517770731,0.0443284375886866,0.0449483598922923,0.0620688581736501,0.0614199288158502,0.0607871376813969,0.0692429781047331,0.0685850832729732,0.0672718848818636,0.0672718848818636,0.0614199288158502,0.0620688581736501,0.0627523455644398,0.0666165767933034,0.0244669054111793,0.0100688646015344,0.0112574989268713,0.0239083140895423,0.0148467725415276,0.0436849353413378,0.0436967255653007,0.0424246952286703,0.0392879220800512,0.0405604587019724,0.0405604587019724,0.0443411950522606,0.0424246952286703,0.0436737136901827,0.0392969485893763,0.0424356908489456,0.0608030253566111,0.0569270369544521
"A_New_York_06_2008",0.0100748319219315,0.0112691510618629,0,0.00888008822324083,0.0106732760388546,0.00948272012404496,0.0106732760388546,0.0124689116855083,0.00888008822324083,0.00888008822324083,0.00947710321954467,0.02151428922583,0.0222938617441986,0.016662826057594,0.017426065314608,0.0227221318086156,0.0223612356592664,0.0227167413944355,0.0174891243701323,0.0203152344277177,0.0223180803512869,0.022734546085308,0.0362649730816471,0.0350165329823534,0.035629737304644,0.0337444870488343,0.0381196747920523,0.0362765472624051,0.0331406220209334,0.0343574300237454,0.0344038858973241,0.0381196747920523,0.0344038858973241,0.0413000652838631,0.0406569090379537,0.0444098851558023,0.0406195953689634,0.0456644445243256,0.0462705054272021,0.0444098851558023,0.041224922541216,0.0393404982001015,0.0456797271081825,0.0399678508545497,0.0603168113887487,0.0681184651112939,0.0680954777914507,0.0687789671888506,0.0661421779533822,0.0701025946991042,0.0687789671888506,0.06941648252287,0.0668000727851422,0.0694595833128197,0.0687789671888506,0.146190972397548,0.146887939417253,0.146068146495734,0.144675819722959,0.145432822138566,0.145432822138566,0.145432822138566,0.145432822138566,0.145432822138566,0.144675819722959,0.146190972397548,0.0154598865974291,0.0208999113140062,0.0150157168262385,0.0154630306812205,0.0148694601228524,0.0196848438873603,0.0227688246811402,0.0172746268659306,0.02151428922583,0.0233531895627494,0.0202920085035612,0.0307158162353659,0.0356196695836995,0.0263963675710116,0.0306568496837145,0.0344038858973241,0.0442737408146706,0.0331406220209334,0.0337528348076751,0.031289807655063,0.0282189818271305,0.0411738376535894,0.0412901410083978,0.0438217919866711,0.0431723064815995,0.0438217919866711,0.0400430434161777,0.041224922541216,0.0438217919866711,0.0431876764926736,0.0431723064815995,0.044381498681753,0.044381498681753,0.0648289795622726,0.06941648252287,0.0680954777914507,0.0674362819148216,0.0661421779533822,0.0648289795622726,0.0661644567320566,0.0654851476354477,0.0707409866086585,0.0571281488485568,0.0700782959881241,0.0106732760388546,0.0239577882856428,0.0172703894809052,0.0245493640935834,0.0172897050244998,0.0233389405407226,0.038735171027849,0.203986561697578,0.0325202745468161,0.0294441428115441,0.0331406220209334,0.0337917949345886,0.0325121393819822,0.032504560808943,0.0319272806546553,0.031289807655063,0.0325202745468161,0.0431295848492002,0.0419072836689144,0.0431295848492002,0.0431295848492002,0.0431295848492002,0.0431295848492002,0.0425543641850771,0.0431876764926736,0.0431164758690679,0.0431876764926736,0.0424978728258142,0.0609288067984088,0.0602781886194229,0.0596470117588039,0.0681184651112939,0.0674588344087624,0.0661421779533822,0.0661421779533822,0.0602781886194229,0.0609288067984088,0.0616205930922891,0.0654851476354477,0.0238750863165574,0.00948691443253376,0.0100748319219315,0.0221073567973708,0.0130599680705104,0.0418546455463695,0.0425543641850771,0.0405959916406806,0.0374631493112167,0.038156248724358,0.038156248724358,0.0419369850746462,0.0405959916406806,0.0418428990123358,0.0362434999827771,0.0400291062920428,0.0596661932097628,0.0557801632859113
"A_Minnesota_06_2008",0.0106616331068688,0.0106597702244845,0.00888008822324083,0,0.00176678629065556,0.00117785684622952,0.0100642614706974,0.0118559430437945,0,0,0.000588235361964851,0.0124615122970103,0.0137668692617136,0.00768250339395755,0.00895430345129862,0.0136555850586178,0.0138081959273141,0.0136524597374703,0.00898649109570289,0.0112739073882155,0.0137820223339419,0.0136634359527075,0.0312884758648818,0.0288344525135996,0.029442759495983,0.0257527058471717,0.0331297253050854,0.0312980491942508,0.0257594120709306,0.0263592923827534,0.0270037216682713,0.0331297253050854,0.029442759495983,0.0344454785110457,0.0356403633814311,0.036892519585754,0.0331495201970687,0.0381331448235842,0.038735192074205,0.036892519585754,0.03313934550941,0.0325186129653776,0.0393759027246791,0.0318986500837173,0.0538480092177063,0.0615621825004572,0.0615423410436313,0.0622144983137896,0.0596103257602204,0.063521688600825,0.0622144983137896,0.0628469732254382,0.0602600984312633,0.062885756458977,0.0622144983137896,0.144580215498659,0.145275546276147,0.144459849322166,0.143070780390033,0.143824928345975,0.143824928345975,0.143824928345975,0.143824928345975,0.143824928345975,0.143070780390033,0.144580215498659,0.0064952937017153,0.0118585217693632,0.00596378438185094,0.00649625967111526,0.00590627416071974,0.0106616331068688,0.0142875619041755,0.00828091355867553,0.0124615122970103,0.0142705699997241,0.011259719302584,0.0233531895627494,0.0288344525135996,0.0178744389846784,0.0251466668962051,0.0257744647491678,0.0374079675342259,0.0263805388668051,0.0269871597719187,0.0245482225649578,0.0208927954240419,0.0343367282531531,0.0350175173884838,0.0375190860837878,0.0368800113355544,0.0375190860837878,0.0337825263558443,0.03313934550941,0.0375190860837878,0.036892519585754,0.0368800113355544,0.0362546203847281,0.0362546203847281,0.0583133081716972,0.0628469732254382,0.0615423410436313,0.0608912992849822,0.0596103257602204,0.0583133081716972,0.059629483034673,0.0589613964024205,0.0641550184449638,0.0507240331950729,0.0635005680897489,0.00176678629065556,0.0160759858685859,0.00827888655617594,0.0154575158495201,0.00948311566936501,0.0142609287936333,0.0325387446199435,0.202163807393459,0.0245411744380739,0.0233318246507584,0.0251535443860218,0.0251689363317006,0.0257594120709306,0.0257527058471717,0.0233318246507584,0.0233249803646228,0.0245411744380739,0.0356300106845121,0.0356300106845121,0.0356300106845121,0.0356300106845121,0.0356300106845121,0.0356300106845121,0.0362667372762831,0.036892519585754,0.0356188405887961,0.036892519585754,0.0350061802854345,0.0544581376474453,0.0538154640371135,0.0531891863955921,0.0615621825004572,0.0609107166102492,0.0596103257602204,0.0596103257602204,0.0538154640371135,0.0544581376474453,0.0551358399361042,0.0589613964024205,0.0194963594945763,0.00649976907681203,0.00176678629065556,0.0130522195693454,0.00412667431432238,0.0337608496292085,0.0362667372762831,0.0337608496292085,0.0306610256894459,0.0319180120759111,0.0319180120759111,0.0356540194952615,0.0337608496292085,0.0349953991115145,0.0294343328254222,0.033771410824504,0.0532053356073744,0.0493665451578573
"A_New_York_33_2008",0.0124580422248838,0.0124551042898488,0.0106732760388546,0.00176678629065556,0,0.00294986106359414,0.0118585217693632,0.0136555850586178,0.00176678629065556,0.00176678629065556,0.0023571051313632,0.0142654829851098,0.0155872596220416,0.00946928313939007,0.0107626236863928,0.0154617279015748,0.0156341261366996,0.0154575158495201,0.0108013751209923,0.0130767939569651,0.0156057325624636,0.0154717561878017,0.0331495201970687,0.0306885955530591,0.0312980491942508,0.0263658267087938,0.0349953991115145,0.033160248739742,0.0276021659995187,0.0269727893922377,0.0276194852928947,0.0349953991115145,0.0312980491942508,0.0350696983174649,0.0362649730816471,0.0387745795243668,0.0350175173884838,0.0400187535951238,0.0406208008457446,0.0387745795243668,0.0337608496292085,0.03313934550941,0.0412650737378821,0.0325186129653776,0.0557810013159393,0.063521688600825,0.0635005680897489,0.0641765675418568,0.0615621825004572,0.0654889042532423,0.0641765675418568,0.0648103265335241,0.0622144983137896,0.0648503955289218,0.0641765675418568,0.146852946684496,0.147550000539332,0.14672914217367,0.145336645294974,0.146094221197479,0.146094221197479,0.146094221197479,0.146094221197479,0.146094221197479,0.145336645294974,0.146852946684496,0.00827888655617594,0.0136592440038169,0.00656366447780295,0.00709043680580457,0.00768986701518034,0.0124580422248838,0.0161013486573929,0.0100719602499278,0.0142654829851098,0.0160821661844342,0.0130582823930087,0.0251925539914807,0.0306885955530591,0.0196948293450063,0.0269871597719187,0.0263887154406714,0.039279460673643,0.0282266948103689,0.0288344525135996,0.0263887154406714,0.0227209510255972,0.0362024020595822,0.036892519585754,0.0394035104249023,0.0387608912965002,0.0394035104249023,0.0356540194952615,0.0337608496292085,0.0394035104249023,0.0387745795243668,0.0387608912965002,0.0368800113355544,0.0368800113355544,0.0602600984312633,0.0648103265335241,0.0635005680897489,0.0628469732254382,0.0615621825004572,0.0602600984312633,0.0615826105182055,0.0609107166102492,0.0661235249246336,0.0526508178530679,0.0654664946066991,0.00353983779403084,0.0178930684256957,0.0100688646015344,0.0172691120342303,0.010081559786288,0.0160703396946991,0.0344055793959679,0.203003438153319,0.0263805388668051,0.0251689363317006,0.0269951670941699,0.0257828099508618,0.0276021659995187,0.0275943285553199,0.0239434455221305,0.0251609677396833,0.0263805388668051,0.0375061854937873,0.0375061854937873,0.0375061854937873,0.0375061854937873,0.0375061854937873,0.0375061854937873,0.036892519585754,0.0387745795243668,0.0374938427860664,0.0387745795243668,0.0368800113355544,0.0563911297456783,0.0557459683658432,0.0551184492393569,0.063521688600825,0.0628676662708173,0.0615621825004572,0.0615621825004572,0.0557459683658432,0.0563911297456783,0.0570738268584507,0.0609107166102492,0.0213620333010054,0.00828654882224453,0.00353983779403084,0.014855106138095,0.0059039273703815,0.0343831272453109,0.038146438738236,0.0343831272453109,0.031279454958144,0.0337825263558443,0.0337825263558443,0.0375325439341176,0.0343831272453109,0.0356188405887961,0.0312884758648818,0.035641737194903,0.0551358399361042,0.0512822563136353
"A_New_York_07_2008",0.0106679520103391,0.0106660869065953,0.00948272012404496,0.00117785684622952,0.00294986106359414,0,0.0100702233079523,0.0118629755690897,0.00117785684622952,0.00117785684622952,0.00176782741615388,0.013671558086133,0.014988707621146,0.00887823198117595,0.0101651981298591,0.014867792304785,0.0150337771080926,0.01486393875861,0.0102018001603932,0.0124825247839917,0.0150060921557538,0.0148771041794989,0.0325480131986878,0.0300878822630372,0.0306973240231551,0.0269958882420147,0.0343934799422299,0.032558368355342,0.0263887285223148,0.0276035971340641,0.0276360817843897,0.0343934799422299,0.0306973240231551,0.0357163132149487,0.0369126945988316,0.0375418125128619,0.0337917949345886,0.0387843895104888,0.0393867994405271,0.0375418125128619,0.0344038858973241,0.033781220810626,0.0400291062920428,0.0331593301831906,0.0551696623720234,0.0629064757137123,0.062885756458977,0.0635609260689273,0.0609482486675947,0.0648724022306626,0.0635609260689273,0.0641946577300164,0.0616001392423365,0.0642343460779396,0.0635609260689273,0.144675819722959,0.145371638027731,0.143859921078732,0.143165244555871,0.143919961680298,0.143919961680298,0.143919961680298,0.143919961680298,0.143919961680298,0.143165244555871,0.144675819722959,0.00768819254560267,0.0130660381420856,0.00716854498184895,0.00768986701518034,0.00709882585334662,0.0118655573733166,0.0155052634725576,0.00947984506053878,0.013671558086133,0.0154867909524367,0.0124654374692686,0.0239799288786504,0.0300878822630372,0.0184915241991959,0.0263887285223148,0.0264045540681908,0.0386782185317798,0.0276271374232348,0.0282348844658784,0.025789925840826,0.02151428922583,0.0356012117596462,0.0362886790248321,0.0387980945808035,0.038156248724358,0.0387980945808035,0.0350505853531762,0.0344038858973241,0.0387980945808035,0.038169558985778,0.038156248724358,0.0375288960699097,0.0375288960699097,0.0596470117588039,0.0641946577300164,0.062885756458977,0.0622325885019493,0.0609482486675947,0.0596470117588039,0.0609682772789567,0.0602972069089456,0.065506994441402,0.0507550712806857,0.0648503955289218,0.00294986106359414,0.017296951612981,0.00947710321954467,0.0166744416420861,0.010687062653907,0.0154756813600601,0.0338029240694755,0.202304474324762,0.0257821168795078,0.0245705334603685,0.0263963675710116,0.0257982811613565,0.0270033567496796,0.0269958882420147,0.0239577882856428,0.0245629313600426,0.0257821168795078,0.0362765472624051,0.036902329571876,0.0362765472624051,0.0362765472624051,0.0362765472624051,0.0362765472624051,0.0375418125128619,0.038169558985778,0.0362649730816471,0.038169558985778,0.0356515471810249,0.0557801632859113,0.0551354178709754,0.0545079198556334,0.0629064757137123,0.0622528808494016,0.0609482486675947,0.0609482486675947,0.0551354178709754,0.0557801632859113,0.0564616527549859,0.0602972069089456,0.020752028068081,0.00650361202592284,0.00176782741615388,0.0142618917262077,0.00531394321078802,0.0350273273746058,0.0375418125128619,0.0350273273746058,0.0319178646167778,0.0331802589827772,0.0331802589827772,0.0369279342420611,0.0350273273746058,0.0362649730816471,0.0306881226474217,0.0350386783737899,0.0545249169570876,0.0506738067760414
"A_Oregon_01_2008",0.00176678629065556,0.00176600570298913,0.0106732760388546,0.0100642614706974,0.0118585217693632,0.0100702233079523,0,0.00294664379582899,0.0100642614706974,0.0100642614706974,0.0106616331068688,0.0220991671418612,0.0222804356556628,0.0166478714727534,0.0192390114161943,0.0233077132000758,0.0223477283152018,0.0220941543628035,0.0193086688773436,0.0208986948224601,0.0229084899715635,0.0233186799415405,0.0393065395494904,0.0368258435368637,0.037440519502712,0.03494985432761,0.041167623542004,0.0393166943119872,0.035579736972884,0.035563540160805,0.0368458334418983,0.041167623542004,0.037440519502712,0.0425130380937477,0.0437114674420137,0.0462423380271299,0.0424472533937921,0.0474990252579103,0.0481069282930034,0.0462423380271299,0.0424356908489456,0.0418063641453476,0.0487579021305119,0.041177828550322,0.0621190488366389,0.0686048989573265,0.0699017397283535,0.0705824888787904,0.067947436666672,0.0719052409730025,0.0692632268997,0.0712218725084416,0.0686048989573265,0.0712660593932313,0.0705824888787904,0.147612825250204,0.148310456959685,0.147487867660686,0.146094221197479,0.146852946684496,0.146852946684496,0.146852946684496,0.146852946684496,0.146852946684496,0.146094221197479,0.147612825250204,0.016650123954968,0.0214858817817014,0.01621703075787,0.0166529153844844,0.0160596896756532,0.0202715521016381,0.023964912619868,0.0184656061916429,0.0220991671418612,0.0239362273845134,0.0208783482926174,0.0325289656622965,0.0374500633432829,0.0275870400837414,0.0330968020132618,0.034353616444064,0.0461202163947402,0.0349663974746497,0.035579736972884,0.0331121508776512,0.0306454076360703,0.0430145357852192,0.0430777705013061,0.0456078201754774,0.04496094874198,0.0456078201754774,0.0430902971296787,0.041177828550322,0.0456078201754774,0.0449741065291755,0.04496094874198,0.0455942610495764,0.0455942610495764,0.0666350999552864,0.0712218725084416,0.0685850832729732,0.0692429781047331,0.067947436666672,0.0666350999552864,0.0679674177333308,0.0672908377541918,0.0725455000186951,0.0557631946542927,0.0718832482662498,0.0118585217693632,0.0257666652476439,0.0184617201396782,0.0239234246958701,0.019694636654216,0.0239234246958701,0.0405714001147001,0.203844481244811,0.0343448933548511,0.0312630729400667,0.0349663974746497,0.0337413927600309,0.0343367282531531,0.0343291217835775,0.0318815022087648,0.0331121508776512,0.0343448933548511,0.04496094874198,0.04496094874198,0.04496094874198,0.04496094874198,0.04496094874198,0.04496094874198,0.0443411950522606,0.0449741065291755,0.0449483598922923,0.0449741065291755,0.0443284375886866,0.0627351920936794,0.0620849969435377,0.0614519547144111,0.0699224227763291,0.0692632268997,0.067947436666672,0.067947436666672,0.0620849969435377,0.0627351920936794,0.0634219811700298,0.0672908377541918,0.0244669054111793,0.00947423154754098,0.0106616331068688,0.0233030481482148,0.014248052633822,0.0430658106550896,0.0443411950522606,0.0418063641453476,0.0386715576385499,0.0411999357097256,0.0411999357097256,0.0449878326139545,0.0418063641453476,0.0430544182338237,0.0386807572400195,0.0430777705013061,0.0614688536864973,0.0575853390176675
"A_Indiana_05_2008",0.00353800992035371,0.00353670353904953,0.0124689116855083,0.0118559430437945,0.0136555850586178,0.0118629755690897,0.00294664379582899,0,0.0118559430437945,0.0118559430437945,0.0124551042898488,0.0239234246958701,0.0241197770934086,0.0184555694758559,0.0210712188745425,0.0251345520275834,0.0241927259434982,0.0239178414026905,0.0211476151924029,0.0227209510255972,0.0247508545332818,0.0251466668962051,0.041177828550322,0.0386905201537543,0.0393065395494904,0.0368080958749385,0.0430435938840388,0.0411885994881031,0.0361936360635108,0.0374231175392563,0.0374601682301692,0.0430435938840388,0.0393065395494904,0.0431329164631905,0.0455965679023161,0.046863297263812,0.0430658106550896,0.0481209593692177,0.048729602396563,0.046863297263812,0.0443162485565222,0.0436849353413378,0.0493808143324028,0.0430544182338237,0.0640561272679802,0.0705613704308849,0.0718618570129679,0.0725455000186951,0.0699017397283535,0.0738726408111316,0.0712218725084416,0.0731863610987564,0.0705613704308849,0.0732318360125093,0.0725455000186951,0.149072071729946,0.149770976650477,0.148946185210713,0.147550000539332,0.148310456959685,0.148310456959685,0.148310456959685,0.148310456959685,0.148310456959685,0.147550000539332,0.149072071729946,0.0184583743562296,0.0233077132000758,0.0180432734923265,0.0184617201396782,0.0178677613302505,0.0220896858011352,0.0257975870572475,0.0202799039613701,0.0239234246958701,0.0257666652476439,0.0226983286030111,0.0331406220209334,0.0393166943119872,0.0281949294447864,0.03494985432761,0.0362117281308756,0.0480065020012009,0.0368258435368637,0.037440519502712,0.0349663974746497,0.031255713101438,0.0448939723666613,0.04496094874198,0.0474990252579103,0.0468495028671616,0.0474990252579103,0.0449741065291755,0.0430544182338237,0.0474990252579103,0.046863297263812,0.0468495028671616,0.0474848269678894,0.0474848269678894,0.0685850832729732,0.0731863610987564,0.0705408522815486,0.0712009183840101,0.0699017397283535,0.0685850832729732,0.0699224227763291,0.0692429781047331,0.0745143831278145,0.0576839552881897,0.0738499312027876,0.0136555850586178,0.0276021659995187,0.0202754569133394,0.0257527058471717,0.0202970031711393,0.0257527058471717,0.0424472533937921,0.205432958682252,0.0362024020595822,0.0331121508776512,0.035579736972884,0.0355981721581975,0.0361936360635108,0.0361854307882403,0.0337324983517684,0.0349663974746497,0.0362024020595822,0.0455812713692073,0.0468495028671616,0.0455812713692073,0.0455812713692073,0.0455812713692073,0.0455812713692073,0.046228376543574,0.046863297263812,0.0455688517770731,0.046863297263812,0.0449483598922923,0.0646730307272192,0.0640207149138868,0.0633862338523285,0.0718832482662498,0.0712218725084416,0.0699017397283535,0.0699017397283535,0.0640207149138868,0.0646730307272192,0.0653633175550156,0.0692429781047331,0.0263385630610633,0.0112657532640288,0.0124551042898488,0.0251293159173182,0.0160501425568101,0.0449483598922923,0.046228376543574,0.0424246952286703,0.0392879220800512,0.0430777705013061,0.0430777705013061,0.0468776621278577,0.0424246952286703,0.0449363406237798,0.0405500820774061,0.04496094874198,0.0634038114546478,0.0595076878445649
"A_North_Carolina_01_2008",0.0106616331068688,0.0106597702244845,0.00888008822324083,0,0.00176678629065556,0.00117785684622952,0.0100642614706974,0.0118559430437945,0,0,0.000588235361964851,0.0124615122970103,0.0137668692617136,0.00768250339395755,0.00895430345129862,0.0136555850586178,0.0138081959273141,0.0136524597374703,0.00898649109570289,0.0112739073882155,0.0137820223339419,0.0136634359527075,0.0312884758648818,0.0288344525135996,0.029442759495983,0.0257527058471717,0.0331297253050854,0.0312980491942508,0.0257594120709306,0.0263592923827534,0.0270037216682713,0.0331297253050854,0.029442759495983,0.0344454785110457,0.0356403633814311,0.036892519585754,0.0331495201970687,0.0381331448235842,0.038735192074205,0.036892519585754,0.03313934550941,0.0325186129653776,0.0393759027246791,0.0318986500837173,0.0538480092177063,0.0615621825004572,0.0615423410436313,0.0622144983137896,0.0596103257602204,0.063521688600825,0.0622144983137896,0.0628469732254382,0.0602600984312633,0.062885756458977,0.0622144983137896,0.144580215498659,0.145275546276147,0.144459849322166,0.143070780390033,0.143824928345975,0.143824928345975,0.143824928345975,0.143824928345975,0.143824928345975,0.143070780390033,0.144580215498659,0.0064952937017153,0.0118585217693632,0.00596378438185094,0.00649625967111526,0.00590627416071974,0.0106616331068688,0.0142875619041755,0.00828091355867553,0.0124615122970103,0.0142705699997241,0.011259719302584,0.0233531895627494,0.0288344525135996,0.0178744389846784,0.0251466668962051,0.0257744647491678,0.0374079675342259,0.0263805388668051,0.0269871597719187,0.0245482225649578,0.0208927954240419,0.0343367282531531,0.0350175173884838,0.0375190860837878,0.0368800113355544,0.0375190860837878,0.0337825263558443,0.03313934550941,0.0375190860837878,0.036892519585754,0.0368800113355544,0.0362546203847281,0.0362546203847281,0.0583133081716972,0.0628469732254382,0.0615423410436313,0.0608912992849822,0.0596103257602204,0.0583133081716972,0.059629483034673,0.0589613964024205,0.0641550184449638,0.0507240331950729,0.0635005680897489,0.00176678629065556,0.0160759858685859,0.00827888655617594,0.0154575158495201,0.00948311566936501,0.0142609287936333,0.0325387446199435,0.202163807393459,0.0245411744380739,0.0233318246507584,0.0251535443860218,0.0251689363317006,0.0257594120709306,0.0257527058471717,0.0233318246507584,0.0233249803646228,0.0245411744380739,0.0356300106845121,0.0356300106845121,0.0356300106845121,0.0356300106845121,0.0356300106845121,0.0356300106845121,0.0362667372762831,0.036892519585754,0.0356188405887961,0.036892519585754,0.0350061802854345,0.0544581376474453,0.0538154640371135,0.0531891863955921,0.0615621825004572,0.0609107166102492,0.0596103257602204,0.0596103257602204,0.0538154640371135,0.0544581376474453,0.0551358399361042,0.0589613964024205,0.0194963594945763,0.00649976907681203,0.00176678629065556,0.0130522195693454,0.00412667431432238,0.0337608496292085,0.0362667372762831,0.0337608496292085,0.0306610256894459,0.0319180120759111,0.0319180120759111,0.0356540194952615,0.0337608496292085,0.0349953991115145,0.0294343328254222,0.033771410824504,0.0532053356073744,0.0493665451578573
"A_Minnesota_16_2008",0.0106616331068688,0.0106597702244845,0.00888008822324083,0,0.00176678629065556,0.00117785684622952,0.0100642614706974,0.0118559430437945,0,0,0.000588235361964851,0.0124615122970103,0.0137668692617136,0.00768250339395755,0.00895430345129862,0.0136555850586178,0.0138081959273141,0.0136524597374703,0.00898649109570289,0.0112739073882155,0.0137820223339419,0.0136634359527075,0.0312884758648818,0.0288344525135996,0.029442759495983,0.0257527058471717,0.0331297253050854,0.0312980491942508,0.0257594120709306,0.0263592923827534,0.0270037216682713,0.0331297253050854,0.029442759495983,0.0344454785110457,0.0356403633814311,0.036892519585754,0.0331495201970687,0.0381331448235842,0.038735192074205,0.036892519585754,0.03313934550941,0.0325186129653776,0.0393759027246791,0.0318986500837173,0.0538480092177063,0.0615621825004572,0.0615423410436313,0.0622144983137896,0.0596103257602204,0.063521688600825,0.0622144983137896,0.0628469732254382,0.0602600984312633,0.062885756458977,0.0622144983137896,0.144580215498659,0.145275546276147,0.144459849322166,0.143070780390033,0.143824928345975,0.143824928345975,0.143824928345975,0.143824928345975,0.143824928345975,0.143070780390033,0.144580215498659,0.0064952937017153,0.0118585217693632,0.00596378438185094,0.00649625967111526,0.00590627416071974,0.0106616331068688,0.0142875619041755,0.00828091355867553,0.0124615122970103,0.0142705699997241,0.011259719302584,0.0233531895627494,0.0288344525135996,0.0178744389846784,0.0251466668962051,0.0257744647491678,0.0374079675342259,0.0263805388668051,0.0269871597719187,0.0245482225649578,0.0208927954240419,0.0343367282531531,0.0350175173884838,0.0375190860837878,0.0368800113355544,0.0375190860837878,0.0337825263558443,0.03313934550941,0.0375190860837878,0.036892519585754,0.0368800113355544,0.0362546203847281,0.0362546203847281,0.0583133081716972,0.0628469732254382,0.0615423410436313,0.0608912992849822,0.0596103257602204,0.0583133081716972,0.059629483034673,0.0589613964024205,0.0641550184449638,0.0507240331950729,0.0635005680897489,0.00176678629065556,0.0160759858685859,0.00827888655617594,0.0154575158495201,0.00948311566936501,0.0142609287936333,0.0325387446199435,0.202163807393459,0.0245411744380739,0.0233318246507584,0.0251535443860218,0.0251689363317006,0.0257594120709306,0.0257527058471717,0.0233318246507584,0.0233249803646228,0.0245411744380739,0.0356300106845121,0.0356300106845121,0.0356300106845121,0.0356300106845121,0.0356300106845121,0.0356300106845121,0.0362667372762831,0.036892519585754,0.0356188405887961,0.036892519585754,0.0350061802854345,0.0544581376474453,0.0538154640371135,0.0531891863955921,0.0615621825004572,0.0609107166102492,0.0596103257602204,0.0596103257602204,0.0538154640371135,0.0544581376474453,0.0551358399361042,0.0589613964024205,0.0194963594945763,0.00649976907681203,0.00176678629065556,0.0130522195693454,0.00412667431432238,0.0337608496292085,0.0362667372762831,0.0337608496292085,0.0306610256894459,0.0319180120759111,0.0319180120759111,0.0356540194952615,0.0337608496292085,0.0349953991115145,0.0294343328254222,0.033771410824504,0.0532053356073744,0.0493665451578573
"A_South_Carolina_03_2008",0.011259719302584,0.0112574989268713,0.00947710321954467,0.000588235361964851,0.0023571051313632,0.00176782741615388,0.0106616331068688,0.0124551042898488,0.000588235361964851,0.000588235361964851,0,0.0130621129698273,0.0143729299419783,0.00827738746175187,0.00955635048370088,0.0142569080414981,0.014416098737759,0.0142534213482786,0.00959072077648711,0.0118741475563404,0.0143891869501428,0.0142654829851098,0.0319080546306558,0.02945173654262,0.0300604247999793,0.0263658267087938,0.033750843397381,0.0319180120759111,0.026372909080415,0.0269727893922377,0.0276194852928947,0.033750843397381,0.0300604247999793,0.0350696983174649,0.0362649730816471,0.0375190860837878,0.033771410824504,0.0387608912965002,0.039362938547121,0.0375190860837878,0.0337608496292085,0.03313934550941,0.0400048336252146,0.0325186129653776,0.0544915099500301,0.0622144983137896,0.062194231618373,0.0628676662708173,0.0602600984312633,0.0641765675418568,0.0628676662708173,0.0635005680897489,0.0609107166102492,0.0635397787889847,0.0628676662708173,0.143824928345975,0.144519688233486,0.143705701366223,0.142317768199514,0.143070780390033,0.143070780390033,0.143070780390033,0.143070780390033,0.143070780390033,0.142317768199514,0.143824928345975,0.00708911799954333,0.0124580422248838,0.00656366447780295,0.00709043680580457,0.00650009845854777,0.011259719302584,0.0148914267118753,0.00887721655123708,0.0130621129698273,0.0148737063816649,0.0118585217693632,0.0239655595106974,0.02945173654262,0.018480499664943,0.0257594120709306,0.0263887154406714,0.0380310205743494,0.0269951670941699,0.0276021659995187,0.0251609677396833,0.0215014382259178,0.0349578463454486,0.035641737194903,0.038146438738236,0.0375061854937873,0.038146438738236,0.0344055793959679,0.0337608496292085,0.038146438738236,0.0375190860837878,0.0375061854937873,0.0368800113355544,0.0368800113355544,0.0589613964024205,0.0635005680897489,0.062194231618373,0.0615423410436313,0.0602600984312633,0.0589613964024205,0.0602796781848146,0.0596103257602204,0.0648103265335241,0.0513654701015175,0.0641550184449638,0.0023571051313632,0.0166809466199425,0.00887483418334191,0.0160606522314609,0.010081559786288,0.0148633385050585,0.033160248739742,0.201325584229832,0.0251535443860218,0.0239434455221305,0.0257666652476439,0.0257828099508618,0.026372909080415,0.0263658267087938,0.0239434455221305,0.0239362273845134,0.0251535443860218,0.0362546203847281,0.0362546203847281,0.0362546203847281,0.0362546203847281,0.0362546203847281,0.0362546203847281,0.036892519585754,0.0375190860837878,0.0362430603952152,0.0375190860837878,0.0356300106845121,0.0551016383797691,0.0544581376474453,0.0538314472417704,0.0622144983137896,0.0615621825004572,0.0602600984312633,0.0602600984312633,0.0544581376474453,0.0551016383797691,0.0557810013159393,0.0596103257602204,0.0201174775868719,0.00709465314460642,0.0023571051313632,0.0136524597374703,0.0047183903597125,0.0343831272453109,0.036892519585754,0.0343831272453109,0.031279454958144,0.0325387446199435,0.0325387446199435,0.0362794104460878,0.0343831272453109,0.0356188405887961,0.0300516168544428,0.0343940759112021,0.0538480092177063,0.0500043003463632
"A_Sao_Paulo_02_2344_2011",0.0227085517389258,0.0227031678363921,0.02151428922583,0.0124615122970103,0.0142654829851098,0.013671558086133,0.0220991671418612,0.0239234246958701,0.0124615122970103,0.0124615122970103,0.0130621129698273,0,0.00237485829087562,0.010674386932695,0.011986174542225,0.00235536808106441,0.00238192922755853,0.00235528116733446,0.0120294325169892,0.0221587859504301,0.00237697668201221,0.0023571051313632,0.0331833648946945,0.0307211216988178,0.0313300774617031,0.0276194852928947,0.0350294097950456,0.0331957512681322,0.0288635344228861,0.0282266948103689,0.0301248184942243,0.0350294097950456,0.0313300774617031,0.0363586397966923,0.0375552868965093,0.0400800259608624,0.0369333824729678,0.0419602062536165,0.0425600865654392,0.0400800259608624,0.0350418568830802,0.0344176370766611,0.0432108384002856,0.0350418568830802,0.0551914846776501,0.0616252236955317,0.0616036244606706,0.0622788185598425,0.0583700038643158,0.0635885770036176,0.0622788185598425,0.0616036244606706,0.059019354604934,0.061641633601135,0.0622788185598425,0.153533373348734,0.154236016857385,0.153403262464592,0.151999629814803,0.152765913489692,0.152765913489692,0.152765913489692,0.152765913489692,0.152765913489692,0.151999629814803,0.153533373348734,0.00948129252093516,0.0148796895996488,0.0168516280833269,0.0166749346897687,0.0166848717922009,0.0136734163969568,0.0041349556644921,0.0112841767810676,0.00117716358081774,0.00413007630096208,0.0142761892246311,0.0239921330989847,0.0307211216988178,0.0209362914538968,0.027012822871293,0.0288856604869908,0.0393065395494904,0.0282562770022766,0.0288635344228861,0.0264165196666995,0.0239683596342355,0.0362320579351329,0.0369333824729678,0.0394491110506513,0.0388036301130796,0.0394491110506513,0.0344434125518329,0.0362926392739314,0.0394491110506513,0.0388189912445073,0.0388036301130796,0.039433353118233,0.039433353118233,0.0583700038643158,0.062910814747706,0.0616036244606706,0.0596492245781443,0.059629483034673,0.0583700038643158,0.0609513086473382,0.059019354604934,0.0642214314876431,0.0520657783659121,0.0635656936887377,0.0142654829851098,0.00472537480469985,0.0112787779798647,0.00412728538469912,0.0203383235208656,0.00294664379582899,0.0344434125518329,0.205432958682252,0.0251774495400716,0.0251961073352235,0.0257917002315752,0.0282787311561889,0.0276289658944255,0.0276194852928947,0.0264268771874468,0.023959512265485,0.0264067064591752,0.039433353118233,0.0375465584264133,0.039433353118233,0.039433353118233,0.039433353118233,0.039433353118233,0.0381896645409093,0.0388189912445073,0.0394181527056573,0.0388189912445073,0.0388036301130796,0.0557993877127431,0.0551538098309332,0.0545271969087589,0.0603205915137249,0.0609724820884665,0.0596695497550757,0.0596695497550757,0.053865149323783,0.0557993877127431,0.0564851464601254,0.059019354604934,0.0307079435565122,0.0190872958559222,0.0130621129698273,0.0160759858685859,0.0148682558127841,0.0369192057719651,0.0381896645409093,0.0356668569644604,0.032549639885246,0.0338191927454138,0.0338191927454138,0.0363207614407178,0.0356668569644604,0.0369055846043208,0.0288435980348331,0.035680248984938,0.0545459067958401,0.0506898465526706
"A_Alberta_001_2010",0.0228946863471665,0.0228897641729774,0.0222938617441986,0.0137668692617136,0.0155872596220416,0.014988707621146,0.0222804356556628,0.0241197770934086,0.0137668692617136,0.0137668692617136,0.0143729299419783,0.00237485829087562,0,0.0119609488709519,0.0131839359242869,0.00237485829087562,0,0.00118659196854368,0.0132315135621187,0.0229358303539396,0.00356718865098694,0.00356533504374658,0.0346871867605508,0.0322001658491792,0.0328156484493432,0.0290703125847643,0.0365522691018616,0.0346988898470816,0.0303251636519089,0.0296840180606879,0.0315966652543589,0.0365522691018616,0.0328156484493432,0.0372631321877142,0.039103007909187,0.0416493245629279,0.0384726938016232,0.0435482707169483,0.0441554355569799,0.0416493245629279,0.035933910366036,0.0353045836624379,0.0448116691073501,0.035933910366036,0.0569160956688098,0.0634153983743988,0.0633943338158013,0.0640754644768602,0.060128075553356,0.0653982165710722,0.0640754644768602,0.0633943338158013,0.0607838133522614,0.0634337964155829,0.0640754644768602,0.157109522450681,0.157821359680306,0.156977495468146,0.155555519645748,0.156331917317278,0.156331917317278,0.156331917317278,0.156331917317278,0.156331917317278,0.155555519645748,0.157109522450681,0.010756192131403,0.0162053842155823,0.0181118659595219,0.0180195790993328,0.0180304098904947,0.0149880981608917,0.00536142733634747,0.0125745880063609,0.00237485829087562,0.00535504714667901,0.0155963707419938,0.0260258985342154,0.0322001658491792,0.0223193074644821,0.0278360483681982,0.0303458828635077,0.0408773355951654,0.0297114133396055,0.0303251636519089,0.0278536658656734,0.0253819149656321,0.0377695569603142,0.0384726938016232,0.0410123818016337,0.0403615167809022,0.0403762494003053,0.0372209632904206,0.0371949450823909,0.0410123818016337,0.0403762494003053,0.0403615167809022,0.0403615167809022,0.0403615167809022,0.060128075553356,0.0647144665958895,0.0633943338158013,0.0627355721921809,0.0627155400950384,0.060128075553356,0.0627355721921809,0.0607838133522614,0.066038094106143,0.052496191433116,0.0653758423536977,0.0155872596220416,0.00595482585192191,0.0125699788846205,0.00297018482300434,0.0217035438398588,0.00416101672848659,0.0359583363568235,0.208869974948752,0.0266038831378884,0.0266210729728657,0.0272238460195487,0.0297324706920002,0.0290790570879291,0.0290703125847643,0.0278633096366966,0.0253738095733117,0.0278445785635811,0.0409972447750006,0.0390924805666667,0.0409972447750006,0.0409972447750006,0.0409972447750006,0.0409972447750006,0.0397409252995775,0.0403762494003053,0.0409826778359272,0.0403762494003053,0.0403615167809022,0.0575314805949214,0.0568795900201797,0.056246081364708,0.0620978745553961,0.0627562024977696,0.0614404122647416,0.0614404122647416,0.0568795900201797,0.0575314805949214,0.0582224321401857,0.0607838133522614,0.0328578069843647,0.0204557667441263,0.0143729299419783,0.0174143018498629,0.0161955322031437,0.0378266571057769,0.0397409252995775,0.0365640301721798,0.0340483015944963,0.0353282165506797,0.0353282165506797,0.037853474443714,0.0365640301721798,0.0378140994245601,0.0315543444310868,0.0372076709889381,0.056264205094068,0.0523706098181837
"A_Sao_Paulo_09_73_2011",0.0172506443004278,0.0172485682862153,0.016662826057594,0.00768250339395755,0.00946928313939007,0.00887823198117595,0.0166478714727534,0.0184555694758559,0.00768250339395755,0.00768250339395755,0.00827738746175187,0.010674386932695,0.0119609488709519,0,0.00715813461475236,0.0118652737195494,0.0119968233901975,0.0118616322010582,0.00718384644040103,0.017286640213091,0.0113707347503314,0.0118741475563404,0.0276105517872362,0.0251689363317006,0.0257744647491678,0.0221047235051449,0.029442759495983,0.0276194852928947,0.0227209510255972,0.0227085517389258,0.023959512265485,0.029442759495983,0.0257744647491678,0.0307441079384856,0.0319372502630464,0.0331833648946945,0.0300796926075276,0.0350418568830802,0.035641737194903,0.0331833648946945,0.02945173654262,0.0288344525135996,0.0362794104460878,0.02945173654262,0.050050051199858,0.0577214953427932,0.0577024343185781,0.0583700038643158,0.0557810013159393,0.0596695497550757,0.0583700038643158,0.0589994519071015,0.0564269962378406,0.0590357645105373,0.0583700038643158,0.150470576635392,0.151170873158688,0.150345148955874,0.148946185210713,0.149707799980974,0.149707799980974,0.149707799980974,0.149707799980974,0.149707799980974,0.148946185210713,0.150470576635392,0.00471935176530745,0.0100719602499278,0.0119824477889398,0.011259719302584,0.0118655573733166,0.00887721655123708,0.0124955550453707,0.00650231128403188,0.010674386932695,0.0124807016355619,0.00947423154754098,0.0203223918549618,0.0257828099508618,0.0148682558127841,0.0215014382259178,0.022735521446165,0.0343220745943921,0.0233392121754172,0.0239434455221305,0.021514519618389,0.0178744389846784,0.0312630729400667,0.0313188506147611,0.033806417934818,0.0331715305126813,0.033806417934818,0.0300901512218119,0.0306885955530591,0.033806417934818,0.0331833648946945,0.0331715305126813,0.0337941955993794,0.0337941955993794,0.0544915099500301,0.0589994519071015,0.0577024343185781,0.0570551850372553,0.0570371246675795,0.0544915099500301,0.0570551850372553,0.0551358399361042,0.0602998427571301,0.0469408135737393,0.0596492245781443,0.00946928313939007,0.0142823400503311,0.00531212006235829,0.0136634359527075,0.0154809689871988,0.0124700463816743,0.0294713392616369,0.202068774417909,0.0215077082960487,0.0203031019261084,0.0221174644691792,0.022132372259175,0.0227209510255972,0.0227144796782755,0.0203031019261084,0.0202964922194485,0.0215077082960487,0.032549639885246,0.0319285217929503,0.032549639885246,0.032549639885246,0.032549639885246,0.032549639885246,0.0325610872785921,0.0331833648946945,0.0325387446199435,0.0331833648946945,0.0319285217929503,0.0506579542349512,0.0500189765122052,0.0493956573190179,0.0577214953427932,0.0570738268584507,0.0557810013159393,0.0557810013159393,0.0500189765122052,0.0506579542349512,0.0513304616306949,0.0551358399361042,0.0269295880452316,0.0142534213482786,0.00946928313939007,0.0100662981356939,0.0100662981356939,0.0313081743188332,0.0325610872785921,0.0300697835928841,0.0269871597719187,0.0282360081823523,0.0282360081823523,0.0319511955539987,0.0300697835928841,0.0312980491942508,0.0257666652476439,0.0300796926075276,0.049411073477112,0.0455942610495764
"A_Alberta_012_2011",0.0198506322875664,0.0198464785193725,0.017426065314608,0.00895430345129862,0.0107626236863928,0.0101651981298591,0.0192390114161943,0.0210712188745425,0.00895430345129862,0.00895430345129862,0.00955635048370088,0.011986174542225,0.0131839359242869,0.00715813461475236,0,0.0131889185720233,0.0132235601223688,0.0131839359242869,0,0.0186751442585914,0.0119880303542449,0.0132005042222883,0.0297397061833882,0.0272681351980464,0.027880200714947,0.0229265998264078,0.0315935718623315,0.029750527085346,0.0241683112582837,0.0235361526598614,0.0254249367063667,0.0315935718623315,0.027880200714947,0.0322899379856843,0.0341237743662326,0.0353894838103549,0.0322428403224603,0.0372720130572283,0.0378766082732988,0.0353894838103549,0.0309786637680722,0.030353663686692,0.0385249998165292,0.0309786637680722,0.0511759204926799,0.0589338727599732,0.0589134254722105,0.0595900408331483,0.0569705194518873,0.0595900408331483,0.0595900408331483,0.060225762183596,0.057624114316198,0.0602632122692406,0.0595900408331483,0.151277108857567,0.151984190669947,0.151148772557435,0.149736275588863,0.15050609868166,0.15050609868166,0.15050609868166,0.15050609868166,0.15050609868166,0.149736275588863,0.151277108857567,0.00476299696580371,0.0101659646919602,0.0132474491795446,0.0131794942303894,0.0131873947062896,0.00895969148926819,0.0138323675932558,0.0017817385164748,0.0107747869115124,0.0138157487819404,0.00956246431694252,0.0217463903065497,0.0272681351980464,0.016227158952488,0.0229337427298231,0.0229496841264386,0.0358960696756532,0.0247955807476836,0.0254059356525551,0.0229496841264386,0.0192661568811707,0.0328056954489868,0.0309897068344305,0.0334991223904018,0.0328583652300251,0.0328705867953763,0.0310013094761971,0.0322310125755769,0.0334991223904018,0.0328705867953763,0.0328583652300251,0.0353756770293588,0.0353756770293588,0.0556658872700804,0.0589134254722105,0.0589134254722105,0.0582585465311787,0.0582391207764136,0.0556658872700804,0.0556475745406029,0.0563177778448221,0.060225762183596,0.0480361284290498,0.0595691632711158,0.0107626236863928,0.015638047136457,0.0065604824247332,0.0150076461528086,0.0168380325776492,0.0138023443565001,0.0310013094761971,0.204294807859596,0.022941437708224,0.021724674434382,0.0235587217372445,0.0223411973238395,0.0241683112582837,0.0241604067448858,0.0204939045821587,0.0217166378788419,0.022941437708224,0.0347451599218448,0.0328583652300251,0.0347451599218448,0.0347451599218448,0.0347451599218448,0.0347451599218448,0.0322428403224603,0.0328705867953763,0.0347323141219009,0.0328705867953763,0.0341154369166914,0.0505295079915273,0.0511422533963123,0.0505127998319032,0.0589338727599732,0.0569705194518873,0.0556658872700804,0.0556658872700804,0.0511422533963123,0.0517886658974649,0.0524712580047261,0.0563177778448221,0.027187834677377,0.0156008991730435,0.0107626236863928,0.0113668533671771,0.0113668533671771,0.0328583652300251,0.0322428403224603,0.0316044460775431,0.0291060024029912,0.0291263072789269,0.0291263072789269,0.0328833694148099,0.0316044460775431,0.0328467053503613,0.0278705451280846,0.0309897068344305,0.0505295079915273,0.0466684849445722
"A_Mato_Grosso_11689_2011",0.0239178414026905,0.0239128043213454,0.0227221318086156,0.0136555850586178,0.0154617279015748,0.014867792304785,0.0233077132000758,0.0251345520275834,0.0136555850586178,0.0136555850586178,0.0142569080414981,0.00235536808106441,0.00237485829087562,0.0118652737195494,0.0131889185720233,0,0.00238192922755853,0.00117673044326695,0.0132365324002328,0.0233646279871687,0.00356745491042002,0.00235536808106441,0.0344055793959679,0.0319395831587936,0.032549639885246,0.0288344525135996,0.0362546203847281,0.0344176370766611,0.0300796926075276,0.029442759495983,0.0313418542428503,0.0362546203847281,0.032549639885246,0.0375873480974569,0.0387843895104888,0.0413108994453983,0.0381602904070336,0.0431938002117411,0.0437951234120534,0.0413108994453983,0.0362667372762831,0.035641737194903,0.0444463600099901,0.0362667372762831,0.0564458002138957,0.0628889469895814,0.0628676662708173,0.0635433973447964,0.059629483034673,0.0648548735065317,0.0635433973447964,0.0628676662708173,0.0602796781848146,0.0629064757137123,0.0635433973447964,0.154939361983077,0.155643410218033,0.15480970030727,0.153403262464592,0.154170722323634,0.154170722323634,0.154170722323634,0.154170722323634,0.154170722323634,0.153403262464592,0.154939361983077,0.0106704043668509,0.0160759858685859,0.0180631439347744,0.0178744389846784,0.0178850959865913,0.0148682558127841,0.00531839831952914,0.0124751091671487,0.00235536808106441,0.00531212006235829,0.0154717561878017,0.0264323920191471,0.0319395831587936,0.0221406371678486,0.0282266948103689,0.0301011588171575,0.0405402708875558,0.0294713392616369,0.0300796926075276,0.0276289658944255,0.0251774495400716,0.0374601682301692,0.0381602904070336,0.0406791874220123,0.0400332334300558,0.0406791874220123,0.0369192057719651,0.0375190860837878,0.0406791874220123,0.0400482725118012,0.0400332334300558,0.0394035104249023,0.0394035104249023,0.059629483034673,0.0641765675418568,0.0628676662708173,0.0622144983137896,0.062194231618373,0.059629483034673,0.0622144983137896,0.0602796781848146,0.0654889042532423,0.0533143382533708,0.0648323053407621,0.0154617279015748,0.00590778089293673,0.0124700463816743,0.00412728538469912,0.0215426487144398,0.00412728538469912,0.0356668569644604,0.206927326423054,0.0263887154406714,0.0264067064591752,0.0270037216682713,0.0294931360127156,0.0288435980348331,0.0288344525135996,0.0276389929732561,0.0251689363317006,0.0276194852928947,0.0406637505375698,0.0387745795243668,0.0406637505375698,0.0406637505375698,0.0406637505375698,0.0406637505375698,0.0394181527056573,0.0400482725118012,0.0406488734012677,0.0400482725118012,0.0400332334300558,0.0570551850372553,0.0564087725361027,0.0557810013159393,0.0615826105182055,0.0622353521252707,0.0609307199434638,0.0609307199434638,0.0564087725361027,0.0570551850372553,0.057741137725942,0.0602796781848146,0.033219503611567,0.020290422241358,0.0142569080414981,0.0172744187087331,0.0160652282765924,0.038146438738236,0.0394181527056573,0.036892519585754,0.033771410824504,0.0350418568830802,0.0350418568830802,0.0375465584264133,0.036892519585754,0.0381331448235842,0.0312980491942508,0.0369055846043208,0.0557993877127431,0.051938364665788
"A_Alberta_002_2010",0.0229638713383343,0.0229589190250201,0.0223612356592664,0.0138081959273141,0.0156341261366996,0.0150337771080926,0.0223477283152018,0.0241927259434982,0.0138081959273141,0.0138081959273141,0.014416098737759,0.00238192922755853,0,0.0119968233901975,0.0132235601223688,0.00238192922755853,0,0.00119012244422986,0.0132315135621187,0.0230052670053013,0.00357782431634376,0.00357595964575095,0.0341629641868757,0.0316705590009333,0.0322875478272915,0.0291586264775393,0.036032271709391,0.0341743425191112,0.0304174255129035,0.029774221276264,0.0316929783015967,0.036032271709391,0.0322875478272915,0.0367432193327232,0.0385875516540723,0.041777324537788,0.038590570601742,0.0436823019667505,0.0442913156662207,0.041777324537788,0.0354123933399483,0.0347818762324342,0.0449497055274082,0.0354123933399483,0.0564388145375899,0.0629519637352319,0.0629312011934995,0.0636133394930401,0.059658144181829,0.0649387213161621,0.0636133394930401,0.0629312011934995,0.0603151744997634,0.0629704736309816,0.0636133394930401,0.157639894655997,0.158354296964068,0.157506923128544,0.156079830987875,0.156859254372521,0.156859254372521,0.156859254372521,0.156859254372521,0.156859254372521,0.156079830987875,0.157639894655997,0.0107884270065082,0.0162541661366269,0.0181667090303447,0.0180738635767902,0.0180847597468244,0.015033164308851,0.00537744452342272,0.0126123503887721,0.00238192922755853,0.00537102617796879,0.0156432925114657,0.0261049128310647,0.0322983054738493,0.0223868377366031,0.0279205414226599,0.0304382724988838,0.0410024567377451,0.0298017854624621,0.0304174255129035,0.0279382672905309,0.0254588550748815,0.0378849873808834,0.037955649881504,0.0405001846352396,0.0398484173678281,0.0398628359192393,0.0367011956544947,0.0366758178909027,0.0405001846352396,0.0398628359192393,0.0398484173678281,0.0398484173678281,0.0398484173678281,0.059658144181829,0.0642539532877116,0.0629312011934995,0.0622711350910381,0.0622514099587605,0.059658144181829,0.0622711350910381,0.0603151744997634,0.0655802140122771,0.052007879339699,0.0649166439082458,0.0156341261366996,0.00597260893189081,0.0126077134284623,0.0029790331181718,0.0217691724326067,0.00417342081499139,0.0360682841775798,0.208750672705813,0.0266845683832475,0.0267018637946125,0.0273064590106829,0.0298229725558626,0.0291674248618611,0.0291586264775393,0.0279479703585923,0.0254506999704741,0.0279291240973811,0.0411231153176283,0.038576960865772,0.0411231153176283,0.0411231153176283,0.0411231153176283,0.0411231153176283,0.0392262985958403,0.0398628359192393,0.0411084574414001,0.0398628359192393,0.0404853601291224,0.0570560988018202,0.0564029308447924,0.0557678339071555,0.0616318309551437,0.0622914616576751,0.0609730693315234,0.0609730693315234,0.0564029308447924,0.0570560988018202,0.0577477158086294,0.0603151744997634,0.0329600019636281,0.0205174930538499,0.014416098737759,0.0174667488358475,0.0162442543393142,0.0373087293678177,0.0392262985958403,0.0360437065551326,0.0335232223267453,0.0348048596266253,0.0348048596266253,0.0373349093007966,0.0360437065551326,0.0372964948860704,0.0316503960855392,0.03668822207991,0.0557856465805621,0.0518844564384697
"A_Goias_18078_2011",0.0227031678363921,0.0226983286030111,0.0227167413944355,0.0136524597374703,0.0154575158495201,0.01486393875861,0.0220941543628035,0.0239178414026905,0.0136524597374703,0.0136524597374703,0.0142534213482786,0.00235528116733446,0.00118659196854368,0.0118616322010582,0.0131839359242869,0.00117673044326695,0.00119012244422986,0,0.0132315135621187,0.0227436192790655,0.00356718865098694,0.00353591926017444,0.0343940759112021,0.0319285217929503,0.0325387446199435,0.0288258562715187,0.0362430603952152,0.0344055793959679,0.0300697835928841,0.0294343328254222,0.0313300774617031,0.0362430603952152,0.0325387446199435,0.0375743998607979,0.0387712439934192,0.0412950637527542,0.038146438738236,0.0431773237957546,0.0437793710463754,0.0412950637527542,0.0362546203847281,0.0356300106845121,0.0444296412637059,0.0362546203847281,0.0564269962378406,0.0628676662708173,0.0628469732254382,0.063521688600825,0.0596103257602204,0.0648323053407621,0.063521688600825,0.0628469732254382,0.0602600984312633,0.062885756458977,0.063521688600825,0.155643410218033,0.15634816305951,0.155513974911786,0.15410612999091,0.15487417929708,0.15487417929708,0.15487417929708,0.15487417929708,0.15487417929708,0.15410612999091,0.155643410218033,0.0106669507972495,0.0160703396946991,0.0180573530464414,0.0178693029870494,0.0178799538163787,0.0148633385050585,0.0053170826360729,0.0124700463816743,0.00235528116733446,0.00531080749062839,0.0154664748869993,0.0258071822188456,0.0319285217929503,0.022132372259175,0.0282179296241419,0.0300901512218119,0.0405310257827023,0.0294612633388294,0.0300697835928841,0.0276194852928947,0.0251689363317006,0.0374500633432829,0.038146438738236,0.0406637505375698,0.0400187535951238,0.0406637505375698,0.0369055846043208,0.0375061854937873,0.0406637505375698,0.0400332334300558,0.0400187535951238,0.0406488734012677,0.0406488734012677,0.0596103257602204,0.0641550184449638,0.0628469732254382,0.062194231618373,0.0621745526780422,0.0596103257602204,0.062194231618373,0.0602600984312633,0.0654664946066991,0.0520458568803091,0.0648103265335241,0.0154575158495201,0.00590559194212262,0.0124655138876742,0.00294568692177208,0.0215347472273971,0.00412667431432238,0.0356540194952615,0.20767568030855,0.0263805388668051,0.0263974381782266,0.0269951670941699,0.0294819636915843,0.0288344525135996,0.0288258562715187,0.0276289658944255,0.0251609677396833,0.0276105517872362,0.0406488734012677,0.0387608912965002,0.0406488734012677,0.0406488734012677,0.0406488734012677,0.0406488734012677,0.0394035104249023,0.0400332334300558,0.0406345566303681,0.0400332334300558,0.0400187535951238,0.0570371246675795,0.0563911297456783,0.0557631946542927,0.0615621825004572,0.0622144983137896,0.0609107166102492,0.0609107166102492,0.0563911297456783,0.0570371246675795,0.0577214953427932,0.0602600984312633,0.0332087179263228,0.020284892613597,0.0142534213482786,0.0172691120342303,0.0160606522314609,0.0381331448235842,0.0394035104249023,0.0368800113355544,0.0337608496292085,0.0350294097950456,0.0350294097950456,0.0375325439341176,0.0368800113355544,0.0381204092841001,0.0312884758648818,0.036892519585754,0.0557810013159393,0.0519224612666576
"A_Alberta_006_2011",0.0199225424965048,0.0199183582732993,0.0174891243701323,0.00898649109570289,0.0108013751209923,0.0102018001603932,0.0193086688773436,0.0211476151924029,0.00898649109570289,0.00898649109570289,0.00959072077648711,0.0120294325169892,0.0132315135621187,0.00718384644040103,0,0.0132365324002328,0.0132315135621187,0.0132315135621187,0,0.0187428982074938,0.0120313016406732,0.0132482021637084,0.0292222526146376,0.0267438263484472,0.0273577590972927,0.0230099056135159,0.031081447005544,0.029232761294563,0.0242562590283904,0.0236216962372273,0.0255176367069777,0.031081447005544,0.0273577590972927,0.031778317919456,0.033617717108055,0.0355195650748379,0.0323609948742072,0.037409211045183,0.0380160074595858,0.0355195650748379,0.0304646549648494,0.0298380884668156,0.0386669275094473,0.0304646549648494,0.0507171405957196,0.0584963494994925,0.0584761780305554,0.0591542443312524,0.0565278430198226,0.0591542443312524,0.0591542443312524,0.0597919682635834,0.0571831511083829,0.0598292647144807,0.0591542443312524,0.151888130434328,0.152598250350062,0.151758698589287,0.150340141581764,0.151113536940914,0.151113536940914,0.151113536940914,0.151113536940914,0.151113536940914,0.150340141581764,0.151888130434328,0.00478007267407736,0.0102025724395036,0.0132954871858639,0.0132270395976474,0.0132349971983329,0.00899191809499837,0.0138824647980343,0.00178811041160718,0.0108136264468032,0.0138657254561252,0.00959687884635503,0.0218255051815452,0.0273676567475249,0.0162858908062793,0.0230171010211568,0.0230331595453842,0.0360276205845719,0.0248858968779767,0.0254984956922213,0.0230331595453842,0.0193360130622111,0.0329257408912533,0.0304753861026674,0.032991114680351,0.0323490793059638,0.0323609948742072,0.0304866804470449,0.0317201484054284,0.032991114680351,0.0323609948742072,0.0323490793059638,0.0348727439695859,0.0348727439695859,0.055219797800297,0.0584761780305554,0.0584761780305554,0.0578195791180752,0.0578004353726132,0.055219797800297,0.0552017720911027,0.0558733926646078,0.0597919682635834,0.0475675629081917,0.05913364032121,0.0108013751209923,0.0156946902251163,0.00658404336217689,0.0150618999869593,0.0168990116679014,0.0138522236803094,0.0311148212331758,0.204306745365833,0.0230248525457899,0.0218036306555766,0.0236444313115639,0.0224224426157516,0.0242562590283904,0.0242482963394648,0.020568299576292,0.0217955351511127,0.0230248525457899,0.0348727439695859,0.0323490793059638,0.0348727439695859,0.0348727439695859,0.0348727439695859,0.0348727439695859,0.031731668170609,0.0323609948742072,0.0348598025168246,0.0323609948742072,0.0342406326338158,0.0500690523649962,0.0506840588252119,0.0500526371051166,0.0584963494994925,0.0565278430198226,0.055219797800297,0.055219797800297,0.0506840588252119,0.0513321470559353,0.0520158426245623,0.0558733926646078,0.0272890250285761,0.0156572717585626,0.0108013751209923,0.0114078033335969,0.0114078033335969,0.0323490793059638,0.031731668170609,0.0310920076192976,0.0285873060759645,0.0286069789850921,0.0286069789850921,0.0323734751388647,0.0310920076192976,0.0323377290734855,0.0279722519635954,0.0304753861026674,0.0500690523649962,0.0461980652881885
"A_Rondonia_3410_2011",0.0215077082960487,0.0215014382259178,0.0203152344277177,0.0112739073882155,0.0130767939569651,0.0124825247839917,0.0208986948224601,0.0227209510255972,0.0112739073882155,0.0112739073882155,0.0118741475563404,0.0221587859504301,0.0229358303539396,0.017286640213091,0.0186751442585914,0.0233646279871687,0.0230052670053013,0.0227436192790655,0.0187428982074938,0,0.02358625802813,0.0233842767600002,0.038146438738236,0.0356668569644604,0.0362794104460878,0.0312980491942508,0.0400048336252146,0.0381602904070336,0.032549639885246,0.0319080546306558,0.0338463973427368,0.0400048336252146,0.0362794104460878,0.0401213398676749,0.0412901410083978,0.0413272947767015,0.0388036301130796,0.0438457591205236,0.0444463600099901,0.0413272947767015,0.0400187535951238,0.0393894268915258,0.0450997745654497,0.0387608912965002,0.0609724820884665,0.0701093991801072,0.0700839416703556,0.0707729692841384,0.0681239564653609,0.0721027573020179,0.0707729692841384,0.0700839416703556,0.0687848950943188,0.0701274893682668,0.0707729692841384,0.149770976650477,0.150470576635392,0.14964531896224,0.148247746226394,0.149008781380929,0.149008781380929,0.149008781380929,0.149008781380929,0.149008781380929,0.148247746226394,0.149770976650477,0.0160821661844342,0.0191006520005447,0.0113992727676693,0.0118793786526817,0.0112854775229585,0.0178863223204813,0.023423017007938,0.0179081664537437,0.0221587859504301,0.0240091614854274,0.0184931185114607,0.0288917077322032,0.0344176370766611,0.0245818566437198,0.0319285217929503,0.0313300774617031,0.0443046286003938,0.0331833648946945,0.0337941955993794,0.0313300774617031,0.0276289658944255,0.0412118365732823,0.0419271750885242,0.0444636421641214,0.0438114392897522,0.0444636421641214,0.0406791874220123,0.0400187535951238,0.0444636421641214,0.0438283180633935,0.0438114392897522,0.0431773237957546,0.0431773237957546,0.0668046944862702,0.071411082462792,0.0700839416703556,0.0694216899179103,0.0693972652719037,0.0668046944862702,0.0694216899179103,0.0674638903628994,0.0727417552375491,0.0571757356130269,0.0720759761777928,0.0130767939569651,0.0258443063227251,0.0179003500061262,0.0245818566437198,0.0149097164048068,0.0239876792992582,0.0394181527056573,0.20956959660789,0.0313188506147611,0.0301011588171575,0.0319395831587936,0.0307211216988178,0.032549639885246,0.0325387446199435,0.0288635344228861,0.0300901512218119,0.0313188506147611,0.0413108994453983,0.0425440114881581,0.0413108994453983,0.0413108994453983,0.0413108994453983,0.0413108994453983,0.0431938002117411,0.0438283180633935,0.0412950637527542,0.0438283180633935,0.0406791874220123,0.0615826105182055,0.0609307199434638,0.0602998427571301,0.0714374212091653,0.0694467085595729,0.0694467085595729,0.0694467085595729,0.0609307199434638,0.0615826105182055,0.0622788185598425,0.0674638903628994,0.0307423754259574,0.0166809466199425,0.0130767939569651,0.0215218715728276,0.00948561369064289,0.0406488734012677,0.0431938002117411,0.0406488734012677,0.0375061854937873,0.0387888260020592,0.0387888260020592,0.0425767229062881,0.0406488734012677,0.0418963869530665,0.0362667372762831,0.0406637505375698,0.0603205915137249,0.0564269962378406
"A_Alberta_013_2011",0.0235238746646298,0.0235185680192009,0.0223180803512869,0.0137820223339419,0.0156057325624636,0.0150060921557538,0.0229084899715635,0.0247508545332818,0.0137820223339419,0.0137820223339419,0.0143891869501428,0.00237697668201221,0.00356718865098694,0.0113707347503314,0.0119880303542449,0.00356745491042002,0.00357782431634376,0.00356718865098694,0.0120313016406732,0.02358625802813,0,0.0035695830911992,0.0334991223904018,0.0310134710626251,0.0316278759742309,0.027880200714947,0.0353624339280448,0.0335123003153453,0.0303643158836042,0.028492822744187,0.031640430392422,0.0353624339280448,0.0316278759742309,0.0360730581773422,0.0379140641530714,0.0404656695423639,0.0372870192946307,0.0423643549743111,0.0429689501903815,0.0404656695423639,0.0347451599218448,0.0341154369166914,0.0436270849036501,0.0347451599218448,0.0557243599160952,0.0622233583089945,0.0622007482932531,0.0628838603865512,0.0589338727599732,0.0642074878968047,0.0628838603865512,0.0622007482932531,0.0595900408331483,0.0622394994271523,0.0628838603865512,0.155015767857303,0.155726074937496,0.154884302765169,0.153465379018179,0.154239972511593,0.154239972511593,0.154239972511593,0.154239972511593,0.154239972511593,0.153465379018179,0.155015767857303,0.0107701943727443,0.016227158952488,0.0181350263626372,0.0180414165260007,0.018052273692174,0.0150076461528086,0.00536783654303182,0.0125929707332043,0.00118720812537958,0.00536144108272683,0.0156170307498734,0.0266833486174542,0.0322428403224603,0.0223501634554355,0.0266466310782478,0.0303872969043922,0.0409217129125165,0.029750527085346,0.0303643158836042,0.0278904128141486,0.0254151595134576,0.0378137452310716,0.0372870192946307,0.0398283208263636,0.0391755686559105,0.0391917835029646,0.0360359649789674,0.0360069902445434,0.0398283208263636,0.0391917835029646,0.0391755686559105,0.0391755686559105,0.0391755686559105,0.0589338727599732,0.0635217530246724,0.0622007482932531,0.061541552416624,0.0615199724430584,0.0589338727599732,0.060225762183596,0.0595900408331483,0.0648462571104609,0.0525698382480214,0.0641835664899267,0.0156057325624636,0.00596336384538562,0.0125872769298542,0.0053582353422392,0.0217332602309712,0.00416526826341688,0.0360069902445434,0.207505488060844,0.0266371919952162,0.0266566250798705,0.0272583100875118,0.0297738421590849,0.0291158757843105,0.0291060024029912,0.027901180794004,0.0254059356525551,0.027880200714947,0.0398117010572388,0.0379057267035302,0.0398117010572388,0.0398117010572388,0.0398117010572388,0.0398117010572388,0.0385560555088662,0.0391917835029646,0.0397956485308655,0.0391917835029646,0.0391755686559105,0.0563371053208802,0.0556847895075478,0.0550523900296888,0.0609049659828427,0.061563727606463,0.0602470711510828,0.0602470711510828,0.0556847895075478,0.0563371053208802,0.0570315502031306,0.0595900408331483,0.0322601479514569,0.0204798942750396,0.0143891869501428,0.0174361189873042,0.0162151171595284,0.0366391015803134,0.0385560555088662,0.0353756770293588,0.0328583652300251,0.0341420233204988,0.0341420233204988,0.0366688764558823,0.0353756770293588,0.0366250608616419,0.0291158757843105,0.0360211958337409,0.0550720441027627,0.0511759204926799
"A_Distrito_Federal_86727_2010",0.0239295535667017,0.0239234246958701,0.022734546085308,0.0136634359527075,0.0154717561878017,0.0148771041794989,0.0233186799415405,0.0251466668962051,0.0136634359527075,0.0136634359527075,0.0142654829851098,0.0023571051313632,0.00356533504374658,0.0118741475563404,0.0132005042222883,0.00235536808106441,0.00357595964575095,0.00353591926017444,0.0132482021637084,0.0233842767600002,0.0035695830911992,0,0.0344302483338956,0.0319633583626487,0.032573086181434,0.0288532922113727,0.0362794104460878,0.0344434125518329,0.0301011588171575,0.0294612633388294,0.0313670551580553,0.0362794104460878,0.032573086181434,0.0376149218646339,0.0388123585831756,0.0413442491375417,0.0381896645409093,0.0432284377515709,0.0438283180633935,0.0413442491375417,0.0362926392739314,0.0356668569644604,0.0444814871146219,0.0362926392739314,0.0564851464601254,0.0629332689150574,0.062910814747706,0.0635885770036176,0.0596695497550757,0.0649017753947272,0.0635885770036176,0.062910814747706,0.0603205915137249,0.0629496788206607,0.0635885770036176,0.155071836100973,0.155775663955416,0.154939361983077,0.153533373348734,0.154302013008177,0.154302013008177,0.154302013008177,0.154302013008177,0.154302013008177,0.153533373348734,0.155071836100973,0.0106788978839127,0.0160888800317896,0.0180763684384969,0.0178863223204813,0.0178969935979541,0.0148796895996488,0.00532260467894583,0.0124868231816923,0.0023571051313632,0.00531631647777729,0.015483919280433,0.0264536765321692,0.0319633583626487,0.0221587859504301,0.0282458691188897,0.0301248184942243,0.0405604587019724,0.0294931360127156,0.0301011588171575,0.0276495659142962,0.0251961073352235,0.0374820585861752,0.0381896645409093,0.0407117379842483,0.0400638702257471,0.0407117379842483,0.0369481140951661,0.0375465584264133,0.0407117379842483,0.0400800259608624,0.0400638702257471,0.039433353118233,0.039433353118233,0.0596695497550757,0.0642214314876431,0.062910814747706,0.0622567924176983,0.0622353521252707,0.0596695497550757,0.0622567924176983,0.0603205915137249,0.0655354926907778,0.0520657783659121,0.0648780304001234,0.0154717561878017,0.00591372949362306,0.0124807016355619,0.00531212006235829,0.0215600712271036,0.00294664379582899,0.0356941949426841,0.203748037121476,0.0264067064591752,0.0264268771874468,0.0270224700837985,0.029517121882138,0.0288635344228861,0.0288532922113727,0.0276606841059248,0.0251865067462683,0.0276389929732561,0.0406951834409315,0.0388036301130796,0.0406951834409315,0.0406951834409315,0.0406951834409315,0.0406951834409315,0.0394491110506513,0.0400800259608624,0.0406791874220123,0.0400800259608624,0.0400638702257471,0.0570930494952186,0.0564458002138957,0.0558183532104952,0.0616252236955317,0.0622788185598425,0.0609724820884665,0.0609724820884665,0.0564458002138957,0.0570930494952186,0.0577821640486487,0.0603205915137249,0.0332428032316375,0.0203031019261084,0.0142654829851098,0.017286640213091,0.0160759858685859,0.0381746992125441,0.0394491110506513,0.0369192057719651,0.0337941955993794,0.0350684126332132,0.0350684126332132,0.0375762548812969,0.0369192057719651,0.0381602904070336,0.0313188506147611,0.0369333824729678,0.0558378971788026,0.0519718985371394
"A_Connecticut_34_2016",0.0386807572400195,0.0399231227476092,0.0362649730816471,0.0312884758648818,0.0331495201970687,0.0325480131986878,0.0393065395494904,0.041177828550322,0.0312884758648818,0.0312884758648818,0.0319080546306558,0.0331833648946945,0.0346871867605508,0.0276105517872362,0.0297397061833882,0.0344055793959679,0.0341629641868757,0.0343940759112021,0.0292222526146376,0.038146438738236,0.0334991223904018,0.0344302483338956,0,0.0034632131785879,0.00404150006508974,0.0157509675662078,0.00636245056858149,0.00346446576390225,0.027018422444777,0.0163369510414795,0.0282420099963494,0.00636245056858149,0.00172935702439859,0.0163535230884148,0.00889279662294499,0.033075431706379,0.0300377552913604,0.0356540194952615,0.0354825356814994,0.033075431706379,0.0160759858685859,0.015147245465762,0.0369192057719651,0.0157386115902867,0.0278996135604617,0.0360941565528716,0.0360827167065952,0.0367065265008195,0.0350061802854345,0.0379335209816028,0.0367065265008195,0.0360827167065952,0.0348716620563383,0.0361040796172854,0.0367065265008195,0.163517908319948,0.16422111261824,0.163379421295058,0.161974697218353,0.162745707394261,0.162745707394261,0.162745707394261,0.162745707394261,0.162745707394261,0.161974697218353,0.163517908319948,0.0264325990952836,0.0246454988925266,0.0360116822971642,0.0342615338537236,0.034892291011831,0.0246454988925266,0.0337497969214326,0.028251818415962,0.0324777489760317,0.0343211122362541,0.0252464605033349,0.0233611292912102,0.0142705699997241,0.0190872958559222,0.00947749827020053,0.0282360081823523,0.0226902866906018,0.0106704043668509,0.0112657532640288,0.00888012663402916,0.0221108228229826,0.0202799039613701,0.00888012663402916,0.0112739073882155,0.0106704043668509,0.0124751091671487,0.0106704043668509,0.017286640213091,0.0112739073882155,0.010674386932695,0.0106704043668509,0.0203261632512821,0.0203261632512821,0.0337608496292085,0.0373074570617652,0.0368680604765955,0.0362430603952152,0.0354609375206837,0.0337608496292085,0.0366947118870396,0.0343831272453109,0.0385580722733815,0.0288635344228861,0.0379209540712496,0.0331495201970687,0.035680248984938,0.0263887154406714,0.0362667372762831,0.0394274212844016,0.0350418568830802,0.0209196353400727,0.209738940949926,0.0124700463816743,0.0100719602499278,0.0130713693645545,0.0263974381782266,0.0112657532640288,0.0112624709550038,0.0245558154700784,0.0112739073882155,0.0136634359527075,0.033160248739742,0.0100719602499278,0.033160248739742,0.033160248739742,0.033160248739742,0.033160248739742,0.0112739073882155,0.010674386932695,0.0331495201970687,0.010674386932695,0.0325387446199435,0.0300516168544428,0.0282020463113414,0.0275943285553199,0.0381331448235842,0.0362546203847281,0.0375061854937873,0.0375061854937873,0.0282020463113414,0.0288178099359647,0.02945173654262,0.0343831272453109,0.0466986746027501,0.0368566676353488,0.033043506454783,0.0239362273845134,0.0330536175632292,0.0175169181477103,0.0104512584011975,0.015147245465762,0.0122008609821866,0.00752988630791379,0.00752988630791379,0.00986907186096415,0.015147245465762,0.0163249172240438,0.0163369510414795,0.00811070409794609,0.0273233972615135,0.0239234246958701
"A_New_Hampshire_21_2016",0.0362024020595822,0.037440519502712,0.0350165329823534,0.0288344525135996,0.0306885955530591,0.0300878822630372,0.0368258435368637,0.0386905201537543,0.0288344525135996,0.0288344525135996,0.02945173654262,0.0307211216988178,0.0322001658491792,0.0251689363317006,0.0272681351980464,0.0319395831587936,0.0316705590009333,0.0319285217929503,0.0267438263484472,0.0356668569644604,0.0310134710626251,0.0319633583626487,0.0034632131785879,0,0.000575953975441079,0.0133984982807765,0.00636245056858149,0.00346446576390225,0.024629712526534,0.0139827621934384,0.0258481452931513,0.00636245056858149,0.00172935702439859,0.013995926675362,0.00948311566936501,0.0306647888131108,0.0276381451886495,0.0331833648946945,0.0330642595089699,0.0306647888131108,0.0136734163969568,0.0127976217085128,0.0356668569644604,0.0133868969682349,0.0278996135604617,0.0360941565528716,0.0360827167065952,0.0367065265008195,0.0350061802854345,0.0367065265008195,0.0367065265008195,0.0360827167065952,0.0348716620563383,0.0361040796172854,0.0367065265008195,0.161342585630014,0.162043798115502,0.161204874125557,0.159804122877774,0.160572762537217,0.160572762537217,0.160572762537217,0.160572762537217,0.160572762537217,0.159804122877774,0.161342585630014,0.0240452587244017,0.0222638451587629,0.0335152599743346,0.0318477138966491,0.0324747851132578,0.0222638451587629,0.0313331552676259,0.0258575441055241,0.0300689009730719,0.0319051545547533,0.0228626476255423,0.0209321480280924,0.0118741475563404,0.0166749346897687,0.00709754944956927,0.0257917002315752,0.0202681901618847,0.00828654882224453,0.00888012663402916,0.00650231128403188,0.0196885894090035,0.017864704930582,0.00888012663402916,0.0112739073882155,0.0106704043668509,0.0124751091671487,0.0106704043668509,0.0148796895996488,0.0112739073882155,0.010674386932695,0.0106704043668509,0.0179081664537437,0.0179081664537437,0.0337608496292085,0.0373074570617652,0.0368680604765955,0.0362430603952152,0.0354609375206837,0.0337608496292085,0.0366947118870396,0.0343831272453109,0.0385580722733815,0.0288635344228861,0.0379209540712496,0.0306885955530591,0.0332086890188747,0.0239512073558616,0.0337941955993794,0.0369415721284774,0.032573086181434,0.0185002330418967,0.208270213535193,0.0100797366378584,0.00769024582968294,0.0106788978839127,0.023959512265485,0.00888012663402916,0.00887721655123708,0.0221246478210037,0.0088875274949277,0.0112695656129053,0.0306988877331008,0.0100719602499278,0.0306988877331008,0.0306988877331008,0.0306988877331008,0.0306988877331008,0.0112739073882155,0.010674386932695,0.0306885955530591,0.010674386932695,0.0300796926075276,0.0300516168544428,0.0282020463113414,0.0275943285553199,0.0381331448235842,0.0362546203847281,0.0375061854937873,0.0375061854937873,0.0282020463113414,0.0288178099359647,0.02945173654262,0.0343831272453109,0.044167070865629,0.0343831272453109,0.0306341210678435,0.0215077082960487,0.030643815971625,0.0151589011855995,0.0104512584011975,0.0127976217085128,0.0104474411183469,0.00752988630791379,0.00752988630791379,0.00986907186096415,0.0127976217085128,0.0139714824071884,0.0139827621934384,0.00811070409794609,0.0273233972615135,0.0239234246958701
"A_Michigan_107_2016",0.0368166891036344,0.0380557571586392,0.035629737304644,0.029442759495983,0.0312980491942508,0.0306973240231551,0.037440519502712,0.0393065395494904,0.029442759495983,0.029442759495983,0.0300604247999793,0.0313300774617031,0.0328156484493432,0.0257744647491678,0.027880200714947,0.032549639885246,0.0322875478272915,0.0325387446199435,0.0273577590972927,0.0362794104460878,0.0316278759742309,0.032573086181434,0.00404150006508974,0.000575953975441079,0,0.0139827621934384,0.00694275387205874,0.00404258751919713,0.0252224826188245,0.0145675350610747,0.0264413155324859,0.00694275387205874,0.00230647466382258,0.0145820511042006,0.0100779312562539,0.03065403874751,0.028232726509616,0.0337941955993794,0.0336626310368178,0.03065403874751,0.0142705699997241,0.0133818596973506,0.0362794104460878,0.0139714824071884,0.0285005971701284,0.0366947118870396,0.0366834320172169,0.0373074570617652,0.0356188405887961,0.0373074570617652,0.0373074570617652,0.0366834320172169,0.0354714696867047,0.0367051561269891,0.0373074570617652,0.162043798115502,0.162745707394261,0.161906293668869,0.160504151017472,0.161273381938424,0.161273381938424,0.161273381938424,0.161273381938424,0.161273381938424,0.160504151017472,0.162043798115502,0.0246373448443863,0.0228545320754182,0.0341326711096894,0.0324453449821271,0.033073143897958,0.0228545320754182,0.0319303380976999,0.0264505550045765,0.0306647888131108,0.0325019957986583,0.0234536933214726,0.0215347472273971,0.0124700463816743,0.0172744187087331,0.00769024582968294,0.0263974381782266,0.0208714324134609,0.00888012663402916,0.00947423154754098,0.00709465314460642,0.020290422241358,0.0184656061916429,0.00947423154754098,0.0118694457088573,0.0112657532640288,0.0130713693645545,0.0112657532640288,0.0154775711893647,0.0118694457088573,0.0112695656129053,0.0112657532640288,0.0185078834952102,0.0185078834952102,0.0343727340248163,0.037908922826787,0.0374820585861752,0.0368566676353488,0.0360614404619774,0.0343727340248163,0.0372958019651649,0.0349953991115145,0.0391606552303027,0.0294713392616369,0.0385227964459483,0.0312980491942508,0.0338191927454138,0.0245558154700784,0.0344055793959679,0.0375552868965093,0.0331833648946945,0.0191006520005447,0.20900420115744,0.010674386932695,0.00828346785200808,0.0112739073882155,0.0245639525305872,0.00947423154754098,0.00947149296536291,0.0227279651555267,0.00948129252093516,0.0118652737195494,0.0313081743188332,0.0106669507972495,0.0313081743188332,0.0313081743188332,0.0313081743188332,0.0313081743188332,0.0118694457088573,0.0112695656129053,0.0312980491942508,0.0112695656129053,0.0306885955530591,0.0306610256894459,0.0288103141378528,0.0282020463113414,0.0387477619385483,0.0368680604765955,0.0381204092841001,0.0381204092841001,0.0288103141378528,0.0294264571609853,0.0300604247999793,0.0349953991115145,0.0447915585060513,0.0349953991115145,0.0312310153020638,0.0221108228229826,0.0312405492804482,0.0157445339105637,0.0110339514495285,0.0133818596973506,0.0110302974556552,0.00811070409794609,0.00811070409794609,0.0104512584011975,0.0133818596973506,0.0145565779428464,0.0145675350610747,0.00869202679331536,0.0279247326625371,0.0245287150278517
"A_New_Mexico_48_2016",0.0343291217835775,0.035563540160805,0.0337444870488343,0.0257527058471717,0.0263658267087938,0.0269958882420147,0.03494985432761,0.0368080958749385,0.0257527058471717,0.0257527058471717,0.0263658267087938,0.0276194852928947,0.0290703125847643,0.0221047235051449,0.0229265998264078,0.0288344525135996,0.0291586264775393,0.0288258562715187,0.0230099056135159,0.0312980491942508,0.027880200714947,0.0288532922113727,0.0157509675662078,0.0133984982807765,0.0139827621934384,0,0.0175169181477103,0.0157579119870219,0.0240374647484343,0.000575953975441079,0.0240374647484343,0.0175169181477103,0.0139827621934384,0.0181428970147203,0.0185112812930443,0.0324777489760317,0.0294419169417568,0.0337941955993794,0.0348828878962958,0.0324777489760317,0.0154775711893647,0.0157445339105637,0.0350294097950456,0.0163369510414795,0.0383197756339135,0.0478048727305678,0.0477877833422474,0.0484306550400387,0.0456677384111167,0.0496845741925206,0.0484306550400387,0.0477877833422474,0.0465556528427684,0.0478163630189647,0.0484306550400387,0.162043798115502,0.162745707394261,0.161906293668869,0.160504151017472,0.161273381938424,0.161273381938424,0.161273381938424,0.161273381938424,0.161273381938424,0.160504151017472,0.162043798115502,0.02224213068307,0.0216583592561083,0.0291232365959893,0.0288111678685818,0.0306430054568316,0.0216583592561083,0.0294972432721134,0.0228469358021019,0.0282420099963494,0.0300689009730719,0.0222560879584951,0.0215347472273971,0.0136734163969568,0.0172744187087331,0.00828654882224453,0.0227209510255972,0.0220857620935241,0.0112739073882155,0.0118694457088573,0.00948129252093516,0.017864704930582,0.0196777279973961,0.0178930684256957,0.0203261632512821,0.0197089245816467,0.0203261632512821,0.0197089245816467,0.0166874931348823,0.0203261632512821,0.0197167786542175,0.0197089245816467,0.0197251695499009,0.0197251695499009,0.0443978964587364,0.0477877833422474,0.0475615218889289,0.0469241731729286,0.0471470191741023,0.0443978964587364,0.0484131742930736,0.0450324143103888,0.0490687118264693,0.0382051857818323,0.0484131742930736,0.0275943285553199,0.0313300774617031,0.0208927954240419,0.029442759495983,0.032558368355342,0.0294612633388294,0.0203179380552354,0.209835456544247,0.00947749827020053,0.00947749827020053,0.0100755844659157,0.0221174644691792,0.0106704043668509,0.0106669507972495,0.020290422241358,0.00828654882224453,0.0106669507972495,0.0313081743188332,0.0203179380552354,0.0313081743188332,0.0313081743188332,0.0313081743188332,0.0313081743188332,0.0191081358523416,0.0197167786542175,0.0312980491942508,0.0197167786542175,0.0306885955530591,0.0406208008457446,0.038735192074205,0.0381204092841001,0.0488565247295173,0.0456677384111167,0.0469408135737393,0.0469408135737393,0.038735192074205,0.039362938547121,0.0400187535951238,0.0450324143103888,0.0435136025387792,0.0325093778309681,0.0288111678685818,0.0196777279973961,0.0288192370425542,0.0181184256101559,0.020494890024136,0.0169300709212327,0.0145618012478961,0.0175238952190607,0.0175238952190607,0.0211017280167669,0.0169300709212327,0.0181110952823996,0.0163306779708951,0.0193015720352706,0.0377446172203372,0.0343831272453109
"A_Washington_82_2016",0.0405402708875558,0.0417857315854152,0.0381196747920523,0.0331297253050854,0.0349953991115145,0.0343934799422299,0.041167623542004,0.0430435938840388,0.0331297253050854,0.0331297253050854,0.033750843397381,0.0350294097950456,0.0365522691018616,0.029442759495983,0.0315935718623315,0.0362546203847281,0.036032271709391,0.0362430603952152,0.031081447005544,0.0400048336252146,0.0353624339280448,0.0362794104460878,0.00636245056858149,0.00636245056858149,0.00694275387205874,0.0175169181477103,0,0.00636438461467599,0.0300196276713512,0.0181042785325409,0.0312506121626042,0.00115273826274943,0.00462121027495719,0.0169362739350337,0.00769206897811269,0.0361061300966307,0.0330536175632292,0.0387608912965002,0.0385227964459483,0.0361061300966307,0.0178801123018816,0.0169117357571651,0.0387745795243668,0.017504504054216,0.030934740945082,0.037908922826787,0.037897427837038,0.0385227964459483,0.0368566676353488,0.0397528093663794,0.0385227964459483,0.037897427837038,0.0366834320172169,0.0379198894732754,0.0385227964459483,0.165841692518221,0.166546698206106,0.165699611073309,0.164291303679097,0.165065897172512,0.165065897172512,0.165065897172512,0.165065897172512,0.165065897172512,0.164291303679097,0.165841692518221,0.028223968538143,0.0264325990952836,0.0378834391871664,0.0360718111458449,0.0367051561269891,0.0264325990952836,0.0355610478095407,0.0300476105349054,0.0342837723086492,0.0361316759409174,0.0270350088067088,0.0264132873889565,0.0148633385050585,0.0221174644691792,0.0112657532640288,0.0300697835928841,0.0245103613401631,0.0136634359527075,0.0130582823930087,0.0106669507972495,0.0251535443860218,0.0220941543628035,0.0118652737195494,0.0142705699997241,0.0136634359527075,0.0154775711893647,0.0112695656129053,0.0190937051306873,0.0142705699997241,0.0136681602882989,0.0136634359527075,0.0221406371678486,0.0221406371678486,0.0356082275360553,0.039125175538026,0.0387231823307832,0.0393505349852313,0.0384995905557796,0.0356082275360553,0.0385109248465223,0.0362320579351329,0.0403799190360003,0.0319395831587936,0.0397401817656259,0.033750843397381,0.0375325439341176,0.0282179296241419,0.0381204092841001,0.0412901410083978,0.036892519585754,0.022735521446165,0.211404221423508,0.0142654829851098,0.0118616322010582,0.0148682558127841,0.0294612633388294,0.0130582823930087,0.0130549843858008,0.0276105517872362,0.0130664754984825,0.0154617279015748,0.0362546203847281,0.0118694457088573,0.0362546203847281,0.0362546203847281,0.0362546203847281,0.0362546203847281,0.0142705699997241,0.0130664754984825,0.0362430603952152,0.0130664754984825,0.0356300106845121,0.0331297253050854,0.030652940054755,0.0306610256894459,0.0399914741421466,0.0381082327444082,0.039362938547121,0.039362938547121,0.0312709871050192,0.0318897990651941,0.0325284021047731,0.0374820585861752,0.0485952696025672,0.0387117333392285,0.034850809318069,0.0257594120709306,0.0348609690003573,0.0192870371364641,0.0133818596973506,0.0169117357571651,0.0145476651591922,0.0092832487125188,0.0092832487125188,0.0116306708646226,0.0169117357571651,0.0180921880632288,0.0192940470891735,0.00986509186278579,0.0303592290649531,0.0269727893922377
"A_West_Virginia_06_2016",0.0386905201537543,0.0399331060475241,0.0362765472624051,0.0312980491942508,0.033160248739742,0.032558368355342,0.0393166943119872,0.0411885994881031,0.0312980491942508,0.0312980491942508,0.0319180120759111,0.0331957512681322,0.0346988898470816,0.0276194852928947,0.029750527085346,0.0344176370766611,0.0341743425191112,0.0344055793959679,0.029232761294563,0.0381602904070336,0.0335123003153453,0.0344434125518329,0.00346446576390225,0.00346446576390225,0.00404258751919713,0.0157579119870219,0.00636438461467599,0,0.027026453306924,0.0163437358632587,0.028251818415962,0.00636438461467599,0.00173010553244787,0.0163593041602597,0.00948691443253376,0.0330871335730964,0.0300476105349054,0.0356668569644604,0.0354941349161864,0.0330871335730964,0.0160821661844342,0.0151528178651735,0.0369333824729678,0.0157445339105637,0.0279081798312988,0.0361061300966307,0.0360941565528716,0.0367188752713563,0.0350175173884838,0.0379466229723444,0.0367188752713563,0.0360941565528716,0.0348828878962958,0.0361155332121659,0.0367188752713563,0.161273381938424,0.161974697218353,0.161137062747917,0.159736101711302,0.160504151017472,0.160504151017472,0.160504151017472,0.160504151017472,0.160504151017472,0.159736101711302,0.161273381938424,0.0264413155324859,0.0246541740902416,0.0360242244375413,0.0342723872099484,0.0349035303227986,0.0246541740902416,0.0337629607968479,0.0282621511892866,0.0324896083568855,0.0343346184978063,0.0252554970731219,0.0233696116718783,0.0142761892246311,0.0190937051306873,0.00948129252093516,0.0282458691188897,0.0226940346746262,0.010674386932695,0.0112695656129053,0.00888356381854835,0.0221174644691792,0.020284892613597,0.00888356381854835,0.0112787779798647,0.010674386932695,0.0124807016355619,0.010674386932695,0.0172935538151469,0.0112787779798647,0.0106788978839127,0.010674386932695,0.0203349257230315,0.0203349257230315,0.033771410824504,0.0373196473624417,0.0368800113355544,0.0362546203847281,0.0354714696867047,0.033771410824504,0.0367065265008195,0.0343940759112021,0.0385710323154795,0.0288743240525407,0.0379335209816028,0.033160248739742,0.0356941949426841,0.0263974381782266,0.0362794104460878,0.039442081588329,0.0350548580341116,0.0209276942283659,0.209835456544247,0.0124751091671487,0.0100755844659157,0.0130767939569651,0.0264067064591752,0.0112695656129053,0.0112657532640288,0.0245639525305872,0.0112787779798647,0.0136681602882989,0.0331715305126813,0.0100755844659157,0.0331715305126813,0.0331715305126813,0.0331715305126813,0.0331715305126813,0.0112787779798647,0.0106788978839127,0.033160248739742,0.0106788978839127,0.032549639885246,0.0300604247999793,0.0282097132483862,0.0276021659995187,0.038146438738236,0.0362667372762831,0.0375190860837878,0.0375190860837878,0.0282097132483862,0.0288258562715187,0.0294612633388294,0.0343940759112021,0.0454317634590736,0.0368680604765955,0.0330536175632292,0.0239434455221305,0.0330642595089699,0.0175238952190607,0.0104555821921459,0.0151528178651735,0.0127929314784977,0.00753300308986727,0.00753300308986727,0.00987355739311863,0.0151528178651735,0.0163306779708951,0.0163437358632587,0.00811365753593267,0.0273316125741295,0.0239295535667017
"A_California_140_2016",0.0349578463454486,0.0361936360635108,0.0331406220209334,0.0257594120709306,0.0276021659995187,0.0263887285223148,0.035579736972884,0.0361936360635108,0.0257594120709306,0.0257594120709306,0.026372909080415,0.0288635344228861,0.0303251636519089,0.0227209510255972,0.0241683112582837,0.0300796926075276,0.0304174255129035,0.0300697835928841,0.0242562590283904,0.032549639885246,0.0303643158836042,0.0301011588171575,0.027018422444777,0.024629712526534,0.0252224826188245,0.0240374647484343,0.0300196276713512,0.027026453306924,0,0.024629712526534,0.0151528178651735,0.0300196276713512,0.0252224826188245,0.0312959038945523,0.0319272806546553,0.0234621680810629,0.0204717285448554,0.0251865067462683,0.0258392685000836,0.0234621680810629,0.0300604247999793,0.0294234667233383,0.0276389929732561,0.030028427474695,0.0469415888081714,0.0564539006055308,0.0564362308293867,0.0570872129131273,0.0551184492393569,0.0583562491273628,0.0570872129131273,0.0564362308293867,0.0551896774288515,0.0564701599935536,0.0570872129131273,0.164151622220745,0.164855630725358,0.164014745652226,0.16260841111915,0.163379421295058,0.163379421295058,0.163379421295058,0.163379421295058,0.163379421295058,0.16260841111915,0.164151622220745,0.0228469358021019,0.0228626476255423,0.0303804534675369,0.0294234667233383,0.0300461221718277,0.0216657589630479,0.0301158692129352,0.0234536933214726,0.0288567791673187,0.0306878685000626,0.0222638451587629,0.010081559786288,0.0270037216682713,0.0118652737195494,0.0221047235051449,0.022132372259175,0.0343155873375391,0.0221108228229826,0.0239362273845134,0.0215077082960487,0.00828091355867553,0.0306384290724176,0.02945173654262,0.0319285217929503,0.0312980491942508,0.0319285217929503,0.0282266948103689,0.0312980491942508,0.0319285217929503,0.0313081743188332,0.0312980491942508,0.0344055793959679,0.0344055793959679,0.0538314472417704,0.0577028559526035,0.0570371246675795,0.0563911297456783,0.0557874063447947,0.0538314472417704,0.0570691423063017,0.0544745341471425,0.059008236509484,0.0462876358495296,0.058337373804256,0.0276021659995187,0.0313418542428503,0.0233392121754172,0.0306885955530591,0.0338146075903277,0.0307097299875858,0.0276105517872362,0.210189608759951,0.0215014382259178,0.0202964922194485,0.0221108228229826,0.0203102507430081,0.0227144796782755,0.0227085517389258,0.0184865405144863,0.020290422241358,0.0221108228229826,0.022735521446165,0.0288258562715187,0.022735521446165,0.022735521446165,0.022735521446165,0.022735521446165,0.0319285217929503,0.0313081743188332,0.0227279651555267,0.0313081743188332,0.0221246478210037,0.0493665451578573,0.0480934699952347,0.0462021640846696,0.0583505225493015,0.0564087725361027,0.0564087725361027,0.0564087725361027,0.0480934699952347,0.048729602396563,0.0487579021305119,0.0544745341471425,0.043528093142883,0.0318986500837173,0.0264095938245797,0.020290422241358,0.028223968538143,0.0318477138966491,0.0312506121626042,0.0294234667233383,0.0276129638398622,0.0276292261345984,0.0276292261345984,0.0288369561904002,0.0294234667233383,0.0318378114930431,0.0252155358760274,0.027018422444777,0.0476275121507616,0.0436849353413378
"A_California_137_2016",0.0349424220685094,0.0361777868830304,0.0343574300237454,0.0263592923827534,0.0269727893922377,0.0276035971340641,0.035563540160805,0.0374231175392563,0.0263592923827534,0.0263592923827534,0.0269727893922377,0.0282266948103689,0.0296840180606879,0.0227085517389258,0.0235361526598614,0.029442759495983,0.029774221276264,0.0294343328254222,0.0236216962372273,0.0319080546306558,0.028492822744187,0.0294612633388294,0.0163369510414795,0.0139827621934384,0.0145675350610747,0.000575953975441079,0.0181042785325409,0.0163437358632587,0.024629712526534,0,0.024629712526534,0.0181042785325409,0.0145675350610747,0.0187316488557394,0.0191120610245999,0.033075431706379,0.0300377552913604,0.0344055793959679,0.0354825356814994,0.033075431706379,0.0160759858685859,0.0163306779708951,0.035641737194903,0.0169234462679459,0.0389276802670435,0.0484131742930736,0.0483962390619016,0.0490393484513066,0.0462876358495296,0.0502940542540194,0.0490393484513066,0.0483962390619016,0.0471631736420313,0.0484251894631361,0.0490393484513066,0.161342585630014,0.162043798115502,0.161204874125557,0.159804122877774,0.160572762537217,0.160572762537217,0.160572762537217,0.160572762537217,0.160572762537217,0.159804122877774,0.161342585630014,0.022833303408519,0.0222488496063867,0.0297380742711199,0.0294071267902432,0.031240418417599,0.0222488496063867,0.0300934734982893,0.0234383035023799,0.0288369561904002,0.0306647888131108,0.0228469358021019,0.0221378870908753,0.0142705699997241,0.0178744389846784,0.00888012663402916,0.0233249803646228,0.0226902866906018,0.0118694457088573,0.0124655138876742,0.0100755844659157,0.0184656061916429,0.0202799039613701,0.0184931185114607,0.0209276942283659,0.0203102507430081,0.0209276942283659,0.0203102507430081,0.017286640213091,0.0209276942283659,0.0203179380552354,0.0203102507430081,0.0203261632512821,0.0203261632512821,0.0450169871351933,0.0483962390619016,0.0481827986636298,0.047545043475124,0.0477552402301844,0.0450169871351933,0.0490220213713725,0.0456519078554312,0.0496783229511658,0.0388189912445073,0.0490220213713725,0.0282020463113414,0.0319395831587936,0.0214957100315563,0.0300516168544428,0.0331695173184863,0.0300697835928841,0.0209196353400727,0.210570887897273,0.0100719602499278,0.0100719602499278,0.0106704043668509,0.0227209510255972,0.0112657532640288,0.0112624709550038,0.0208927954240419,0.00888012663402916,0.0112624709550038,0.0319180120759111,0.0209196353400727,0.0319180120759111,0.0319180120759111,0.0319180120759111,0.0319180120759111,0.0197089245816467,0.0203179380552354,0.0319080546306558,0.0203179380552354,0.0312980491942508,0.041237329677051,0.0393505349852313,0.038735192074205,0.0494784571442898,0.0462876358495296,0.0475615218889289,0.0475615218889289,0.0393505349852313,0.0399786757713622,0.0406345566303681,0.0456519078554312,0.0441378495427227,0.0331206602159983,0.0294071267902432,0.0202799039613701,0.0294150326762817,0.018705979350194,0.0210840251345318,0.0175169181477103,0.015147245465762,0.0181110952823996,0.0181110952823996,0.021691062843446,0.0175169181477103,0.018698808923636,0.0169173343549597,0.0198899947163394,0.0383528761621083,0.0349953991115145
"A_Alabama_14_2016",0.0362216136354791,0.0374601682301692,0.0344038858973241,0.0270037216682713,0.0276194852928947,0.0276360817843897,0.0368458334418983,0.0374601682301692,0.0270037216682713,0.0270037216682713,0.0276194852928947,0.0301248184942243,0.0315966652543589,0.023959512265485,0.0254249367063667,0.0313418542428503,0.0316929783015967,0.0313300774617031,0.0255176367069777,0.0338463973427368,0.031640430392422,0.0313670551580553,0.0282420099963494,0.0258481452931513,0.0264413155324859,0.0240374647484343,0.0312506121626042,0.028251818415962,0.0151528178651735,0.024629712526534,0,0.0312506121626042,0.0264413155324859,0.0301221928185004,0.0313270402702708,0.0223000509390668,0.0193096114028593,0.0239981503791614,0.0246730856274196,0.0223000509390668,0.0300796926075276,0.0294419169417568,0.0264492227324428,0.0300476105349054,0.0475992107224104,0.0558575974009373,0.0558392156202905,0.0564909097085338,0.0545090644159973,0.0577599459227692,0.0564909097085338,0.0558392156202905,0.0545933742242579,0.0558727881442083,0.0564909097085338,0.167396903725418,0.168103119696351,0.167252407352386,0.165841692518221,0.166618693451589,0.166618693451589,0.166618693451589,0.166618693451589,0.166618693451589,0.165841692518221,0.167396903725418,0.0228626476255423,0.02408163603148,0.0291727216501205,0.028251818415962,0.030086643952225,0.02408163603148,0.0313591400137947,0.0246730856274196,0.0300922941623111,0.031931820084545,0.0246833208212964,0.013700525972666,0.0270224700837985,0.0142823400503311,0.0233392121754172,0.0221494419346039,0.03494985432761,0.023347142317537,0.0251774495400716,0.0227436192790655,0.00948129252093516,0.0318897990651941,0.0313300774617031,0.0338191927454138,0.0331833648946945,0.0338191927454138,0.0313418542428503,0.0313188506147611,0.0338191927454138,0.0319511955539987,0.0331833648946945,0.0331833648946945,0.0331833648946945,0.0532220624184109,0.0571058407435073,0.0564269962378406,0.0557810013159393,0.0551896774288515,0.0532220624184109,0.0564721270972054,0.053865149323783,0.0584108646601386,0.0469580212941086,0.0577403585951597,0.0288532922113727,0.0338608259135748,0.022132372259175,0.0319511955539987,0.0326184330594936,0.0319760709723379,0.0301011588171575,0.210378736564631,0.022735521446165,0.0215297635426874,0.023347142317537,0.0215471650790581,0.0239512073558616,0.0239434455221305,0.0197167786542175,0.0215218715728276,0.023347142317537,0.0215471650790581,0.0306988877331008,0.0215471650790581,0.0215471650790581,0.0215471650790581,0.0215471650790581,0.032573086181434,0.0331957512681322,0.0215381949147133,0.0331957512681322,0.0209362914538968,0.0500342270099015,0.0487579021305119,0.046863297263812,0.0564458002138957,0.0557993877127431,0.0545090644159973,0.0545090644159973,0.0487579021305119,0.0493956573190179,0.0494270621698698,0.053865149323783,0.0429198203367226,0.033160248739742,0.0276292261345984,0.0215218715728276,0.0282621511892866,0.0318691061741559,0.0330993645300162,0.0294419169417568,0.028232726509616,0.028251818415962,0.028251818415962,0.0306760655892728,0.0294419169417568,0.030643815971625,0.0264325990952836,0.0288466049914189,0.048287585039268,0.0443411950522606
"A_Oregon_19_2016",0.0405402708875558,0.0417857315854152,0.0381196747920523,0.0331297253050854,0.0349953991115145,0.0343934799422299,0.041167623542004,0.0430435938840388,0.0331297253050854,0.0331297253050854,0.033750843397381,0.0350294097950456,0.0365522691018616,0.029442759495983,0.0315935718623315,0.0362546203847281,0.036032271709391,0.0362430603952152,0.031081447005544,0.0400048336252146,0.0353624339280448,0.0362794104460878,0.00636245056858149,0.00636245056858149,0.00694275387205874,0.0175169181477103,0.00115273826274943,0.00636438461467599,0.0300196276713512,0.0181042785325409,0.0312506121626042,0,0.00462121027495719,0.0181239229494874,0.00769206897811269,0.0348828878962958,0.0318378114930431,0.0375061854937873,0.0372958019651649,0.0348828878962958,0.0178801123018816,0.0169117357571651,0.0375190860837878,0.017504504054216,0.030934740945082,0.037908922826787,0.037897427837038,0.0385227964459483,0.0368566676353488,0.0397528093663794,0.0385227964459483,0.037897427837038,0.0366834320172169,0.0379198894732754,0.0385227964459483,0.165841692518221,0.166546698206106,0.165699611073309,0.164291303679097,0.165065897172512,0.165065897172512,0.165065897172512,0.165065897172512,0.165065897172512,0.164291303679097,0.165841692518221,0.028223968538143,0.0264325990952836,0.0378834391871664,0.0360718111458449,0.0367051561269891,0.0264325990952836,0.0355610478095407,0.0300476105349054,0.0342837723086492,0.0361316759409174,0.0270350088067088,0.0264132873889565,0.0160703396946991,0.0221174644691792,0.0112657532640288,0.0300697835928841,0.0245103613401631,0.0136634359527075,0.0130582823930087,0.0106669507972495,0.0251535443860218,0.0220941543628035,0.0118652737195494,0.0142705699997241,0.0136634359527075,0.0154775711893647,0.0112695656129053,0.0190937051306873,0.0142705699997241,0.0136681602882989,0.0136634359527075,0.0221406371678486,0.0221406371678486,0.0356082275360553,0.039125175538026,0.0387231823307832,0.0393505349852313,0.0384995905557796,0.0356082275360553,0.0385109248465223,0.0362320579351329,0.0403799190360003,0.0319395831587936,0.0397401817656259,0.033750843397381,0.0375325439341176,0.0282179296241419,0.0381204092841001,0.0412901410083978,0.036892519585754,0.022735521446165,0.209738940949926,0.0142654829851098,0.0118616322010582,0.0148682558127841,0.0294612633388294,0.0130582823930087,0.0130549843858008,0.0276105517872362,0.0130664754984825,0.0154617279015748,0.0350061802854345,0.0118694457088573,0.0350061802854345,0.0350061802854345,0.0350061802854345,0.0350061802854345,0.0142705699997241,0.0130664754984825,0.0349953991115145,0.0130664754984825,0.0343831272453109,0.0331297253050854,0.030652940054755,0.0306610256894459,0.0399914741421466,0.0381082327444082,0.039362938547121,0.039362938547121,0.0312709871050192,0.0318897990651941,0.0325284021047731,0.0374820585861752,0.0485952696025672,0.0387117333392285,0.034850809318069,0.0257594120709306,0.0348609690003573,0.0192870371364641,0.0133818596973506,0.0169117357571651,0.0145476651591922,0.0092832487125188,0.0092832487125188,0.0116306708646226,0.0169117357571651,0.0180921880632288,0.0192940470891735,0.00986509186278579,0.0303592290649531,0.0269727893922377
"A_Iowa_26_2016",0.0368166891036344,0.0380557571586392,0.0344038858973241,0.029442759495983,0.0312980491942508,0.0306973240231551,0.037440519502712,0.0393065395494904,0.029442759495983,0.029442759495983,0.0300604247999793,0.0313300774617031,0.0328156484493432,0.0257744647491678,0.027880200714947,0.032549639885246,0.0322875478272915,0.0325387446199435,0.0273577590972927,0.0362794104460878,0.0316278759742309,0.032573086181434,0.00172935702439859,0.00172935702439859,0.00230647466382258,0.0139827621934384,0.00462121027495719,0.00173010553244787,0.0252224826188245,0.0145675350610747,0.0264413155324859,0.00462121027495719,0,0.0145820511042006,0.00769479781862618,0.0312612033637109,0.028232726509616,0.0337941955993794,0.0336626310368178,0.0312612033637109,0.0142705699997241,0.0133818596973506,0.0350548580341116,0.0139714824071884,0.0260833602875241,0.0342723872099484,0.0342615338537236,0.0348828878962958,0.0331495201970687,0.0361061300966307,0.0348828878962958,0.0342615338537236,0.0330536175632292,0.0342817903254837,0.0348828878962958,0.162043798115502,0.162745707394261,0.161906293668869,0.160504151017472,0.161273381938424,0.161273381938424,0.161273381938424,0.161273381938424,0.161273381938424,0.160504151017472,0.162043798115502,0.0246373448443863,0.0228545320754182,0.0341326711096894,0.0324453449821271,0.033073143897958,0.0228545320754182,0.0319303380976999,0.0264505550045765,0.0306647888131108,0.0325019957986583,0.0234536933214726,0.0215347472273971,0.0124700463816743,0.0172744187087331,0.00769024582968294,0.0263974381782266,0.0208714324134609,0.00888012663402916,0.00947423154754098,0.00709465314460642,0.020290422241358,0.0184656061916429,0.00709465314460642,0.00948129252093516,0.00888012663402916,0.0106788978839127,0.00888012663402916,0.0154775711893647,0.00948129252093516,0.00888356381854835,0.00888012663402916,0.0185078834952102,0.0185078834952102,0.0319080546306558,0.0354825356814994,0.0350061802854345,0.0343831272453109,0.033642199353638,0.0319080546306558,0.0348716620563383,0.0325284021047731,0.0367282783868915,0.0270224700837985,0.0360941565528716,0.0312980491942508,0.0338191927454138,0.0245558154700784,0.0344055793959679,0.0375552868965093,0.0331833648946945,0.0191006520005447,0.210668096203778,0.010674386932695,0.00828346785200808,0.0112739073882155,0.0245639525305872,0.00947423154754098,0.00947149296536291,0.0227279651555267,0.00948129252093516,0.0118652737195494,0.0313081743188332,0.00828346785200808,0.0313081743188332,0.0313081743188332,0.0313081743188332,0.0313081743188332,0.00948129252093516,0.00888356381854835,0.0312980491942508,0.00888356381854835,0.0306885955530591,0.0282097132483862,0.0263658267087938,0.0257594120709306,0.0362667372762831,0.0343940759112021,0.035641737194903,0.035641737194903,0.0263658267087938,0.026979700327955,0.0276105517872362,0.0325284021047731,0.0447915585060513,0.0349953991115145,0.0312310153020638,0.0221108228229826,0.0312405492804482,0.0157445339105637,0.00869811113842359,0.0133818596973506,0.0110302974556552,0.00578474956050255,0.00578474956050255,0.00811711530583043,0.0133818596973506,0.0145565779428464,0.0145675350610747,0.00636438461467599,0.0255067930303548,0.0220991671418612
"A_Pernambuco_9511_2018",0.0418825209862336,0.0431329164631905,0.0413000652838631,0.0344454785110457,0.0350696983174649,0.0357163132149487,0.0425130380937477,0.0431329164631905,0.0344454785110457,0.0344454785110457,0.0350696983174649,0.0363586397966923,0.0372631321877142,0.0307441079384856,0.0322899379856843,0.0375873480974569,0.0367432193327232,0.0375743998607979,0.031778317919456,0.0401213398676749,0.0360730581773422,0.0376149218646339,0.0163535230884148,0.013995926675362,0.0145820511042006,0.0181428970147203,0.0169362739350337,0.0163593041602597,0.0312959038945523,0.0187316488557394,0.0301221928185004,0.0181239229494874,0.0145820511042006,0,0.0203517190979527,0.0355953868570276,0.0325354017861353,0.0382442485682319,0.0380142659267306,0.0355953868570276,0.00770391798234392,0.00695888150230522,0.0394900266524905,0.00754299371826842,0.0383791419054713,0.0466561265468461,0.0466392119121493,0.047281908856317,0.0457678150506519,0.0485358280087989,0.047281908856317,0.0466392119121493,0.0454069066590468,0.0466671316677774,0.047281908856317,0.165593880473298,0.166295687874282,0.16545498188573,0.164053047204594,0.16482287029739,0.16482287029739,0.16482287029739,0.16482287029739,0.16482287029739,0.164053047204594,0.165593880473298,0.0291160984377563,0.0273419366437569,0.0367236668091419,0.0344952707218193,0.0363314392994629,0.0273419366437569,0.0363921852934505,0.0309255326147194,0.0351237407999251,0.036957031135717,0.0279393082799283,0.0277055938904103,0.0179183744017386,0.0233891535824555,0.0130897998377249,0.0313755559276048,0.0263903901066612,0.0154994275423894,0.0160990879797844,0.0124877528053226,0.0264362884399576,0.0221338090626504,0.0197606083065119,0.0209831028030452,0.020362687767334,0.0209831028030452,0.0221721656867075,0.00889937581423046,0.0209831028030452,0.0215954727509932,0.020362687767334,0.0119005853052799,0.0119005853052799,0.0444947398880292,0.0474643172460601,0.0476658457049321,0.0470268679821861,0.0459986229116132,0.0444947398880292,0.0468439697719428,0.0451308722893576,0.0491749739158611,0.0389222968018017,0.0480854353383557,0.036320480708316,0.0388743683743758,0.0295145115954179,0.0394611945526177,0.0401457549636382,0.0382297865398231,0.0246169012834435,0.213584737812298,0.0161047544928374,0.0130897998377249,0.0154994275423894,0.0295246243858222,0.0148898975476436,0.0148854983408618,0.0276693346875544,0.0149003027212011,0.0173053457743438,0.0357316804668954,0.0233891535824555,0.0357316804668954,0.0357316804668954,0.0357316804668954,0.0357316804668954,0.0197606083065119,0.0203714819316731,0.0357187957006748,0.0203714819316731,0.0351055063086625,0.0407086550424738,0.0388182936225207,0.0382025406469288,0.04896475688828,0.0470441399300414,0.0483237311594521,0.0483237311594521,0.0388182936225207,0.0394476203261189,0.0401062451124355,0.0451308722893576,0.05059589308114,0.0400514853540198,0.0356607070103724,0.0264280820418775,0.0345674353047519,0.00929943580555659,0.0211389052991003,0.00695888150230522,0.00695888150230522,0.0205149474999765,0.0205149474999765,0.0217118361624709,0.00695888150230522,0.00812482534616932,0.0217038905105337,0.0211054463936106,0.0378256725618887,0.0344564674854688
"A_Mexico_SAR30012N_2017",0.0430805525318026,0.0443315450896312,0.0406569090379537,0.0356403633814311,0.0362649730816471,0.0369126945988316,0.0437114674420137,0.0455965679023161,0.0356403633814311,0.0356403633814311,0.0362649730816471,0.0375552868965093,0.039103007909187,0.0319372502630464,0.0341237743662326,0.0387843895104888,0.0385875516540723,0.0387712439934192,0.033617717108055,0.0412901410083978,0.0379140641530714,0.0388123585831756,0.00889279662294499,0.00948311566936501,0.0100779312562539,0.0185112812930443,0.00769206897811269,0.00948691443253376,0.0319272806546553,0.0191120610245999,0.0313270402702708,0.00769206897811269,0.00769479781862618,0.0203517190979527,0,0.0394274212844016,0.0362886790248321,0.0413048737388761,0.0419072836689144,0.0394274212844016,0.0197133783813732,0.0191051058002711,0.0413201680241425,0.0197133783813732,0.0337917949345886,0.04127597045373,0.0412623626995327,0.0419072836689144,0.0393867994405271,0.0431723064815995,0.0419072836689144,0.0412623626995327,0.0400157303410625,0.0412874261454677,0.0419072836689144,0.168153474772753,0.168868571120274,0.168005857068363,0.166577429338596,0.167364831076129,0.167364831076129,0.167364831076129,0.167364831076129,0.167364831076129,0.166577429338596,0.168153474772753,0.0313270402702708,0.0301082747071218,0.0391748405039208,0.0381313059999481,0.0400400159937677,0.0301082747071218,0.0388743683743758,0.0332034033984723,0.0375552868965093,0.0394573007061609,0.030728237588782,0.0295174915922959,0.0178969935979541,0.0251925539914807,0.0142790608966349,0.0331915545502041,0.0275850093083979,0.0166908909327164,0.0160799110408443,0.0136762880689605,0.0270113737986115,0.0239377432222113,0.0148825612716525,0.0173038735095465,0.0166908909327164,0.0185189409361924,0.0142846868406693,0.0209321480280924,0.0173038735095465,0.0160917517037933,0.0166908909327164,0.0233786360895003,0.0233786360895003,0.0393867994405271,0.0437908130940196,0.0412623626995327,0.0418932776097438,0.0418798354816309,0.0393867994405271,0.0418932776097438,0.0400157303410625,0.0450598493082551,0.0319588476843388,0.0444249285880171,0.0375165381907063,0.0400725986958431,0.0307070773886104,0.0406592260981867,0.0425802615785168,0.0394274212844016,0.0245873714754201,0.210467418912305,0.017296951612981,0.0148771041794989,0.0179037478039603,0.0313377295920433,0.0160799110408443,0.0160747934944256,0.029478991391977,0.0160917517037933,0.018497572311187,0.0387843895104888,0.0148885516483692,0.0387843895104888,0.0387843895104888,0.0387843895104888,0.0387843895104888,0.0160917517037933,0.0166974452969419,0.0387712439934192,0.0166974452969419,0.038156248724358,0.0356403633814311,0.0337712023261275,0.0331593301831906,0.0425393950046845,0.0419072836689144,0.0431723064815995,0.0431723064815995,0.0337712023261275,0.0343934799422299,0.0350386783737899,0.0400157303410625,0.0511604199743846,0.041249318374117,0.0375165381907063,0.0288517876903426,0.0381434975205031,0.0215426487144398,0.0160917517037933,0.0191051058002711,0.0160747934944256,0.0124881239235832,0.0124881239235832,0.0149021298197186,0.0191051058002711,0.0203152344277177,0.0227750810706364,0.0130845718163939,0.0331695173184863,0.0294520280747272
"A_New_Mexico_15_2019",0.0456078201754774,0.046863297263812,0.0444098851558023,0.036892519585754,0.0387745795243668,0.0375418125128619,0.0462423380271299,0.046863297263812,0.036892519585754,0.036892519585754,0.0375190860837878,0.0400800259608624,0.0416493245629279,0.0331833648946945,0.0353894838103549,0.0413108994453983,0.041777324537788,0.0412950637527542,0.0355195650748379,0.0413272947767015,0.0404656695423639,0.0413442491375417,0.033075431706379,0.0306647888131108,0.03065403874751,0.0324777489760317,0.0361061300966307,0.0330871335730964,0.0234621680810629,0.033075431706379,0.0223000509390668,0.0348828878962958,0.0312612033637109,0.0355953868570276,0.0394274212844016,0,0.00520838042912786,0.0100896224195672,0.0104555821921459,0.00115273826274943,0.0362794104460878,0.0348946459338105,0.0124868231816923,0.0355062668051825,0.0532627855157596,0.0628234134942456,0.0628016891764066,0.0634648504006902,0.0622567924176983,0.0647501981522406,0.0634648504006902,0.0621614842233844,0.0615430030634088,0.0621990578042442,0.0634648504006902,0.166475406419018,0.167181216313224,0.166334935430477,0.164925017579894,0.165699611073309,0.165699611073309,0.165699611073309,0.165699611073309,0.165699611073309,0.164925017579894,0.166475406419018,0.031880594883297,0.0300803350109786,0.0404818071262966,0.038575644154345,0.0392150832640536,0.0300803350109786,0.039284908798556,0.0337229976264342,0.0392221798690036,0.0398562241133776,0.0306878685000626,0.0203470965377477,0.0350418568830802,0.0209276942283659,0.0288532922113727,0.0313541803449025,0.0417857315854152,0.0300796926075276,0.0319285217929503,0.0294713392616369,0.0197167786542175,0.0393274122321678,0.0375465584264133,0.0400638702257471,0.0394181527056573,0.0400638702257471,0.0375611289458838,0.0375325439341176,0.0400638702257471,0.0381746992125441,0.0394181527056573,0.0394181527056573,0.0394181527056573,0.0609513086473382,0.0640845635171235,0.0641987054333566,0.0609724820884665,0.0596285144448602,0.0609513086473382,0.0634427149052344,0.0616036244606706,0.0654103726324778,0.0546265077704218,0.0647272371274555,0.0387745795243668,0.0426116769391356,0.0319511955539987,0.0431938002117411,0.0438905153089816,0.0419602062536165,0.0381602904070336,0.21102017373499,0.0294612633388294,0.0282458691188897,0.0300796926075276,0.0295048556125641,0.0306885955530591,0.0306788540686775,0.0276495659142962,0.0282360081823523,0.0300796926075276,0.00769727335789911,0.035680248984938,0.00769727335789911,0.00769727335789911,0.00769727335789911,0.00769727335789911,0.0400638702257471,0.039433353118233,0.00769349707673532,0.039433353118233,0.00710097036533759,0.0564269962378406,0.0551358399361042,0.0532220624184109,0.0655354926907778,0.0635656936887377,0.0635656936887377,0.0635656936887377,0.0551358399361042,0.0557810013159393,0.055172358288594,0.0616036244606706,0.0531587127853022,0.0418818355620996,0.0367065265008195,0.0294713392616369,0.0373594236419055,0.0373456312339139,0.0385901934941288,0.0348946459338105,0.0336736441060346,0.0349197562722444,0.0349197562722444,0.0361452470818145,0.0348946459338105,0.0373323722808407,0.0312506121626042,0.034295688565857,0.0539647325991256,0.05067361328629
"A_New_Mexico_29_2018",0.0418175303886386,0.0430658106550896,0.0406195953689634,0.0331495201970687,0.0350175173884838,0.0337917949345886,0.0424472533937921,0.0430658106550896,0.0331495201970687,0.0331495201970687,0.033771410824504,0.0369333824729678,0.0384726938016232,0.0300796926075276,0.0322428403224603,0.0381602904070336,0.038590570601742,0.038146438738236,0.0323609948742072,0.0388036301130796,0.0372870192946307,0.0381896645409093,0.0300377552913604,0.0276381451886495,0.028232726509616,0.0294419169417568,0.0330536175632292,0.0300476105349054,0.0204717285448554,0.0300377552913604,0.0193096114028593,0.0318378114930431,0.028232726509616,0.0325354017861353,0.0362886790248321,0.00520838042912786,0,0.00591049361246663,0.00636438461467599,0.00520838042912786,0.033160248739742,0.0318477138966491,0.00829015585875628,0.0324556167070941,0.050092197846536,0.0596285144448602,0.0596088303063121,0.0602658631608604,0.0589994519071015,0.0615430030634088,0.0602658631608604,0.0596088303063121,0.0583562491273628,0.059644773832883,0.0602658631608604,0.164925017579894,0.165629624687966,0.164786946577913,0.163379421295058,0.164151622220745,0.164151622220745,0.164151622220745,0.164151622220745,0.164151622220745,0.163379421295058,0.164925017579894,0.0288466049914189,0.0270536913865173,0.0366698445709669,0.0348946459338105,0.0355272976466593,0.0270536913865173,0.0362022849775906,0.0306760655892728,0.0361452470818145,0.0367736002924121,0.0276575561942171,0.0173038735095465,0.0319285217929503,0.0178863223204813,0.0257744647491678,0.0282562770022766,0.039279460673643,0.0269951670941699,0.0288344525135996,0.0263887154406714,0.0166809466199425,0.0368258435368637,0.0344176370766611,0.0369192057719651,0.0362794104460878,0.0369192057719651,0.0344302483338956,0.0344055793959679,0.0369192057719651,0.0350418568830802,0.0362794104460878,0.0362794104460878,0.0362794104460878,0.0577024343185781,0.0608835282561123,0.0609307199434638,0.059019354604934,0.0577213284071248,0.0577024343185781,0.0602457730676064,0.0583505225493015,0.0621990578042442,0.051402769974937,0.0615220979469958,0.0350175173884838,0.0394491110506513,0.0288532922113727,0.0400332334300558,0.0400882156163719,0.0388036301130796,0.0350294097950456,0.209360421173563,0.0263805388668051,0.0251689363317006,0.0269951670941699,0.0264165196666995,0.0276021659995187,0.0275943285553199,0.0245726331271071,0.0251609677396833,0.0269951670941699,0.00353800992035371,0.0325610872785921,0.00353800992035371,0.00353800992035371,0.00353800992035371,0.00353800992035371,0.0369192057719651,0.0362926392739314,0.00353670353904953,0.0362926392739314,0.00294664379582899,0.0532053356073744,0.0519224612666576,0.0500189765122052,0.0622567924176983,0.0602998427571301,0.0602998427571301,0.0602998427571301,0.0519224612666576,0.0525634869954853,0.0519548439681401,0.0583505225493015,0.0492726828614507,0.039362938547121,0.033043506454783,0.0263887154406714,0.0336851878795095,0.0342837723086492,0.0355189307661918,0.0318477138966491,0.0306341210678435,0.0318691061741559,0.0318691061741559,0.0330871335730964,0.0318477138966491,0.0342723872099484,0.028223968538143,0.0312506121626042,0.0507860823513924,0.0474848269678894
"A_New_Mexico_9511_2019",0.046863297263812,0.0481209593692177,0.0456644445243256,0.0381331448235842,0.0400187535951238,0.0387843895104888,0.0474990252579103,0.0481209593692177,0.0381331448235842,0.0381331448235842,0.0387608912965002,0.0419602062536165,0.0435482707169483,0.0350418568830802,0.0372720130572283,0.0431938002117411,0.0436823019667505,0.0431773237957546,0.037409211045183,0.0438457591205236,0.0423643549743111,0.0432284377515709,0.0356540194952615,0.0331833648946945,0.0337941955993794,0.0337941955993794,0.0387608912965002,0.0356668569644604,0.0251865067462683,0.0344055793959679,0.0239981503791614,0.0375061854937873,0.0337941955993794,0.0382442485682319,0.0413048737388761,0.0100896224195672,0.00591049361246663,0,0.00531395659510863,0.0100896224195672,0.038146438738236,0.0375190860837878,0.00353800992035371,0.038146438738236,0.0557993877127431,0.0661697986562261,0.0661463665438969,0.0668285602798464,0.0641987054333566,0.0681486930599346,0.0668285602798464,0.0661463665438969,0.0648548735065317,0.0661873273803571,0.0668285602798464,0.169322920644977,0.170039148349155,0.169178813776443,0.167748116193529,0.168534898417244,0.168534898417244,0.168534898417244,0.168534898417244,0.168534898417244,0.167748116193529,0.169322920644977,0.0344302483338956,0.0325856359787511,0.0417422028909206,0.0406637505375698,0.0413201680241425,0.0325856359787511,0.042028725129578,0.0363207614407178,0.0419602062536165,0.0426116769391356,0.0332086890188747,0.0221720664075478,0.0369055846043208,0.0227522580392207,0.0306988877331008,0.0332086890188747,0.0442935783686831,0.0319285217929503,0.0337825263558443,0.0313188506147611,0.0215381949147133,0.0418292624133238,0.0394181527056573,0.0419434105986915,0.0412950637527542,0.0419434105986915,0.039433353118233,0.0394035104249023,0.0419434105986915,0.0400482725118012,0.0412950637527542,0.0400332334300558,0.0400332334300558,0.0628889469895814,0.0674638903628994,0.0661463665438969,0.0642214314876431,0.0641987054333566,0.0628889469895814,0.0668046944862702,0.0635433973447964,0.0687848950943188,0.0565485021815824,0.0681239564653609,0.0400187535951238,0.044499894253627,0.033806417934818,0.0450820880040884,0.0451455654850172,0.0438457591205236,0.0400332334300558,0.208042245251903,0.0313081743188332,0.0300901512218119,0.0319285217929503,0.0313541803449025,0.0325387446199435,0.0325284021047731,0.0294931360127156,0.0300796926075276,0.0319285217929503,0.00472537480469985,0.0375465584264133,0.00472537480469985,0.00472537480469985,0.00472537480469985,0.00472537480469985,0.0419434105986915,0.0413108994453983,0.00472284459801292,0.0413108994453983,0.00413225492494671,0.0583505225493015,0.0570551850372553,0.0551358399361042,0.0674881909823778,0.0655119038244662,0.0655119038244662,0.0655119038244662,0.0570551850372553,0.0577024343185781,0.0570930494952186,0.0635433973447964,0.0550884140676603,0.0443978964587364,0.0381331448235842,0.0313188506147611,0.0394181527056573,0.0400332334300558,0.0406791874220123,0.0375190860837878,0.0362667372762831,0.0375465584264133,0.0375465584264133,0.0388036301130796,0.0375190860837878,0.0400187535951238,0.0337825263558443,0.0369055846043208,0.0557993877127431,0.0525798015722325
"A_New_Mexico_31_2019",0.047471200298905,0.048729602396563,0.0462705054272021,0.038735192074205,0.0406208008457446,0.0393867994405271,0.0481069282930034,0.048729602396563,0.038735192074205,0.038735192074205,0.039362938547121,0.0425600865654392,0.0441554355569799,0.035641737194903,0.0378766082732988,0.0437951234120534,0.0442913156662207,0.0437793710463754,0.0380160074595858,0.0444463600099901,0.0429689501903815,0.0438283180633935,0.0354825356814994,0.0330642595089699,0.0336626310368178,0.0348828878962958,0.0385227964459483,0.0354941349161864,0.0258392685000836,0.0354825356814994,0.0246730856274196,0.0372958019651649,0.0336626310368178,0.0380142659267306,0.0419072836689144,0.0104555821921459,0.00636438461467599,0.00531395659510863,0,0.0104555821921459,0.0387477619385483,0.0373074570617652,0.00769024582968294,0.0379209540712496,0.0557587222538035,0.0653256814587026,0.0653040016239618,0.0659691821910264,0.0648103265335241,0.0672586735569356,0.0659691821910264,0.0653040016239618,0.0640411592364817,0.0653435534268574,0.0659691821910264,0.168594954105376,0.169302885003083,0.168455104419874,0.167040951300442,0.167817348971972,0.167817348971972,0.167817348971972,0.167817348971972,0.167817348971972,0.167040951300442,0.168594954105376,0.0342837723086492,0.0324777489760317,0.0423489993053234,0.0403824975044341,0.041024168518041,0.0324777489760317,0.0417136596534674,0.0361316759409174,0.0416480587534848,0.0422839429818699,0.0330871335730964,0.0227658909147747,0.0375061854937873,0.023347142317537,0.0312980491942508,0.033806417934818,0.0449037067984221,0.0325284021047731,0.0343831272453109,0.0319180120759111,0.022132372259175,0.0411999357097256,0.0400187535951238,0.0425440114881581,0.0418963869530665,0.0425440114881581,0.0400332334300558,0.0400048336252146,0.0425440114881581,0.0406488734012677,0.0418963869530665,0.0406345566303681,0.0406345566303681,0.0635005680897489,0.0665910036215482,0.0667587367214818,0.0648323053407621,0.0634001335076539,0.0635005680897489,0.0659470885293338,0.0641550184449638,0.0679225404469916,0.0571541959969387,0.067235749036484,0.0406208008457446,0.0450997745654497,0.0344055793959679,0.0456841352547093,0.0457465273128659,0.0444463600099901,0.0406345566303681,0.208440549232102,0.0319080546306558,0.0306885955530591,0.0325284021047731,0.0319511955539987,0.03313934550941,0.0331297253050854,0.0300901512218119,0.0306788540686775,0.0325284021047731,0.00531395659510863,0.038146438738236,0.00531395659510863,0.00531395659510863,0.00531395659510863,0.00531395659510863,0.0425440114881581,0.0419115003348648,0.00531212006235829,0.0419115003348648,0.00472083671535559,0.0589613964024205,0.0576660588903743,0.0557459683658432,0.0680998120825453,0.0661235249246336,0.0661235249246336,0.0661235249246336,0.0576660588903743,0.0583133081716972,0.0577024343185781,0.0641550184449638,0.0537511531208979,0.0450021263601211,0.0385109248465223,0.0319180120759111,0.039163533902034,0.0397659746149765,0.0410142454536272,0.0373074570617652,0.0360827167065952,0.0373323722808407,0.0373323722808407,0.0385616291999443,0.0373074570617652,0.0397528093663794,0.0336521492566589,0.0367065265008195,0.056465827961111,0.0531891863955921
"A_New_Mexico_24_2019",0.0456078201754774,0.046863297263812,0.0444098851558023,0.036892519585754,0.0387745795243668,0.0375418125128619,0.0462423380271299,0.046863297263812,0.036892519585754,0.036892519585754,0.0375190860837878,0.0400800259608624,0.0416493245629279,0.0331833648946945,0.0353894838103549,0.0413108994453983,0.041777324537788,0.0412950637527542,0.0355195650748379,0.0413272947767015,0.0404656695423639,0.0413442491375417,0.033075431706379,0.0306647888131108,0.03065403874751,0.0324777489760317,0.0361061300966307,0.0330871335730964,0.0234621680810629,0.033075431706379,0.0223000509390668,0.0348828878962958,0.0312612033637109,0.0355953868570276,0.0394274212844016,0.00115273826274943,0.00520838042912786,0.0100896224195672,0.0104555821921459,0,0.0362794104460878,0.0348946459338105,0.0124868231816923,0.0355062668051825,0.0532627855157596,0.0628234134942456,0.0628016891764066,0.0634648504006902,0.0622567924176983,0.0647501981522406,0.0634648504006902,0.0621614842233844,0.0615430030634088,0.0621990578042442,0.0634648504006902,0.166475406419018,0.167181216313224,0.166334935430477,0.164925017579894,0.165699611073309,0.165699611073309,0.165699611073309,0.165699611073309,0.165699611073309,0.164925017579894,0.166475406419018,0.031880594883297,0.0300803350109786,0.0404818071262966,0.038575644154345,0.0392150832640536,0.0300803350109786,0.039284908798556,0.0337229976264342,0.0392221798690036,0.0398562241133776,0.0306878685000626,0.0203470965377477,0.0350418568830802,0.0209276942283659,0.0288532922113727,0.0313541803449025,0.0424142671804407,0.0300796926075276,0.0319285217929503,0.0294713392616369,0.0197167786542175,0.039954764886616,0.0375465584264133,0.0400638702257471,0.0394181527056573,0.0400638702257471,0.0375611289458838,0.0375325439341176,0.0400638702257471,0.0381746992125441,0.0394181527056573,0.0394181527056573,0.0394181527056573,0.0609513086473382,0.0640845635171235,0.0641987054333566,0.0609724820884665,0.0596285144448602,0.0609513086473382,0.0634427149052344,0.0616036244606706,0.0654103726324778,0.0546265077704218,0.0647272371274555,0.0387745795243668,0.0426116769391356,0.0319511955539987,0.0431938002117411,0.0438905153089816,0.0419602062536165,0.0381602904070336,0.21102017373499,0.0294612633388294,0.0282458691188897,0.0300796926075276,0.0295048556125641,0.0306885955530591,0.0306788540686775,0.0276495659142962,0.0282360081823523,0.0300796926075276,0.00769727335789911,0.035680248984938,0.00769727335789911,0.00769727335789911,0.00769727335789911,0.00769727335789911,0.0400638702257471,0.039433353118233,0.00769349707673532,0.039433353118233,0.00710097036533759,0.0564269962378406,0.0551358399361042,0.0532220624184109,0.0655354926907778,0.0635656936887377,0.0635656936887377,0.0635656936887377,0.0551358399361042,0.0557810013159393,0.055172358288594,0.0616036244606706,0.0531587127853022,0.0418818355620996,0.0367065265008195,0.0294713392616369,0.0373594236419055,0.0373456312339139,0.0385901934941288,0.0348946459338105,0.0336736441060346,0.0349197562722444,0.0349197562722444,0.0361452470818145,0.0348946459338105,0.0373323722808407,0.0312506121626042,0.034295688565857,0.0539647325991256,0.05067361328629
"A_New_Mexico_7375_2018",0.0418063641453476,0.0430544182338237,0.041224922541216,0.03313934550941,0.0337608496292085,0.0344038858973241,0.0424356908489456,0.0443162485565222,0.03313934550941,0.03313934550941,0.0337608496292085,0.0350418568830802,0.035933910366036,0.02945173654262,0.0309786637680722,0.0362667372762831,0.0354123933399483,0.0362546203847281,0.0304646549648494,0.0400187535951238,0.0347451599218448,0.0362926392739314,0.0160759858685859,0.0136734163969568,0.0142705699997241,0.0154775711893647,0.0178801123018816,0.0160821661844342,0.0300604247999793,0.0160759858685859,0.0300796926075276,0.0178801123018816,0.0142705699997241,0.00770391798234392,0.0197133783813732,0.0362794104460878,0.033160248739742,0.038146438738236,0.0387477619385483,0.0362794104460878,0,0.00294812174864075,0.0393894268915258,0.00353983779403084,0.0375325439341176,0.0463380405270563,0.0463206725781083,0.0469757957155622,0.0444296412637059,0.0482537516828343,0.0469757957155622,0.0463206725781083,0.0450649653644336,0.0463489372429042,0.0469757957155622,0.167105855082418,0.16782001574367,0.166962570077508,0.165535995080085,0.166320308966398,0.166320308966398,0.166320308966398,0.166320308966398,0.166320308966398,0.165535995080085,0.167105855082418,0.0288435980348331,0.027012822871293,0.0366310208519442,0.0356188405887961,0.0375165381907063,0.027012822871293,0.0363504306634101,0.0307097299875858,0.0350418568830802,0.0369333824729678,0.0276289658944255,0.0264225669119119,0.0185002330418967,0.0221246478210037,0.0124700463816743,0.0300796926075276,0.0257358752278957,0.0148737063816649,0.0154717561878017,0.0118694457088573,0.0251609677396833,0.0233186799415405,0.0179081664537437,0.0203442248657439,0.0197251695499009,0.0203442248657439,0.0209121153996969,0.00472537480469985,0.0203442248657439,0.0197340966631292,0.0197251695499009,0.00770157406834746,0.00770157406834746,0.0431614097657516,0.047596183473911,0.0463206725781083,0.0456841352547093,0.0456677384111167,0.0431614097657516,0.0469580212941086,0.0437951234120534,0.0488749565494696,0.0369792396722007,0.0482351611966569,0.0350061802854345,0.0375465584264133,0.0282266948103689,0.0381331448235842,0.0400430434161777,0.0369055846043208,0.0239683596342355,0.212676542780084,0.0142705699997241,0.0130664754984825,0.0148737063816649,0.0282360081823523,0.0142654829851098,0.0142609287936333,0.0263887154406714,0.0130713693645545,0.0154664748869993,0.035641737194903,0.0215218715728276,0.035641737194903,0.035641737194903,0.035641737194903,0.035641737194903,0.0191247120660645,0.0197340966631292,0.0356300106845121,0.0197340966631292,0.0350175173884838,0.0393894268915258,0.0362794104460878,0.036892519585754,0.0476143654064458,0.045701097765762,0.0469757957155622,0.0469757957155622,0.0362794104460878,0.0369055846043208,0.0387888260020592,0.0437951234120534,0.0505100706791555,0.0399786757713622,0.0350061802854345,0.0257666652476439,0.0356300106845121,0.00531919910252788,0.0191247120660645,0.00413225492494671,0.00769349707673532,0.0191006520005447,0.0191006520005447,0.0215381949147133,0.00413225492494671,0.00413007630096208,0.0203102507430081,0.0197016079411322,0.0369055846043208,0.0319395831587936
"A_New_Mexico_18_2018",0.041177828550322,0.0424246952286703,0.0393404982001015,0.0325186129653776,0.03313934550941,0.033781220810626,0.0418063641453476,0.0436849353413378,0.0325186129653776,0.0325186129653776,0.03313934550941,0.0344176370766611,0.0353045836624379,0.0288344525135996,0.030353663686692,0.035641737194903,0.0347818762324342,0.0356300106845121,0.0298380884668156,0.0393894268915258,0.0341154369166914,0.0356668569644604,0.015147245465762,0.0127976217085128,0.0133818596973506,0.0157445339105637,0.0169117357571651,0.0151528178651735,0.0294234667233383,0.0163306779708951,0.0294419169417568,0.0169117357571651,0.0133818596973506,0.00695888150230522,0.0191051058002711,0.0348946459338105,0.0318477138966491,0.0375190860837878,0.0373074570617652,0.0348946459338105,0.00294812174864075,0,0.0387608912965002,0.00173010553244787,0.0364860248867954,0.0447195755035159,0.0447033448577352,0.045342240590214,0.0437951234120534,0.0465899018739148,0.045342240590214,0.0447033448577352,0.0434765667837849,0.0447300197434654,0.045342240590214,0.164995106580848,0.165699611073309,0.164855630725358,0.16344831493735,0.16422111261824,0.16422111261824,0.16422111261824,0.16422111261824,0.16422111261824,0.16344831493735,0.164995106580848,0.0276292261345984,0.0258392685000836,0.0359997076367598,0.0342512128272267,0.0361040796172854,0.0258392685000836,0.0349611540942893,0.029451931941867,0.0336851878795095,0.0355321262201923,0.0264413155324859,0.0258071822188456,0.0178930684256957,0.021514519618389,0.0118694457088573,0.0294612633388294,0.0251246282080051,0.0142705699997241,0.0148682558127841,0.0112695656129053,0.0245482225649578,0.0227085517389258,0.0173010018375428,0.0197340966631292,0.0191161560763123,0.0197340966631292,0.0203031019261084,0.00294812174864075,0.0197340966631292,0.0191247120660645,0.0191161560763123,0.00591372949362306,0.00591372949362306,0.0425284982888366,0.0459486755139611,0.0456841352547093,0.0450484072606109,0.0440665375590577,0.0425284982888366,0.0453256224738376,0.0431614097657516,0.0472253461952446,0.0363510988860698,0.0465725059130388,0.0343831272453109,0.0356668569644604,0.0276105517872362,0.0375061854937873,0.0394133204110242,0.0362794104460878,0.0233556144595099,0.212976524820171,0.0136681602882989,0.0124655138876742,0.0142705699997241,0.0276194852928947,0.0136634359527075,0.0136592440038169,0.0257744647491678,0.0124700463816743,0.0148633385050585,0.0350175173884838,0.0209121153996969,0.0350175173884838,0.0350175173884838,0.0350175173884838,0.0350175173884838,0.0185160692641887,0.0191247120660645,0.0350061802854345,0.0191247120660645,0.0343940759112021,0.0387608912965002,0.0356540194952615,0.0362667372762831,0.0469757957155622,0.0450649653644336,0.0463380405270563,0.0463380405270563,0.0356540194952615,0.0362794104460878,0.0381602904070336,0.0431614097657516,0.0499182607432607,0.0393505349852313,0.0342512128272267,0.0251535443860218,0.0342615338537236,0.0034662183878224,0.0187218616305833,0.0034662183878224,0.00694957245190703,0.0181042785325409,0.0181042785325409,0.0204866534983605,0.0034662183878224,0.00462455909175077,0.0192870371364641,0.0186921530686697,0.0359101603792041,0.0313188506147611
"A_New_Mexico_8790_2019",0.0481209593692177,0.0493808143324028,0.0456797271081825,0.0393759027246791,0.0412650737378821,0.0400291062920428,0.0487579021305119,0.0493808143324028,0.0393759027246791,0.0393759027246791,0.0400048336252146,0.0432108384002856,0.0448116691073501,0.0362794104460878,0.0385249998165292,0.0444463600099901,0.0449497055274082,0.0444296412637059,0.0386669275094473,0.0450997745654497,0.0436270849036501,0.0444814871146219,0.0369192057719651,0.0356668569644604,0.0362794104460878,0.0350294097950456,0.0387745795243668,0.0369333824729678,0.0276389929732561,0.035641737194903,0.0264492227324428,0.0375190860837878,0.0350548580341116,0.0394900266524905,0.0413201680241425,0.0124868231816923,0.00829015585875628,0.00353800992035371,0.00769024582968294,0.0124868231816923,0.0393894268915258,0.0387608912965002,0,0.0393894268915258,0.0571128523154479,0.0675130826122419,0.0674881909823778,0.0681740212411997,0.0655354926907778,0.0694985253269882,0.0681740212411997,0.0674881909823778,0.0661938206331512,0.0675300512438604,0.0681740212411997,0.171620177334479,0.172338381952182,0.171473783611869,0.170039148349155,0.170829037928914,0.170829037928914,0.170829037928914,0.170829037928914,0.170829037928914,0.170039148349155,0.171620177334479,0.0356668569644604,0.0338191927454138,0.0430048032845342,0.0419115003348648,0.0413048737388761,0.0338191927454138,0.0432811690371116,0.0375611289458838,0.0432108384002856,0.0438637618522987,0.0344434125518329,0.0246167037787846,0.038146438738236,0.0251961073352235,0.0319285217929503,0.0356941949426841,0.0455457254471393,0.0344055793959679,0.0350175173884838,0.032549639885246,0.0239777488487908,0.0430777705013061,0.0406951834409315,0.0432284377515709,0.0425767229062881,0.0432284377515709,0.0394491110506513,0.0406488734012677,0.0432284377515709,0.0413272947767015,0.0425767229062881,0.0412797883114788,0.0412797883114788,0.0642214314876431,0.0688100688177428,0.0674881909823778,0.0655596702264871,0.0655354926907778,0.0642214314876431,0.0681486930599346,0.0648780304001234,0.0701354506408648,0.0578711654902968,0.0694723205701882,0.0412650737378821,0.0457553731540212,0.0350418568830802,0.0463380405270563,0.0464028039125679,0.0450997745654497,0.0412797883114788,0.210484497343251,0.0325387446199435,0.0313188506147611,0.033160248739742,0.0338325194179523,0.033771410824504,0.0337608496292085,0.0319633583626487,0.0313081743188332,0.033160248739742,0.00710097036533759,0.0388189912445073,0.00710097036533759,0.00710097036533759,0.00710097036533759,0.00710097036533759,0.0432284377515709,0.0425939198999184,0.00709754944956927,0.0425939198999184,0.00650537768026096,0.0596695497550757,0.0583700038643158,0.0564458002138957,0.0675130826122419,0.0668530165097804,0.0668530165097804,0.0668530165097804,0.0583700038643158,0.059019354604934,0.0584107115775886,0.0648780304001234,0.0577118737649818,0.0456519078554312,0.0393759027246791,0.032549639885246,0.0406637505375698,0.0412797883114788,0.0419602062536165,0.0387608912965002,0.0375061854937873,0.0388189912445073,0.0388189912445073,0.0400800259608624,0.0387608912965002,0.0412650737378821,0.0362667372762831,0.0381746992125441,0.0558183532104952,0.0538828669226847
"A_New_Mexico_17_2018",0.0405500820774061,0.0417957643281349,0.0399678508545497,0.0318986500837173,0.0325186129653776,0.0331593301831906,0.041177828550322,0.0430544182338237,0.0318986500837173,0.0318986500837173,0.0325186129653776,0.0350418568830802,0.035933910366036,0.02945173654262,0.0309786637680722,0.0362667372762831,0.0354123933399483,0.0362546203847281,0.0304646549648494,0.0387608912965002,0.0347451599218448,0.0362926392739314,0.0157386115902867,0.0133868969682349,0.0139714824071884,0.0163369510414795,0.017504504054216,0.0157445339105637,0.030028427474695,0.0169234462679459,0.0300476105349054,0.017504504054216,0.0139714824071884,0.00754299371826842,0.0197133783813732,0.0355062668051825,0.0324556167070941,0.038146438738236,0.0379209540712496,0.0355062668051825,0.00353983779403084,0.00173010553244787,0.0393894268915258,0,0.0371056036525695,0.045342240590214,0.0453256224738376,0.0459656820674956,0.0444296412637059,0.047214901955295,0.0459656820674956,0.0453256224738376,0.0440976848760805,0.0453526848301636,0.0459656820674956,0.165770300534576,0.166475406419018,0.165629624687966,0.16422111261824,0.164995106580848,0.164995106580848,0.164995106580848,0.164995106580848,0.164995106580848,0.16422111261824,0.165770300534576,0.028232726509616,0.0264413155324859,0.0353691905292457,0.033642199353638,0.0354924587459133,0.0264413155324859,0.0355742749559114,0.0300579926221315,0.034295688565857,0.0361452470818145,0.0270440883601602,0.0264225669119119,0.0185002330418967,0.0221246478210037,0.0124700463816743,0.0300796926075276,0.0257358752278957,0.0148737063816649,0.0154717561878017,0.0118694457088573,0.0251609677396833,0.0233186799415405,0.0179081664537437,0.0203442248657439,0.0197251695499009,0.0203442248657439,0.0209121153996969,0.0023571051313632,0.0203442248657439,0.0197340966631292,0.0197251695499009,0.00531919910252788,0.00531919910252788,0.0431614097657516,0.0465725059130388,0.0463206725781083,0.0456841352547093,0.0446876556513532,0.0431614097657516,0.0459486755139611,0.0437951234120534,0.0478511285047154,0.0369792396722007,0.0471971156132548,0.0337608496292085,0.0375465584264133,0.0282266948103689,0.0381331448235842,0.0387843895104888,0.0369055846043208,0.0239683596342355,0.212141102737762,0.0142705699997241,0.0130664754984825,0.0148737063816649,0.0282360081823523,0.0142654829851098,0.0142609287936333,0.0263887154406714,0.0130713693645545,0.0154664748869993,0.035641737194903,0.0215218715728276,0.035641737194903,0.035641737194903,0.035641737194903,0.035641737194903,0.0191247120660645,0.0197340966631292,0.0356300106845121,0.0197340966631292,0.0350175173884838,0.0393894268915258,0.0362794104460878,0.036892519585754,0.0476143654064458,0.045701097765762,0.0469757957155622,0.0469757957155622,0.0362794104460878,0.0369055846043208,0.0387888260020592,0.0437951234120534,0.0479840223543005,0.0387231823307832,0.033642199353638,0.0257666652476439,0.0336521492566589,0.00288684404721319,0.0193181646231449,0.00404626485658768,0.00753300308986727,0.018698808923636,0.018698808923636,0.0210840251345318,0.00404626485658768,0.00520561668183946,0.0198826298215406,0.0192870371364641,0.036529739144978,0.0319395831587936
"A_Mexico_81578_2022",0.0614688536864973,0.0614519547144111,0.0603168113887487,0.0538480092177063,0.0557810013159393,0.0551696623720234,0.0621190488366389,0.0640561272679802,0.0538480092177063,0.0538480092177063,0.0544915099500301,0.0551914846776501,0.0569160956688098,0.050050051199858,0.0511759204926799,0.0564458002138957,0.0564388145375899,0.0564269962378406,0.0507171405957196,0.0609724820884665,0.0557243599160952,0.0564851464601254,0.0278996135604617,0.0278996135604617,0.0285005971701284,0.0383197756339135,0.030934740945082,0.0279081798312988,0.0469415888081714,0.0389276802670435,0.0475992107224104,0.030934740945082,0.0260833602875241,0.0383791419054713,0.0337917949345886,0.0532627855157596,0.050092197846536,0.0557993877127431,0.0557587222538035,0.0532627855157596,0.0375325439341176,0.0364860248867954,0.0571128523154479,0.0371056036525695,0,0.0201155062681662,0.0213141459766769,0.020719371075866,0.0197340966631292,0.0213239660709356,0.020719371075866,0.0201064159208751,0.0189099601748002,0.0201183146252453,0.020719371075866,0.178462760239846,0.179178493002706,0.178311416448986,0.176881731254522,0.177671620834281,0.177671620834281,0.177671620834281,0.177671620834281,0.177671620834281,0.176881731254522,0.178462760239846,0.0488307730875054,0.0463431577430551,0.0589866477980024,0.0570020640584153,0.0576768831740979,0.0463431577430551,0.0558873230917224,0.0494786408460066,0.0545222760157794,0.0564596559854798,0.0469720886435906,0.0444098851558023,0.0393759027246791,0.041237329677051,0.0343940759112021,0.0494270621698698,0.0480565382551457,0.0356300106845121,0.0362430603952152,0.033771410824504,0.0418292624133238,0.0449483598922923,0.0208986948224601,0.0227279651555267,0.0227209510255972,0.0245639525305872,0.0275943285553199,0.0375325439341176,0.0227279651555267,0.0208986948224601,0.0227209510255972,0.0406791874220123,0.0406791874220123,0.0173010018375428,0.0213015324741752,0.0203349257230315,0.0197251695499009,0.0194954405360705,0.0173010018375428,0.0206976676664754,0.0179081664537437,0.0225381620587273,0.0251865067462683,0.0219061274692447,0.0557810013159393,0.0571332346908488,0.0487884924789862,0.0583700038643158,0.0590556922958749,0.0571128523154479,0.0444134865403729,0.218137500047564,0.0350061802854345,0.0343831272453109,0.0368800113355544,0.04625686882819,0.0362430603952152,0.0362320579351329,0.0456219481079521,0.0350175173884838,0.0374820585861752,0.0532220624184109,0.0263658267087938,0.0532220624184109,0.0532220624184109,0.0532220624184109,0.0532220624184109,0.0233392121754172,0.0227279651555267,0.0532053356073744,0.0227279651555267,0.0525798015722325,0.00769349707673532,0.0130767939569651,0.00176600570298913,0.0215667193622772,0.0197340966631292,0.0209550984909051,0.0209550984909051,0.0130767939569651,0.0136792036683902,0.00710491528632646,0.0179081664537437,0.0687204879304065,0.0609107166102492,0.0544510381164675,0.0449741065291755,0.0557426985773204,0.0389689598464176,0.0224725557950595,0.0377259511266867,0.0352491658763563,0.0236605814707626,0.0236605814707626,0.0248705034162803,0.0377259511266867,0.0389546537856002,0.0401714620029444,0.0242588207748302,0.0135422740129599,0.0100755844659157
"A_New_Mexico_02_2024",0.067947436666672,0.0679280529550387,0.0681184651112939,0.0615621825004572,0.063521688600825,0.0629064757137123,0.0686048989573265,0.0705613704308849,0.0615621825004572,0.0615621825004572,0.0622144983137896,0.0616252236955317,0.0634153983743988,0.0577214953427932,0.0589338727599732,0.0628889469895814,0.0629519637352319,0.0628676662708173,0.0584963494994925,0.0701093991801072,0.0622233583089945,0.0629332689150574,0.0360941565528716,0.0360941565528716,0.0366947118870396,0.0478048727305678,0.037908922826787,0.0361061300966307,0.0564539006055308,0.0484131742930736,0.0558575974009373,0.037908922826787,0.0342723872099484,0.0466561265468461,0.04127597045373,0.0628234134942456,0.0596285144448602,0.0661697986562261,0.0653256814587026,0.0628234134942456,0.0463380405270563,0.0447195755035159,0.0675130826122419,0.045342240590214,0.0201155062681662,0,0.00462455909175077,0.00404626485658768,0.00294812174864075,0.00520838042912786,0.00173010553244787,0.00462455909175077,0.00230814027890721,0.00462723397433008,0.00404626485658768,0.182481117307682,0.183200626464706,0.182324694965009,0.180887490460593,0.181683668972774,0.181683668972774,0.181683668972774,0.181683668972774,0.181683668972774,0.180887490460593,0.182481117307682,0.0558575974009373,0.0546302019693276,0.0661847831056067,0.0640411592364817,0.0634811097887132,0.0546302019693276,0.0623024656145706,0.0565102478471556,0.060286513047016,0.0622271102896521,0.0552627131226209,0.0545986928410401,0.0481996840687313,0.0500834181170486,0.0431460587387789,0.0570930494952186,0.0569707105581156,0.0443978964587364,0.0450169871351933,0.0425135475854856,0.0519548439681401,0.0544745341471425,0.0294612633388294,0.0313188506147611,0.0313081743188332,0.0331833648946945,0.0362430603952152,0.0463380405270563,0.0313188506147611,0.0294612633388294,0.0313081743188332,0.0495349823646843,0.0495349823646843,0.00353983779403084,0.00929203755977662,0.00235597627291342,0.00889201705658983,0.00928739085470685,0.00353983779403084,0.00404417597376962,0.00413225492494671,0.0104718358821689,0.032573086181434,0.00987854789095832,0.0622144983137896,0.0642447450767927,0.0564458002138957,0.0648323053407621,0.0681662217840656,0.0635656936887377,0.0533143382533708,0.224831861843541,0.0437641828124346,0.0431312713355196,0.0456677384111167,0.0564651838311053,0.0450169871351933,0.0443684127138192,0.0545271969087589,0.0437793710463754,0.0450021263601211,0.0635433973447964,0.0349953991115145,0.0635433973447964,0.0635433973447964,0.0635433973447964,0.0635433973447964,0.0319395831587936,0.0313188506147611,0.063521688600825,0.0313188506147611,0.0628889469895814,0.0221587859504301,0.0179081664537437,0.0209454264093789,0.00472537480469985,0.00770157406834746,0.0100953548225339,0.0100953548225339,0.0179081664537437,0.0185160692641887,0.0215667193622772,0.00710491528632646,0.0740462790750248,0.0687129331746503,0.0614819725873595,0.053865149323783,0.0627805273321646,0.047214901955295,0.03065403874751,0.0459656820674956,0.0434765667837849,0.0318378114930431,0.0318378114930431,0.0318378114930431,0.0459656820674956,0.0471971156132548,0.0471631736420313,0.0324356036443381,0.0183299285143743,0.0148796895996488
"A_New_Mexico_17_2024",0.0692429781047331,0.069223328462546,0.0680954777914507,0.0615423410436313,0.0635005680897489,0.062885756458977,0.0699017397283535,0.0718618570129679,0.0615423410436313,0.0615423410436313,0.062194231618373,0.0616036244606706,0.0633943338158013,0.0577024343185781,0.0589134254722105,0.0628676662708173,0.0629312011934995,0.0628469732254382,0.0584761780305554,0.0700839416703556,0.0622007482932531,0.062910814747706,0.0360827167065952,0.0360827167065952,0.0366834320172169,0.0477877833422474,0.037897427837038,0.0360941565528716,0.0564362308293867,0.0483962390619016,0.0558392156202905,0.037897427837038,0.0342615338537236,0.0466392119121493,0.0412623626995327,0.0628016891764066,0.0596088303063121,0.0661463665438969,0.0653040016239618,0.0628016891764066,0.0463206725781083,0.0447033448577352,0.0674881909823778,0.0453256224738376,0.0213141459766769,0.00462455909175077,0,0.00520561668183946,0.00413007630096208,0.00636976156163504,0.00520561668183946,0.00578474956050255,0.00346446576390225,0.00578809786252613,0.00520561668183946,0.183200626464706,0.183920865514495,0.183044390574607,0.181605728780656,0.182402541698295,0.182402541698295,0.182402541698295,0.182402541698295,0.182402541698295,0.181605728780656,0.183200626464706,0.0558392156202905,0.0546115113881687,0.0661618821515243,0.0640203038713389,0.0634595105336332,0.0546115113881687,0.0622799736920397,0.0564909097085338,0.0602658631608604,0.0622046739673105,0.0552436227239387,0.0545793820155425,0.0481827986636298,0.0500664484462583,0.0431312713355196,0.0570738268584507,0.0569555671205549,0.0443828716411957,0.0450021263601211,0.0424991599997495,0.051938364665788,0.0544581376474453,0.02945173654262,0.0313081743188332,0.0312980491942508,0.0331715305126813,0.0362320579351329,0.0463206725781083,0.0313081743188332,0.02945173654262,0.0312980491942508,0.0495155716274938,0.0495155716274938,0.00472284459801292,0.010460411920583,0.00472083671535559,0.0100844161574222,0.0104555821921459,0.00472284459801292,0.00520335414615748,0.00531631647777729,0.0116429656989802,0.0325610872785921,0.0110479560539963,0.062194231618373,0.0642214314876431,0.0564269962378406,0.0648103265335241,0.0694647987477326,0.0635433973447964,0.0532947329452822,0.22558135302113,0.0437495593335992,0.0431170481803059,0.0456519078554312,0.0564458002138957,0.0450021263601211,0.0443545203063581,0.0545090644159973,0.0437641828124346,0.0449878326139545,0.063521688600825,0.0349851744959317,0.063521688600825,0.063521688600825,0.063521688600825,0.063521688600825,0.0319285217929503,0.0313081743188332,0.0635005680897489,0.0313081743188332,0.0628676662708173,0.0233741822897738,0.0179003500061262,0.0221587859504301,0.00591049361246663,0.00889201705658983,0.0112901031883363,0.0112901031883363,0.0179003500061262,0.0185078834952102,0.0227814137844394,0.00829428835420297,0.0740198999246296,0.0686901343909784,0.0614627535379537,0.0532053356073744,0.0627599285546316,0.0471971156132548,0.030643815971625,0.0459486755139611,0.0434611081939043,0.0318284390281372,0.0318284390281372,0.0318284390281372,0.0459486755139611,0.0471798726491875,0.0471470191741023,0.0324263932834519,0.0183219071875477,0.0148737063816649
"A_New_Mexico_05_2024",0.0699224227763291,0.0699017397283535,0.0687789671888506,0.0622144983137896,0.0641765675418568,0.0635609260689273,0.0705824888787904,0.0725455000186951,0.0622144983137896,0.0622144983137896,0.0628676662708173,0.0622788185598425,0.0640754644768602,0.0583700038643158,0.0595900408331483,0.0635433973447964,0.0636133394930401,0.063521688600825,0.0591542443312524,0.0707729692841384,0.0628838603865512,0.0635885770036176,0.0367065265008195,0.0367065265008195,0.0373074570617652,0.0484306550400387,0.0385227964459483,0.0367188752713563,0.0570872129131273,0.0490393484513066,0.0564909097085338,0.0385227964459483,0.0348828878962958,0.047281908856317,0.0419072836689144,0.0634648504006902,0.0602658631608604,0.0668285602798464,0.0659691821910264,0.0634648504006902,0.0469757957155622,0.045342240590214,0.0681740212411997,0.0459656820674956,0.020719371075866,0.00404626485658768,0.00520561668183946,0,0.00353983779403084,0.00579045267181469,0.00462698501478275,0.00520561668183946,0.00288684404721319,0.00520862938867516,0,0.183279839522261,0.183999987146555,0.183122143299917,0.181683668972774,0.182481117307682,0.182481117307682,0.182481117307682,0.182481117307682,0.182481117307682,0.181683668972774,0.183279839522261,0.0564909097085338,0.0552627131226209,0.0668496768206075,0.0646830078483708,0.0641233706348914,0.0552627131226209,0.0629447264607489,0.0571447656988081,0.0609250827378997,0.0628685471960967,0.0558960254302175,0.0552451053421927,0.0488386617914773,0.0507240331950729,0.0437793710463754,0.057741137725942,0.0576158719379507,0.0450324143103888,0.0456519078554312,0.0431460587387789,0.0525966925800291,0.0551184492393569,0.0300796926075276,0.0319395831587936,0.0319285217929503,0.033806417934818,0.0368680604765955,0.0469757957155622,0.0319395831587936,0.0300796926075276,0.0319285217929503,0.0501768309765735,0.0501768309765735,0.00413225492494671,0.00987854789095832,0.00413007630096208,0.00949046117351291,0.00987355739311863,0.00413225492494671,0.00462455909175077,0.00472537480469985,0.0110600712441338,0.0331957512681322,0.0104657470189291,0.0628676662708173,0.0649017753947272,0.0570930494952186,0.0654889042532423,0.0688275975418737,0.0642214314876431,0.0539594996332059,0.225684376969083,0.0443978964587364,0.0437641828124346,0.046303870812445,0.0571128523154479,0.0456519078554312,0.0450021263601211,0.055172358288594,0.0444134865403729,0.0456366442117736,0.0641987054333566,0.0356188405887961,0.0641987054333566,0.0641987054333566,0.0641987054333566,0.0641987054333566,0.0325610872785921,0.0319395831587936,0.0641765675418568,0.0319395831587936,0.0635433973447964,0.022771155898378,0.0185160692641887,0.0215566734292695,0.00531919910252788,0.00829894570451891,0.0106955949906588,0.0106955949906588,0.0185160692641887,0.0191247120660645,0.0221790893102251,0.00770157406834746,0.0747196798502142,0.0693734352522071,0.0621205422782432,0.0545090644159973,0.0634211424101889,0.0478406842647659,0.0312612033637109,0.0465899018739148,0.0440976848760805,0.0324453449821271,0.0324453449821271,0.0324453449821271,0.0465899018739148,0.0478225065640811,0.0477877833422474,0.033043506454783,0.0189323382257995,0.015483919280433
"A_New_Mexico_USAFSAM_14540_2024",0.0672908377541918,0.0685850832729732,0.0661421779533822,0.0596103257602204,0.0615621825004572,0.0609482486675947,0.067947436666672,0.0699017397283535,0.0596103257602204,0.0596103257602204,0.0602600984312633,0.0583700038643158,0.060128075553356,0.0557810013159393,0.0569705194518873,0.059629483034673,0.059658144181829,0.0596103257602204,0.0565278430198226,0.0681239564653609,0.0589338727599732,0.0596695497550757,0.0350061802854345,0.0350061802854345,0.0356188405887961,0.0456677384111167,0.0368566676353488,0.0350175173884838,0.0551184492393569,0.0462876358495296,0.0545090644159973,0.0368566676353488,0.0331495201970687,0.0457678150506519,0.0393867994405271,0.0622567924176983,0.0589994519071015,0.0641987054333566,0.0648103265335241,0.0622567924176983,0.0444296412637059,0.0437951234120534,0.0655354926907778,0.0444296412637059,0.0197340966631292,0.00294812174864075,0.00413007630096208,0.00353983779403084,0,0.00472537480469985,0.00353983779403084,0.00294664379582899,0.000588235361964851,0.00294838136611731,0.00353983779403084,0.180814094556544,0.181540439711512,0.180659811163477,0.17920895674142,0.180010881532407,0.180010881532407,0.180010881532407,0.180010881532407,0.180010881532407,0.17920895674142,0.180814094556544,0.0551538098309332,0.0545459067958401,0.064195390560725,0.0635005680897489,0.0629277833793246,0.0545459067958401,0.060416393331158,0.0558183532104952,0.0583700038643158,0.0603419238239786,0.0551914846776501,0.0526644544520799,0.0462876358495296,0.0481664828616877,0.0412509206518886,0.0551538098309332,0.0550402062293859,0.0424991599997495,0.0431170481803059,0.0406208008457446,0.0513138182393123,0.0525477494891475,0.0288435980348331,0.0306988877331008,0.0306885955530591,0.0325610872785921,0.0343727340248163,0.0444296412637059,0.0306988877331008,0.0288435980348331,0.0306885955530591,0.0476143654064458,0.0476143654064458,0.00294812174864075,0.00889201705658983,0.00294664379582899,0.00829428835420297,0.0088875274949277,0.00294812174864075,0.00353800992035371,0.00353983779403084,0.0100896224195672,0.0319511955539987,0.00949046117351291,0.0602600984312633,0.0609724820884665,0.0545090644159973,0.0615621825004572,0.0661873273803571,0.0602998427571301,0.0513838339246411,0.220449777789887,0.0406076066718976,0.041237329677051,0.0424991599997495,0.0545271969087589,0.0431170481803059,0.0424720766859498,0.0525966925800291,0.0406208008457446,0.0431033899011342,0.0615826105182055,0.0343727340248163,0.0615826105182055,0.0615826105182055,0.0615826105182055,0.0615826105182055,0.0313188506147611,0.0306988877331008,0.0615621825004572,0.0306988877331008,0.0609307199434638,0.0215471650790581,0.0173010018375428,0.0203349257230315,0.00294812174864075,0.00710491528632646,0.00949583436701332,0.00949583436701332,0.0173010018375428,0.0179081664537437,0.0209550984909051,0.00650896765916049,0.0729002000270441,0.0667366460167386,0.0602600984312633,0.051938364665788,0.0622144983137896,0.0463380405270563,0.0300796926075276,0.0450649653644336,0.0425284982888366,0.0319080546306558,0.0319080546306558,0.0319080546306558,0.0450649653644336,0.0463206725781083,0.0462876358495296,0.0325186129653776,0.0179081664537437,0.0142761892246311
"A_New_Mexico_61_2023",0.0712434275077484,0.0712218725084416,0.0701025946991042,0.063521688600825,0.0654889042532423,0.0648724022306626,0.0719052409730025,0.0738726408111316,0.063521688600825,0.063521688600825,0.0641765675418568,0.0635885770036176,0.0653982165710722,0.0596695497550757,0.0595900408331483,0.0648548735065317,0.0649387213161621,0.0648323053407621,0.0591542443312524,0.0721027573020179,0.0642074878968047,0.0649017753947272,0.0379335209816028,0.0367065265008195,0.0373074570617652,0.0496845741925206,0.0397528093663794,0.0379466229723444,0.0583562491273628,0.0502940542540194,0.0577599459227692,0.0397528093663794,0.0361061300966307,0.0485358280087989,0.0431723064815995,0.0647501981522406,0.0615430030634088,0.0681486930599346,0.0672586735569356,0.0647501981522406,0.0482537516828343,0.0465899018739148,0.0694985253269882,0.047214901955295,0.0213239660709356,0.00520838042912786,0.00636976156163504,0.00579045267181469,0.00472537480469985,0,0.00579045267181469,0.00636976156163504,0.00404626485658768,0.00637345228007964,0.00579045267181469,0.184881121915698,0.185602552621029,0.184720865685162,0.183279839522261,0.184079839692927,0.184079839692927,0.184079839692927,0.184079839692927,0.184079839692927,0.183279839522261,0.184881121915698,0.0577599459227692,0.056530140924215,0.0681821226457959,0.0659691821910264,0.0654103726324778,0.056530140924215,0.0642317284583354,0.0571447656988081,0.0622046739673105,0.0641538949476471,0.0571650616444529,0.0565404428542389,0.0501190722223141,0.0520077309476958,0.0450484072606109,0.0590398397547847,0.058261866859852,0.046303870812445,0.0469241731729286,0.0444134865403729,0.0538828669226847,0.0564087725361027,0.0313188506147611,0.0331833648946945,0.0331715305126813,0.0350548580341116,0.0381204092841001,0.0482537516828343,0.0331833648946945,0.0313188506147611,0.0331715305126813,0.051463005319229,0.051463005319229,0.00531919910252788,0.0110536365634351,0.00531631647777729,0.0106895025155193,0.0110479560539963,0.00531919910252788,0.00462455909175077,0.00591372949362306,0.0122386221728245,0.0344434125518329,0.0116422181499425,0.0641765675418568,0.0649017753947272,0.0583900670837419,0.0668046944862702,0.0701529793649958,0.0655354926907778,0.0552523251757173,0.222283003307707,0.0456677384111167,0.0450324143103888,0.0475785687622452,0.0584107115775886,0.0469241731729286,0.0462719683125013,0.0564651838311053,0.0456841352547093,0.0469081007138297,0.0655119038244662,0.0368680604765955,0.0655119038244662,0.0655119038244662,0.0655119038244662,0.0655119038244662,0.033806417934818,0.0331833648946945,0.0654889042532423,0.0331833648946945,0.0648548735065317,0.0233842767600002,0.0197340966631292,0.0221686686097138,0.00650896765916049,0.00949583436701332,0.0118982413912835,0.0118982413912835,0.0197340966631292,0.0203442248657439,0.0227922101718473,0.00889703190023402,0.0760692083347967,0.0706970627624606,0.0634001335076539,0.0557993877127431,0.0647048401628118,0.0490946034172478,0.0324777489760317,0.0478406842647659,0.045342240590214,0.0336626310368178,0.0336626310368178,0.0336626310368178,0.0478406842647659,0.0490756400521109,0.0490393484513066,0.0342615338537236,0.0201393394154401,0.0166945736249381
"A_New_Mexico_31_2024",0.0686048989573265,0.0685850832729732,0.0687789671888506,0.0622144983137896,0.0641765675418568,0.0635609260689273,0.0692632268997,0.0712218725084416,0.0622144983137896,0.0622144983137896,0.0628676662708173,0.0622788185598425,0.0640754644768602,0.0583700038643158,0.0595900408331483,0.0635433973447964,0.0636133394930401,0.063521688600825,0.0591542443312524,0.0707729692841384,0.0628838603865512,0.0635885770036176,0.0367065265008195,0.0367065265008195,0.0373074570617652,0.0484306550400387,0.0385227964459483,0.0367188752713563,0.0570872129131273,0.0490393484513066,0.0564909097085338,0.0385227964459483,0.0348828878962958,0.047281908856317,0.0419072836689144,0.0634648504006902,0.0602658631608604,0.0668285602798464,0.0659691821910264,0.0634648504006902,0.0469757957155622,0.045342240590214,0.0681740212411997,0.0459656820674956,0.020719371075866,0.00173010553244787,0.00520561668183946,0.00462698501478275,0.00353983779403084,0.00579045267181469,0,0.00520561668183946,0.00288684404721319,0.00520862938867516,0.00462698501478275,0.181683668972774,0.182402541698295,0.181528516452827,0.180092577733543,0.180887490460593,0.180887490460593,0.180887490460593,0.180887490460593,0.180887490460593,0.180092577733543,0.181683668972774,0.0564909097085338,0.0552627131226209,0.0668496768206075,0.0646830078483708,0.0641233706348914,0.0552627131226209,0.0629447264607489,0.0571447656988081,0.0609250827378997,0.0628685471960967,0.0558960254302175,0.0552451053421927,0.0488386617914773,0.0507240331950729,0.0437793710463754,0.057741137725942,0.0576158719379507,0.0450324143103888,0.0456519078554312,0.0431460587387789,0.0525966925800291,0.0551184492393569,0.0300796926075276,0.0319395831587936,0.0319285217929503,0.033806417934818,0.0368680604765955,0.0469757957155622,0.0319395831587936,0.0300796926075276,0.0319285217929503,0.0501768309765735,0.0501768309765735,0.00413225492494671,0.00987854789095832,0.00294664379582899,0.00949046117351291,0.00987355739311863,0.00413225492494671,0.00462455909175077,0.00472537480469985,0.0110600712441338,0.0331957512681322,0.0104657470189291,0.0628676662708173,0.0649017753947272,0.0570930494952186,0.0654889042532423,0.0688275975418737,0.0642214314876431,0.0539594996332059,0.223980797808276,0.0443978964587364,0.0437641828124346,0.046303870812445,0.0571128523154479,0.0456519078554312,0.0450021263601211,0.055172358288594,0.0444134865403729,0.0456366442117736,0.0641987054333566,0.0356188405887961,0.0641987054333566,0.0641987054333566,0.0641987054333566,0.0641987054333566,0.0325610872785921,0.0319395831587936,0.0641765675418568,0.0319395831587936,0.0635433973447964,0.022771155898378,0.0185160692641887,0.0215566734292695,0.00531919910252788,0.00829894570451891,0.0106955949906588,0.0106955949906588,0.0185160692641887,0.0191247120660645,0.0221790893102251,0.00770157406834746,0.0747196798502142,0.0693734352522071,0.0621205422782432,0.0545090644159973,0.0634211424101889,0.0478406842647659,0.0312612033637109,0.0465899018739148,0.0440976848760805,0.0324453449821271,0.0324453449821271,0.0324453449821271,0.0465899018739148,0.0478225065640811,0.0477877833422474,0.033043506454783,0.0189323382257995,0.015483919280433
"A_New_Mexico_44_2024",0.0705613704308849,0.0705408522815486,0.06941648252287,0.0628469732254382,0.0648103265335241,0.0641946577300164,0.0712218725084416,0.0731863610987564,0.0628469732254382,0.0628469732254382,0.0635005680897489,0.0616036244606706,0.0633943338158013,0.0589994519071015,0.060225762183596,0.0628676662708173,0.0629312011934995,0.0628469732254382,0.0597919682635834,0.0700839416703556,0.0622007482932531,0.062910814747706,0.0360827167065952,0.0360827167065952,0.0366834320172169,0.0477877833422474,0.037897427837038,0.0360941565528716,0.0564362308293867,0.0483962390619016,0.0558392156202905,0.037897427837038,0.0342615338537236,0.0466392119121493,0.0412623626995327,0.0621614842233844,0.0596088303063121,0.0661463665438969,0.0653040016239618,0.0621614842233844,0.0463206725781083,0.0447033448577352,0.0674881909823778,0.0453256224738376,0.0201064159208751,0.00462455909175077,0.00578474956050255,0.00520561668183946,0.00294664379582899,0.00636976156163504,0.00520561668183946,0,0.00230705783967656,0,0.00520561668183946,0.182402541698295,0.183122143299917,0.182247577656968,0.180810183664535,0.181605728780656,0.181605728780656,0.181605728780656,0.181605728780656,0.181605728780656,0.180810183664535,0.182402541698295,0.0571058407435073,0.0546115113881687,0.0674916701694038,0.0653040016239618,0.0647440327558542,0.0546115113881687,0.0616389479632119,0.0577599459227692,0.0602658631608604,0.0622046739673105,0.0552436227239387,0.0545793820155425,0.0481827986636298,0.0500664484462583,0.0431312713355196,0.0557810013159393,0.0569555671205549,0.0443828716411957,0.0450021263601211,0.0424991599997495,0.051938364665788,0.0544581376474453,0.02945173654262,0.0313081743188332,0.0312980491942508,0.0331715305126813,0.0362320579351329,0.0463206725781083,0.0313081743188332,0.02945173654262,0.0312980491942508,0.0495155716274938,0.0495155716274938,0.00472284459801292,0.010460411920583,0.00472083671535559,0.0100844161574222,0.0104555821921459,0.00472284459801292,0.00520335414615748,0.00531631647777729,0.0116429656989802,0.0325610872785921,0.0110479560539963,0.0635005680897489,0.0642214314876431,0.0577214953427932,0.0648103265335241,0.0694647987477326,0.0635433973447964,0.0532947329452822,0.223879223717729,0.0424853361569199,0.0431170481803059,0.0443828716411957,0.0564458002138957,0.0450021263601211,0.0443545203063581,0.0545090644159973,0.0424991599997495,0.0449878326139545,0.063521688600825,0.0349851744959317,0.063521688600825,0.063521688600825,0.063521688600825,0.063521688600825,0.0319285217929503,0.0313081743188332,0.0635005680897489,0.0313081743188332,0.0628676662708173,0.0221494419346039,0.0179003500061262,0.0209362914538968,0.00472284459801292,0.00889201705658983,0.0112901031883363,0.0112901031883363,0.0179003500061262,0.0185078834952102,0.0215566734292695,0.00829428835420297,0.0753667020857411,0.0700111391223977,0.062739893440502,0.0538480092177063,0.0640411592364817,0.0471971156132548,0.030643815971625,0.0459486755139611,0.0434611081939043,0.0318284390281372,0.0318284390281372,0.0318284390281372,0.0459486755139611,0.0471798726491875,0.0471470191741023,0.0324263932834519,0.0171199835318504,0.0148737063816649
"A_New_Mexico_60_2023",0.067947436666672,0.0679280529550387,0.0668000727851422,0.0602600984312633,0.0622144983137896,0.0616001392423365,0.0686048989573265,0.0705613704308849,0.0602600984312633,0.0602600984312633,0.0609107166102492,0.059019354604934,0.0607838133522614,0.0564269962378406,0.057624114316198,0.0602796781848146,0.0603151744997634,0.0602600984312633,0.0571831511083829,0.0687848950943188,0.0595900408331483,0.0603205915137249,0.0348716620563383,0.0348716620563383,0.0354714696867047,0.0465556528427684,0.0366834320172169,0.0348828878962958,0.0551896774288515,0.0471631736420313,0.0545933742242579,0.0366834320172169,0.0330536175632292,0.0454069066590468,0.0400157303410625,0.0615430030634088,0.0583562491273628,0.0648548735065317,0.0640411592364817,0.0615430030634088,0.0450649653644336,0.0434765667837849,0.0661938206331512,0.0440976848760805,0.0189099601748002,0.00230814027890721,0.00346446576390225,0.00288684404721319,0.000588235361964851,0.00404626485658768,0.00288684404721319,0.00230705783967656,0,0.00230838923845455,0.00288684404721319,0.179298926773256,0.180015902321967,0.179147559572705,0.177715394174906,0.178506533580471,0.178506533580471,0.178506533580471,0.178506533580471,0.178506533580471,0.177715394174906,0.179298926773256,0.0545933742242579,0.0533675750357306,0.0648576423131703,0.0627599285546316,0.0621990578042442,0.0533675750357306,0.0597416405545432,0.0552436227239387,0.0577403585951597,0.0596695599562669,0.0539984899459416,0.0533083695442943,0.0469241731729286,0.0488046450414901,0.0418818355620996,0.0557993877127431,0.0556828798397178,0.0431312713355196,0.0437495593335992,0.0412509206518886,0.05067361328629,0.0531891863955921,0.0282266948103689,0.0300796926075276,0.0300697835928841,0.0319395831587936,0.0349953991115145,0.0450649653644336,0.0300796926075276,0.0282266948103689,0.0300697835928841,0.0482537516828343,0.0482537516828343,0.0023571051313632,0.00812107683723607,0.00235597627291342,0.00769727335789911,0.00811711530583043,0.0023571051313632,0.00288542690358836,0.00294812174864075,0.00929743722129119,0.0313300774617031,0.00870621441133125,0.0609107166102492,0.0616252236955317,0.0551538098309332,0.0622144983137896,0.0668460890039774,0.0609513086473382,0.052026507534973,0.22143626305454,0.041237329677051,0.0418678467845651,0.0431312713355196,0.055172358288594,0.0437495593335992,0.0431033899011342,0.053239366190361,0.0412509206518886,0.0437355012369042,0.0622353521252707,0.033750843397381,0.0622353521252707,0.0622353521252707,0.0622353521252707,0.0622353521252707,0.0306988877331008,0.0300796926075276,0.0622144983137896,0.0300796926075276,0.0615826105182055,0.0209362914538968,0.0166945736249381,0.0197251695499009,0.0023571051313632,0.00650896765916049,0.00889703190023402,0.00889703190023402,0.0166945736249381,0.0173010018375428,0.0203442248657439,0.00591372949362306,0.0727021922441247,0.0673945408484986,0.0602072746375593,0.0525798015722325,0.0615017542566061,0.0459656820674956,0.0294419169417568,0.0447195755035159,0.0422366405438936,0.0306249546217993,0.0306249546217993,0.0306249546217993,0.0447195755035159,0.0459486755139611,0.0459162902028301,0.0312220108155325,0.0171272821137496,0.0136734163969568
"A_New_Mexico_45_2024",0.0706051207642733,0.0705845763540223,0.0694595833128197,0.062885756458977,0.0648503955289218,0.0642343460779396,0.0712660593932313,0.0732318360125093,0.062885756458977,0.062885756458977,0.0635397787889847,0.061641633601135,0.0634337964155829,0.0590357645105373,0.0602632122692406,0.0629064757137123,0.0629704736309816,0.062885756458977,0.0598292647144807,0.0701274893682668,0.0622394994271523,0.0629496788206607,0.0361040796172854,0.0361040796172854,0.0367051561269891,0.0478163630189647,0.0379198894732754,0.0361155332121659,0.0564701599935536,0.0484251894631361,0.0558727881442083,0.0379198894732754,0.0342817903254837,0.0466671316677774,0.0412874261454677,0.0621990578042442,0.059644773832883,0.0661873273803571,0.0653435534268574,0.0621990578042442,0.0463489372429042,0.0447300197434654,0.0675300512438604,0.0453526848301636,0.0201183146252453,0.00462723397433008,0.00578809786252613,0.00520862938867516,0.00294838136611731,0.00637345228007964,0.00520862938867516,0,0.00230838923845455,0,0.00520862938867516,0.182525559324659,0.183245685248615,0.182370372100861,0.180931932477569,0.181728110989751,0.181728110989751,0.181728110989751,0.181728110989751,0.181728110989751,0.180931932477569,0.182525559324659,0.0571402159458023,0.0546443291520959,0.0675339209121843,0.0653435534268574,0.0647832729064645,0.0546443291520959,0.0616762551212188,0.0577947481292948,0.060302237474856,0.0622423010329231,0.0552768403053892,0.0546128983792447,0.0482122207376256,0.0500970547160607,0.0431575007864231,0.0558152402538334,0.0569904934180222,0.0444098851558023,0.0450295238040876,0.0425249896331298,0.051970140501249,0.0544915027787611,0.029469452994339,0.0313270402702708,0.0313169027889291,0.0331915545502041,0.0362539571110632,0.0463489372429042,0.0313270402702708,0.029469452994339,0.0313169027889291,0.0495458790805322,0.0495458790805322,0.00472563442217639,0.0104664945679668,0.00472362416436814,0.0100904019859225,0.0104616592109213,0.00472563442217639,0.00520636423087711,0.00531945872000444,0.0116497478745542,0.0325807383117741,0.0110543841124728,0.0635397787889847,0.064261154982396,0.0577569902670322,0.0648503955289218,0.0695079612147711,0.0635826623203563,0.0533274242213046,0.224034174539755,0.0425111486968154,0.0431432600325854,0.0444098851558023,0.0564804803642143,0.0450295238040876,0.044381498681753,0.0545424934418678,0.0425249896331298,0.0450152123280547,0.0635609260689273,0.0350062958273624,0.0635609260689273,0.0635609260689273,0.0635609260689273,0.0635609260689273,0.0319477728143032,0.0313270402702708,0.0635397787889847,0.0313270402702708,0.0629064757137123,0.0221627111226885,0.0179110381257474,0.020948824207213,0.00472563442217639,0.0088972915177106,0.0112968162189436,0.0112968162189436,0.0179110381257474,0.0185189409361924,0.0215695910342809,0.00829920532199546,0.0754141333675869,0.0700545938699218,0.0627778005227863,0.0538810018648732,0.0640799124702018,0.0472253461952446,0.0306618893331979,0.0459761263074452,0.0434870110237345,0.0318472146085783,0.0318472146085783,0.0318472146085783,0.0459761263074452,0.0472080822597431,0.0471751888120937,0.0324455267087519,0.0171300970364303,0.0148825612716525
"A_New_Mexico_12_2024",0.0699224227763291,0.0699017397283535,0.0687789671888506,0.0622144983137896,0.0641765675418568,0.0635609260689273,0.0705824888787904,0.0725455000186951,0.0622144983137896,0.0622144983137896,0.0628676662708173,0.0622788185598425,0.0640754644768602,0.0583700038643158,0.0595900408331483,0.0635433973447964,0.0636133394930401,0.063521688600825,0.0591542443312524,0.0707729692841384,0.0628838603865512,0.0635885770036176,0.0367065265008195,0.0367065265008195,0.0373074570617652,0.0484306550400387,0.0385227964459483,0.0367188752713563,0.0570872129131273,0.0490393484513066,0.0564909097085338,0.0385227964459483,0.0348828878962958,0.047281908856317,0.0419072836689144,0.0634648504006902,0.0602658631608604,0.0668285602798464,0.0659691821910264,0.0634648504006902,0.0469757957155622,0.045342240590214,0.0681740212411997,0.0459656820674956,0.020719371075866,0.00404626485658768,0.00520561668183946,0,0.00353983779403084,0.00579045267181469,0.00462698501478275,0.00520561668183946,0.00288684404721319,0.00520862938867516,0,0.183279839522261,0.183999987146555,0.183122143299917,0.181683668972774,0.182481117307682,0.182481117307682,0.182481117307682,0.182481117307682,0.182481117307682,0.181683668972774,0.183279839522261,0.0564909097085338,0.0552627131226209,0.0668496768206075,0.0646830078483708,0.0641233706348914,0.0552627131226209,0.0629447264607489,0.0571447656988081,0.0609250827378997,0.0628685471960967,0.0558960254302175,0.0552451053421927,0.0488386617914773,0.0507240331950729,0.0437793710463754,0.057741137725942,0.0576158719379507,0.0450324143103888,0.0456519078554312,0.0431460587387789,0.0525966925800291,0.0551184492393569,0.0300796926075276,0.0319395831587936,0.0319285217929503,0.033806417934818,0.0368680604765955,0.0469757957155622,0.0319395831587936,0.0300796926075276,0.0319285217929503,0.0501768309765735,0.0501768309765735,0.00413225492494671,0.00987854789095832,0.00413007630096208,0.00949046117351291,0.00987355739311863,0.00413225492494671,0.00462455909175077,0.00472537480469985,0.0110600712441338,0.0331957512681322,0.0104657470189291,0.0628676662708173,0.0649017753947272,0.0570930494952186,0.0654889042532423,0.0688275975418737,0.0642214314876431,0.0539594996332059,0.225684376969083,0.0443978964587364,0.0437641828124346,0.046303870812445,0.0571128523154479,0.0456519078554312,0.0450021263601211,0.055172358288594,0.0444134865403729,0.0456366442117736,0.0641987054333566,0.0356188405887961,0.0641987054333566,0.0641987054333566,0.0641987054333566,0.0641987054333566,0.0325610872785921,0.0319395831587936,0.0641765675418568,0.0319395831587936,0.0635433973447964,0.022771155898378,0.0185160692641887,0.0215566734292695,0.00531919910252788,0.00829894570451891,0.0106955949906588,0.0106955949906588,0.0185160692641887,0.0191247120660645,0.0221790893102251,0.00770157406834746,0.0747196798502142,0.0693734352522071,0.0621205422782432,0.0545090644159973,0.0634211424101889,0.0478406842647659,0.0312612033637109,0.0465899018739148,0.0440976848760805,0.0324453449821271,0.0324453449821271,0.0324453449821271,0.0465899018739148,0.0478225065640811,0.0477877833422474,0.033043506454783,0.0189323382257995,0.015483919280433
"A_HongKong_HK5MA21_2_2008",0.146852946684496,0.147550000539332,0.146190972397548,0.144580215498659,0.146852946684496,0.144675819722959,0.147612825250204,0.149072071729946,0.144580215498659,0.144580215498659,0.143824928345975,0.153533373348734,0.157109522450681,0.150470576635392,0.151277108857567,0.154939361983077,0.157639894655997,0.155643410218033,0.151888130434328,0.149770976650477,0.155015767857303,0.155071836100973,0.163517908319948,0.161342585630014,0.162043798115502,0.162043798115502,0.165841692518221,0.161273381938424,0.164151622220745,0.161342585630014,0.167396903725418,0.165841692518221,0.162043798115502,0.165593880473298,0.168153474772753,0.166475406419018,0.164925017579894,0.169322920644977,0.168594954105376,0.166475406419018,0.167105855082418,0.164995106580848,0.171620177334479,0.165770300534576,0.178462760239846,0.182481117307682,0.183200626464706,0.183279839522261,0.180814094556544,0.184881121915698,0.181683668972774,0.182402541698295,0.179298926773256,0.182525559324659,0.183279839522261,0,0.00173035449199518,0.00230780538871422,0.00115340304895753,0.00173110386423543,0.00115340304895753,0.00173110386423543,0.000576368939904143,0.00173110386423543,0.00115340304895753,0.00115340304895753,0.147401766754836,0.151896179039053,0.145457855032236,0.143005747550872,0.145204446729527,0.150393548306321,0.155118301871111,0.147463429379848,0.151080503584149,0.154915056134513,0.15114429919812,0.160460679730883,0.163401517763912,0.157320066727709,0.161061419888673,0.163260063219671,0.17125966370752,0.159576180375742,0.163401517763912,0.155775663955416,0.159439363013668,0.168607417481203,0.164823786151769,0.167965980310845,0.166320308966398,0.167965980310845,0.168040044192941,0.168680659533867,0.167965980310845,0.166392414889335,0.166320308966398,0.167105855082418,0.167105855082418,0.180010881532407,0.177036341749682,0.183959799270623,0.175940381171744,0.175349459160989,0.180010881532407,0.177036341749682,0.180814094556544,0.181884943983734,0.172192194300228,0.179394836688751,0.146852946684496,0.156615047202568,0.151298861720216,0.157958229167404,0.148472345176757,0.155775663955416,0.165679693625473,0.155361089610576,0.160353181309109,0.159576180375742,0.159576180375742,0.158664769520254,0.161840236245515,0.160215158359378,0.158664769520254,0.158869254644044,0.162549792951219,0.167748116193529,0.165188912782957,0.167748116193529,0.167748116193529,0.167748116193529,0.167748116193529,0.166392414889335,0.167178578573311,0.167676939231021,0.167178578573311,0.166962570077508,0.179132730404078,0.176885919515901,0.17920895674142,0.182424401906565,0.180814094556544,0.184039912197288,0.184039912197288,0.175292292668811,0.177684641730479,0.177684641730479,0.17920895674142,0.142909650196707,0.146283373384012,0.143745940136089,0.157320066727709,0.143039991433716,0.165770300534576,0.165841692518221,0.166546698206106,0.162676709845947,0.162184089740107,0.162184089740107,0.165282473008862,0.166546698206106,0.168030617626215,0.159668774607072,0.164433785584172,0.174870404581924,0.175292292668811
"A_HongKong_HK4MA21_2_2008",0.147550000539332,0.148247746226394,0.146887939417253,0.145275546276147,0.147550000539332,0.145371638027731,0.148310456959685,0.149770976650477,0.145275546276147,0.145275546276147,0.144519688233486,0.154236016857385,0.157821359680306,0.151170873158688,0.151984190669947,0.155643410218033,0.158354296964068,0.15634816305951,0.152598250350062,0.150470576635392,0.155726074937496,0.155775663955416,0.16422111261824,0.162043798115502,0.162745707394261,0.162745707394261,0.166546698206106,0.161974697218353,0.164855630725358,0.162043798115502,0.168103119696351,0.166546698206106,0.162745707394261,0.166295687874282,0.168868571120274,0.167181216313224,0.165629624687966,0.170039148349155,0.169302885003083,0.167181216313224,0.16782001574367,0.165699611073309,0.172338381952182,0.166475406419018,0.179178493002706,0.183200626464706,0.183920865514495,0.183999987146555,0.181540439711512,0.185602552621029,0.182402541698295,0.183122143299917,0.180015902321967,0.183245685248615,0.183999987146555,0.00173035449199518,0,0.00288575670062023,0.00173035449199518,0.00230838923845455,0.00173035449199518,0.00230838923845455,0.00115298722229676,0.00115298722229676,0.00173035449199518,0.00173035449199518,0.148086482661838,0.152584264116127,0.14616098268192,0.143687039415576,0.145888084682481,0.151080503584149,0.155809630601752,0.148148035550089,0.15176812983997,0.155605421344108,0.151831818526417,0.161169425131963,0.164112294222787,0.158025791536617,0.161770369566574,0.163971048575621,0.171978395306298,0.16028381475527,0.164112294222787,0.156480195251781,0.160147212698445,0.169322920644977,0.165535995080085,0.168680659533867,0.167033852059693,0.168680659533867,0.168754624007469,0.169396061177827,0.168680659533867,0.167105855082418,0.167033852059693,0.16782001574367,0.16782001574367,0.180736581017463,0.177745911405717,0.184688841828359,0.176662987323104,0.17606331256841,0.180736581017463,0.177745911405717,0.181540439711512,0.182604248078257,0.172911335788689,0.180106261973186,0.147550000539332,0.157320066727709,0.151999629814803,0.158664769520254,0.149171048407044,0.156480195251781,0.166392414889335,0.153138111862185,0.161061419888673,0.16028381475527,0.16028381475527,0.159372018744717,0.162549792951219,0.160923610369975,0.159372018744717,0.159576180375742,0.163260063219671,0.168463102914998,0.165900620518911,0.168463102914998,0.168463102914998,0.168463102914998,0.168463102914998,0.167105855082418,0.167892637306134,0.168392031552728,0.167892637306134,0.167676939231021,0.17985788637249,0.177608955376084,0.179934012626849,0.183152044652296,0.181540439711512,0.184768860935829,0.184768860935829,0.176014057692034,0.178408316057933,0.178408316057933,0.179934012626849,0.143608814923307,0.146979512688596,0.144427780291798,0.158025791536617,0.14372186595461,0.166475406419018,0.166546698206106,0.167252407352386,0.163379421295058,0.162885796731608,0.162885796731608,0.165986581863249,0.167252407352386,0.168737637803469,0.160369013441747,0.165137388804131,0.175584567990061,0.176014057692034
"A_HongKong_HKMA12D_2008",0.14672914217367,0.147426427201765,0.146068146495734,0.144459849322166,0.14672914217367,0.143859921078732,0.147487867660686,0.148946185210713,0.144459849322166,0.144459849322166,0.143705701366223,0.153403262464592,0.156977495468146,0.150345148955874,0.151148772557435,0.15480970030727,0.157506923128544,0.155513974911786,0.151758698589287,0.14964531896224,0.154884302765169,0.154939361983077,0.163379421295058,0.161204874125557,0.161906293668869,0.161906293668869,0.165699611073309,0.161137062747917,0.164014745652226,0.161204874125557,0.167252407352386,0.165699611073309,0.161906293668869,0.16545498188573,0.168005857068363,0.166334935430477,0.164786946577913,0.169178813776443,0.168455104419874,0.166334935430477,0.166962570077508,0.164855630725358,0.171473783611869,0.165629624687966,0.178311416448986,0.182324694965009,0.183044390574607,0.183122143299917,0.180659811163477,0.184720865685162,0.181528516452827,0.182247577656968,0.179147559572705,0.182370372100861,0.183122143299917,0.00230780538871422,0.00288575670062023,0,0.00115307046438292,0.00173010457343625,0.00230780538871422,0.00173010457343625,0.00173010457343625,0.00173010457343625,0.00115307046438292,0.00230780538871422,0.147280440775907,0.15176812983997,0.145335761819521,0.142889702398206,0.145087607156352,0.150267753620351,0.154985335912506,0.147340770368503,0.150954925840431,0.154782456980048,0.151017378948172,0.160322461135259,0.163260063219671,0.157185431486514,0.160923610369975,0.163121469030579,0.171120571110858,0.159439363013668,0.163260063219671,0.155643410218033,0.159305384861179,0.168463102914998,0.164682750548975,0.16782001574367,0.166178256191195,0.16782001574367,0.167892637306134,0.168534898417244,0.16782001574367,0.166248922542133,0.166178256191195,0.166962570077508,0.166962570077508,0.17985788637249,0.176887563505865,0.183801817597676,0.175795241390074,0.175204321469247,0.17985788637249,0.176887563505865,0.180659811163477,0.181728110989751,0.172048929854045,0.179242355927408,0.14672914217367,0.156480195251781,0.151170873158688,0.157825227101219,0.148346054763665,0.155643410218033,0.165535995080085,0.155197185861876,0.160215158359378,0.159439363013668,0.159439363013668,0.158531989502029,0.161701215503378,0.160079978354593,0.158531989502029,0.158732223130012,0.162410984907499,0.167606485436707,0.165040715641837,0.167606485436707,0.167606485436707,0.167606485436707,0.167606485436707,0.166248922542133,0.167033852059693,0.167536755396416,0.167033852059693,0.166822171550394,0.178982503178792,0.176736559683925,0.179057245689003,0.182267529590464,0.180659811163477,0.183880434214906,0.183880434214906,0.175145468444694,0.177534008018833,0.177534008018833,0.179057245689003,0.142788918559386,0.14615658320176,0.143628800832862,0.157185431486514,0.142925113048707,0.165629624687966,0.165699611073309,0.166404818641693,0.162540811775987,0.162043798115502,0.162043798115502,0.165137388804131,0.166404818641693,0.167887731709554,0.15953620483298,0.164291303679097,0.174724648350443,0.175145468444694
"A_HongKong_HK6_2008",0.145336645294974,0.146032548691755,0.144675819722959,0.143070780390033,0.145336645294974,0.143165244555871,0.146094221197479,0.147550000539332,0.143070780390033,0.143070780390033,0.142317768199514,0.151999629814803,0.155555519645748,0.148946185210713,0.149736275588863,0.153403262464592,0.156079830987875,0.15410612999091,0.150340141581764,0.148247746226394,0.153465379018179,0.153533373348734,0.161974697218353,0.159804122877774,0.160504151017472,0.160504151017472,0.164291303679097,0.159736101711302,0.16260841111915,0.159804122877774,0.165841692518221,0.164291303679097,0.160504151017472,0.164053047204594,0.166577429338596,0.164925017579894,0.163379421295058,0.167748116193529,0.167040951300442,0.164925017579894,0.165535995080085,0.16344831493735,0.170039148349155,0.16422111261824,0.176881731254522,0.180887490460593,0.181605728780656,0.181683668972774,0.17920895674142,0.183279839522261,0.180092577733543,0.180810183664535,0.177715394174906,0.180931932477569,0.181683668972774,0.00115340304895753,0.00173035449199518,0.00115307046438292,0,0.000576368939904143,0.00115340304895753,0.000576368939904143,0.000576368939904143,0.000576368939904143,0,0.00115340304895753,0.145912562377706,0.150393548306321,0.143931136288791,0.141528641602156,0.14372186595461,0.148895419844704,0.153604296172291,0.145973115310779,0.149581252086021,0.153403339185514,0.149643922978501,0.15890667692595,0.161840236245515,0.155775663955416,0.159507417083739,0.161701215503378,0.169684859256072,0.158025791536617,0.161840236245515,0.154236016857385,0.157891374161104,0.167033852059693,0.163260063219671,0.166392414889335,0.164752909563712,0.166392414889335,0.166465239741493,0.167105855082418,0.166392414889335,0.164823786151769,0.164752909563712,0.165535995080085,0.165535995080085,0.178408316057933,0.175470169756524,0.182345592864564,0.174351817484408,0.173778365959453,0.178408316057933,0.175470169756524,0.17920895674142,0.180291317136644,0.170612414155044,0.177821271267242,0.145336645294974,0.155071836100973,0.149770976650477,0.156413826395111,0.146950273986143,0.154236016857385,0.164112294222787,0.153823809383454,0.158800385030032,0.158025791536617,0.158025791536617,0.157119173235417,0.16028381475527,0.158664769520254,0.157119173235417,0.157320066727709,0.160992159292745,0.166178256191195,0.163619052780623,0.166178256191195,0.166178256191195,0.166178256191195,0.166178256191195,0.164823786151769,0.165607485371775,0.166108310493455,0.165607485371775,0.165395170674823,0.177534008018833,0.175292292668811,0.177608955376084,0.180814094556544,0.17920895674142,0.182424401906565,0.182424401906565,0.173703728981475,0.176088471180993,0.176088471180993,0.177608955376084,0.14139219834913,0.144765921536435,0.142266649116216,0.155775663955416,0.141562885485,0.16422111261824,0.164291303679097,0.164995106580848,0.161137062747917,0.160642068471626,0.160642068471626,0.163730881383605,0.164995106580848,0.166475406419018,0.158137379841799,0.162885796731608,0.173298076242188,0.173703728981475
"A_HongKong_HK10MA21_1_2008",0.146094221197479,0.146790698950737,0.145432822138566,0.143824928345975,0.146094221197479,0.143919961680298,0.146852946684496,0.148310456959685,0.143824928345975,0.143824928345975,0.143070780390033,0.152765913489692,0.156331917317278,0.149707799980974,0.15050609868166,0.154170722323634,0.156859254372521,0.15487417929708,0.151113536940914,0.149008781380929,0.154239972511593,0.154302013008177,0.162745707394261,0.160572762537217,0.161273381938424,0.161273381938424,0.165065897172512,0.160504151017472,0.163379421295058,0.160572762537217,0.166618693451589,0.165065897172512,0.161273381938424,0.16482287029739,0.167364831076129,0.165699611073309,0.164151622220745,0.168534898417244,0.167817348971972,0.165699611073309,0.166320308966398,0.16422111261824,0.170829037928914,0.164995106580848,0.177671620834281,0.181683668972774,0.182402541698295,0.182481117307682,0.180010881532407,0.184079839692927,0.180887490460593,0.181605728780656,0.178506533580471,0.181728110989751,0.182481117307682,0.00173110386423543,0.00230838923845455,0.00173010457343625,0.000576368939904143,0,0.00173110386423543,0.00115340304895753,0.00115340304895753,0.00115340304895753,0.000576368939904143,0.00173110386423543,0.146656610134057,0.15114429919812,0.14469391294321,0.142266649116216,0.144462606830831,0.149643922978501,0.154360725968606,0.146717717086513,0.150330315896532,0.154158626338198,0.150393548306321,0.15968307459748,0.162620267604966,0.156547269046819,0.16028381475527,0.16248003186022,0.170471641479788,0.158800385030032,0.162620267604966,0.155005247778338,0.158664769520254,0.16782001574367,0.164041313378617,0.167178578573311,0.165535995080085,0.167178578573311,0.167252021965209,0.167892637306134,0.167178578573311,0.165607485371775,0.165535995080085,0.166320308966398,0.166320308966398,0.17920895674142,0.176252642529675,0.183152044652296,0.175145468444694,0.174563295477013,0.17920895674142,0.176252642529675,0.180010881532407,0.181087495648826,0.171401680301569,0.178607434951218,0.146094221197479,0.155842846276881,0.150534335577377,0.157185431486514,0.147710730406497,0.155005247778338,0.16489537973916,0.154591858689624,0.159576180375742,0.158800385030032,0.158800385030032,0.157891374161104,0.161061419888673,0.159439363013668,0.157891374161104,0.158094060690317,0.161770369566574,0.166962570077508,0.164403366666937,0.166962570077508,0.166962570077508,0.166962570077508,0.166962570077508,0.165607485371775,0.166392414889335,0.166892009713461,0.166392414889335,0.166178256191195,0.178332730233412,0.176088471180993,0.178408316057933,0.181618599959394,0.180010881532407,0.183231504583835,0.183231504583835,0.174497379941761,0.176885919515901,0.176885919515901,0.178408316057933,0.142150348608112,0.145524071795417,0.143005747550872,0.156547269046819,0.14230089299906,0.164995106580848,0.165065897172512,0.165770300534576,0.161906293668869,0.161412484648704,0.161412484648704,0.164506075337332,0.165770300534576,0.167252407352386,0.158902490932183,0.163659192090758,0.174083622358209,0.174497379941761
"A_HongKong_HK6MA21_3_2008",0.146094221197479,0.146790698950737,0.145432822138566,0.143824928345975,0.146094221197479,0.143919961680298,0.146852946684496,0.148310456959685,0.143824928345975,0.143824928345975,0.143070780390033,0.152765913489692,0.156331917317278,0.149707799980974,0.15050609868166,0.154170722323634,0.156859254372521,0.15487417929708,0.151113536940914,0.149008781380929,0.154239972511593,0.154302013008177,0.162745707394261,0.160572762537217,0.161273381938424,0.161273381938424,0.165065897172512,0.160504151017472,0.163379421295058,0.160572762537217,0.166618693451589,0.165065897172512,0.161273381938424,0.16482287029739,0.167364831076129,0.165699611073309,0.164151622220745,0.168534898417244,0.167817348971972,0.165699611073309,0.166320308966398,0.16422111261824,0.170829037928914,0.164995106580848,0.177671620834281,0.181683668972774,0.182402541698295,0.182481117307682,0.180010881532407,0.184079839692927,0.180887490460593,0.181605728780656,0.178506533580471,0.181728110989751,0.182481117307682,0.00115340304895753,0.00173035449199518,0.00230780538871422,0.00115340304895753,0.00173110386423543,0,0.00173110386423543,0.000576368939904143,0.00173110386423543,0.00115340304895753,0.00115340304895753,0.146656610134057,0.15114429919812,0.14469391294321,0.142266649116216,0.144462606830831,0.149643922978501,0.154360725968606,0.146717717086513,0.150330315896532,0.154158626338198,0.150393548306321,0.15968307459748,0.162620267604966,0.156547269046819,0.16028381475527,0.16248003186022,0.170471641479788,0.158800385030032,0.162620267604966,0.155005247778338,0.158664769520254,0.16782001574367,0.164041313378617,0.167178578573311,0.165535995080085,0.167178578573311,0.167252021965209,0.167892637306134,0.167178578573311,0.165607485371775,0.165535995080085,0.166320308966398,0.166320308966398,0.17920895674142,0.176252642529675,0.183152044652296,0.175145468444694,0.174563295477013,0.17920895674142,0.176252642529675,0.180010881532407,0.181087495648826,0.171401680301569,0.178607434951218,0.146094221197479,0.155842846276881,0.150534335577377,0.157185431486514,0.147710730406497,0.155005247778338,0.16489537973916,0.153823809383454,0.159576180375742,0.158800385030032,0.158800385030032,0.157891374161104,0.161061419888673,0.159439363013668,0.157891374161104,0.158094060690317,0.161770369566574,0.166962570077508,0.164403366666937,0.166962570077508,0.166962570077508,0.166962570077508,0.166962570077508,0.165607485371775,0.166392414889335,0.166892009713461,0.166392414889335,0.166178256191195,0.178332730233412,0.176088471180993,0.178408316057933,0.181618599959394,0.180010881532407,0.183231504583835,0.183231504583835,0.174497379941761,0.176885919515901,0.176885919515901,0.178408316057933,0.142150348608112,0.145524071795417,0.143005747550872,0.156547269046819,0.14230089299906,0.164995106580848,0.165065897172512,0.165770300534576,0.161906293668869,0.161412484648704,0.161412484648704,0.164506075337332,0.165770300534576,0.167252407352386,0.158902490932183,0.163659192090758,0.174083622358209,0.174497379941761
"A_HongKong_HK2MA21_3_2008",0.146094221197479,0.146790698950737,0.145432822138566,0.143824928345975,0.146094221197479,0.143919961680298,0.146852946684496,0.148310456959685,0.143824928345975,0.143824928345975,0.143070780390033,0.152765913489692,0.156331917317278,0.149707799980974,0.15050609868166,0.154170722323634,0.156859254372521,0.15487417929708,0.151113536940914,0.149008781380929,0.154239972511593,0.154302013008177,0.162745707394261,0.160572762537217,0.161273381938424,0.161273381938424,0.165065897172512,0.160504151017472,0.163379421295058,0.160572762537217,0.166618693451589,0.165065897172512,0.161273381938424,0.16482287029739,0.167364831076129,0.165699611073309,0.164151622220745,0.168534898417244,0.167817348971972,0.165699611073309,0.166320308966398,0.16422111261824,0.170829037928914,0.164995106580848,0.177671620834281,0.181683668972774,0.182402541698295,0.182481117307682,0.180010881532407,0.184079839692927,0.180887490460593,0.181605728780656,0.178506533580471,0.181728110989751,0.182481117307682,0.00173110386423543,0.00230838923845455,0.00173010457343625,0.000576368939904143,0.00115340304895753,0.00173110386423543,0,0.00115340304895753,0.00115340304895753,0.000576368939904143,0.00173110386423543,0.146656610134057,0.15114429919812,0.14469391294321,0.142266649116216,0.144462606830831,0.149643922978501,0.154360725968606,0.146717717086513,0.150330315896532,0.154158626338198,0.150393548306321,0.15968307459748,0.162620267604966,0.156547269046819,0.16028381475527,0.16248003186022,0.170471641479788,0.158800385030032,0.162620267604966,0.155005247778338,0.158664769520254,0.16782001574367,0.164041313378617,0.167178578573311,0.165535995080085,0.167178578573311,0.167252021965209,0.167892637306134,0.167178578573311,0.165607485371775,0.165535995080085,0.166320308966398,0.166320308966398,0.17920895674142,0.176252642529675,0.183152044652296,0.175145468444694,0.174563295477013,0.17920895674142,0.176252642529675,0.180010881532407,0.181087495648826,0.171401680301569,0.178607434951218,0.146094221197479,0.155842846276881,0.150534335577377,0.157185431486514,0.146190972397548,0.155005247778338,0.16489537973916,0.154591858689624,0.159576180375742,0.158800385030032,0.158800385030032,0.157891374161104,0.161061419888673,0.159439363013668,0.157891374161104,0.158094060690317,0.161770369566574,0.166962570077508,0.164403366666937,0.166962570077508,0.166962570077508,0.166962570077508,0.166962570077508,0.165607485371775,0.166392414889335,0.166892009713461,0.166392414889335,0.166178256191195,0.178332730233412,0.176088471180993,0.178408316057933,0.181618599959394,0.180010881532407,0.183231504583835,0.183231504583835,0.174497379941761,0.176885919515901,0.176885919515901,0.178408316057933,0.142150348608112,0.145524071795417,0.143005747550872,0.156547269046819,0.14230089299906,0.164995106580848,0.165065897172512,0.165770300534576,0.161906293668869,0.161412484648704,0.161412484648704,0.164506075337332,0.165770300534576,0.167252407352386,0.158902490932183,0.163659192090758,0.174083622358209,0.174497379941761
"A_HongKong_HK6MA21_1_2008",0.146094221197479,0.146790698950737,0.145432822138566,0.143824928345975,0.146094221197479,0.143919961680298,0.146852946684496,0.148310456959685,0.143824928345975,0.143824928345975,0.143070780390033,0.152765913489692,0.156331917317278,0.149707799980974,0.15050609868166,0.154170722323634,0.156859254372521,0.15487417929708,0.151113536940914,0.149008781380929,0.154239972511593,0.154302013008177,0.162745707394261,0.160572762537217,0.161273381938424,0.161273381938424,0.165065897172512,0.160504151017472,0.163379421295058,0.160572762537217,0.166618693451589,0.165065897172512,0.161273381938424,0.16482287029739,0.167364831076129,0.165699611073309,0.164151622220745,0.168534898417244,0.167817348971972,0.165699611073309,0.166320308966398,0.16422111261824,0.170829037928914,0.164995106580848,0.177671620834281,0.181683668972774,0.182402541698295,0.182481117307682,0.180010881532407,0.184079839692927,0.180887490460593,0.181605728780656,0.178506533580471,0.181728110989751,0.182481117307682,0.000576368939904143,0.00115298722229676,0.00173010457343625,0.000576368939904143,0.00115340304895753,0.000576368939904143,0.00115340304895753,0,0.00115340304895753,0.000576368939904143,0.000576368939904143,0.146656610134057,0.15114429919812,0.14469391294321,0.142266649116216,0.144462606830831,0.149643922978501,0.154360725968606,0.146717717086513,0.150330315896532,0.154158626338198,0.150393548306321,0.15968307459748,0.162620267604966,0.156547269046819,0.16028381475527,0.16248003186022,0.170471641479788,0.158800385030032,0.162620267604966,0.155005247778338,0.158664769520254,0.16782001574367,0.164041313378617,0.167178578573311,0.165535995080085,0.167178578573311,0.167252021965209,0.167892637306134,0.167178578573311,0.165607485371775,0.165535995080085,0.166320308966398,0.166320308966398,0.17920895674142,0.176252642529675,0.183152044652296,0.175145468444694,0.174563295477013,0.17920895674142,0.176252642529675,0.180010881532407,0.181087495648826,0.171401680301569,0.178607434951218,0.146094221197479,0.155842846276881,0.150534335577377,0.157185431486514,0.147710730406497,0.155005247778338,0.16489537973916,0.154591858689624,0.159576180375742,0.158800385030032,0.158800385030032,0.157891374161104,0.161061419888673,0.159439363013668,0.157891374161104,0.158094060690317,0.161770369566574,0.166962570077508,0.164403366666937,0.166962570077508,0.166962570077508,0.166962570077508,0.166962570077508,0.165607485371775,0.166392414889335,0.166892009713461,0.166392414889335,0.166178256191195,0.178332730233412,0.176088471180993,0.178408316057933,0.181618599959394,0.180010881532407,0.183231504583835,0.183231504583835,0.174497379941761,0.176885919515901,0.176885919515901,0.178408316057933,0.142150348608112,0.145524071795417,0.143005747550872,0.156547269046819,0.14230089299906,0.164995106580848,0.165065897172512,0.165770300534576,0.161906293668869,0.161412484648704,0.161412484648704,0.164506075337332,0.165770300534576,0.167252407352386,0.158902490932183,0.163659192090758,0.174083622358209,0.174497379941761
"A_HongKong_HK11_2008",0.146094221197479,0.146790698950737,0.145432822138566,0.143824928345975,0.146094221197479,0.143919961680298,0.146852946684496,0.148310456959685,0.143824928345975,0.143824928345975,0.143070780390033,0.152765913489692,0.156331917317278,0.149707799980974,0.15050609868166,0.154170722323634,0.156859254372521,0.15487417929708,0.151113536940914,0.149008781380929,0.154239972511593,0.154302013008177,0.162745707394261,0.160572762537217,0.161273381938424,0.161273381938424,0.165065897172512,0.160504151017472,0.163379421295058,0.160572762537217,0.166618693451589,0.165065897172512,0.161273381938424,0.16482287029739,0.167364831076129,0.165699611073309,0.164151622220745,0.168534898417244,0.167817348971972,0.165699611073309,0.166320308966398,0.16422111261824,0.170829037928914,0.164995106580848,0.177671620834281,0.181683668972774,0.182402541698295,0.182481117307682,0.180010881532407,0.184079839692927,0.180887490460593,0.181605728780656,0.178506533580471,0.181728110989751,0.182481117307682,0.00173110386423543,0.00115298722229676,0.00173010457343625,0.000576368939904143,0.00115340304895753,0.00173110386423543,0.00115340304895753,0.00115340304895753,0,0.000576368939904143,0.00173110386423543,0.146656610134057,0.15114429919812,0.14469391294321,0.142266649116216,0.144462606830831,0.149643922978501,0.154360725968606,0.146717717086513,0.150330315896532,0.154158626338198,0.150393548306321,0.15968307459748,0.162620267604966,0.156547269046819,0.16028381475527,0.16248003186022,0.170471641479788,0.158800385030032,0.162620267604966,0.155005247778338,0.158664769520254,0.16782001574367,0.164041313378617,0.167178578573311,0.165535995080085,0.167178578573311,0.167252021965209,0.167892637306134,0.167178578573311,0.165607485371775,0.165535995080085,0.166320308966398,0.166320308966398,0.17920895674142,0.176252642529675,0.183152044652296,0.175145468444694,0.174563295477013,0.17920895674142,0.176252642529675,0.180010881532407,0.181087495648826,0.171401680301569,0.178607434951218,0.146094221197479,0.155842846276881,0.150534335577377,0.157185431486514,0.147710730406497,0.155005247778338,0.16489537973916,0.153056938067479,0.159576180375742,0.158800385030032,0.158800385030032,0.157891374161104,0.161061419888673,0.159439363013668,0.157891374161104,0.158094060690317,0.161770369566574,0.166962570077508,0.164403366666937,0.166962570077508,0.166962570077508,0.166962570077508,0.166962570077508,0.165607485371775,0.166392414889335,0.166892009713461,0.166392414889335,0.166178256191195,0.178332730233412,0.176088471180993,0.178408316057933,0.181618599959394,0.180010881532407,0.183231504583835,0.183231504583835,0.174497379941761,0.176885919515901,0.176885919515901,0.178408316057933,0.142150348608112,0.145524071795417,0.143005747550872,0.156547269046819,0.14230089299906,0.164995106580848,0.165065897172512,0.165770300534576,0.161906293668869,0.161412484648704,0.161412484648704,0.164506075337332,0.165770300534576,0.167252407352386,0.158902490932183,0.163659192090758,0.174083622358209,0.174497379941761
"A_HongKong_HK5_2008",0.145336645294974,0.146032548691755,0.144675819722959,0.143070780390033,0.145336645294974,0.143165244555871,0.146094221197479,0.147550000539332,0.143070780390033,0.143070780390033,0.142317768199514,0.151999629814803,0.155555519645748,0.148946185210713,0.149736275588863,0.153403262464592,0.156079830987875,0.15410612999091,0.150340141581764,0.148247746226394,0.153465379018179,0.153533373348734,0.161974697218353,0.159804122877774,0.160504151017472,0.160504151017472,0.164291303679097,0.159736101711302,0.16260841111915,0.159804122877774,0.165841692518221,0.164291303679097,0.160504151017472,0.164053047204594,0.166577429338596,0.164925017579894,0.163379421295058,0.167748116193529,0.167040951300442,0.164925017579894,0.165535995080085,0.16344831493735,0.170039148349155,0.16422111261824,0.176881731254522,0.180887490460593,0.181605728780656,0.181683668972774,0.17920895674142,0.183279839522261,0.180092577733543,0.180810183664535,0.177715394174906,0.180931932477569,0.181683668972774,0.00115340304895753,0.00173035449199518,0.00115307046438292,0,0.000576368939904143,0.00115340304895753,0.000576368939904143,0.000576368939904143,0.000576368939904143,0,0.00115340304895753,0.145912562377706,0.150393548306321,0.143931136288791,0.141528641602156,0.14372186595461,0.148895419844704,0.153604296172291,0.145973115310779,0.149581252086021,0.153403339185514,0.149643922978501,0.15890667692595,0.161840236245515,0.155775663955416,0.159507417083739,0.161701215503378,0.169684859256072,0.158025791536617,0.161840236245515,0.154236016857385,0.157891374161104,0.167033852059693,0.163260063219671,0.166392414889335,0.164752909563712,0.166392414889335,0.166465239741493,0.167105855082418,0.166392414889335,0.164823786151769,0.164752909563712,0.165535995080085,0.165535995080085,0.178408316057933,0.175470169756524,0.182345592864564,0.174351817484408,0.173778365959453,0.178408316057933,0.175470169756524,0.17920895674142,0.180291317136644,0.170612414155044,0.177821271267242,0.145336645294974,0.155071836100973,0.149770976650477,0.156413826395111,0.146950273986143,0.154236016857385,0.164112294222787,0.153823809383454,0.158800385030032,0.158025791536617,0.158025791536617,0.157119173235417,0.16028381475527,0.158664769520254,0.157119173235417,0.157320066727709,0.160992159292745,0.166178256191195,0.163619052780623,0.166178256191195,0.166178256191195,0.166178256191195,0.166178256191195,0.164823786151769,0.165607485371775,0.166108310493455,0.165607485371775,0.165395170674823,0.177534008018833,0.175292292668811,0.177608955376084,0.180814094556544,0.17920895674142,0.182424401906565,0.182424401906565,0.173703728981475,0.176088471180993,0.176088471180993,0.177608955376084,0.14139219834913,0.144765921536435,0.142266649116216,0.155775663955416,0.141562885485,0.16422111261824,0.164291303679097,0.164995106580848,0.161137062747917,0.160642068471626,0.160642068471626,0.163730881383605,0.164995106580848,0.166475406419018,0.158137379841799,0.162885796731608,0.173298076242188,0.173703728981475
"A_HongKong_HK5MA21_3_2008",0.146852946684496,0.147550000539332,0.146190972397548,0.144580215498659,0.146852946684496,0.144675819722959,0.147612825250204,0.149072071729946,0.144580215498659,0.144580215498659,0.143824928345975,0.153533373348734,0.157109522450681,0.150470576635392,0.151277108857567,0.154939361983077,0.157639894655997,0.155643410218033,0.151888130434328,0.149770976650477,0.155015767857303,0.155071836100973,0.163517908319948,0.161342585630014,0.162043798115502,0.162043798115502,0.165841692518221,0.161273381938424,0.164151622220745,0.161342585630014,0.167396903725418,0.165841692518221,0.162043798115502,0.165593880473298,0.168153474772753,0.166475406419018,0.164925017579894,0.169322920644977,0.168594954105376,0.166475406419018,0.167105855082418,0.164995106580848,0.171620177334479,0.165770300534576,0.178462760239846,0.182481117307682,0.183200626464706,0.183279839522261,0.180814094556544,0.184881121915698,0.181683668972774,0.182402541698295,0.179298926773256,0.182525559324659,0.183279839522261,0.00115340304895753,0.00173035449199518,0.00230780538871422,0.00115340304895753,0.00173110386423543,0.00115340304895753,0.00173110386423543,0.000576368939904143,0.00173110386423543,0.00115340304895753,0,0.147401766754836,0.151896179039053,0.145457855032236,0.143005747550872,0.145204446729527,0.150393548306321,0.155118301871111,0.147463429379848,0.151080503584149,0.154915056134513,0.15114429919812,0.160460679730883,0.163401517763912,0.157320066727709,0.161061419888673,0.163260063219671,0.17125966370752,0.159576180375742,0.163401517763912,0.155775663955416,0.159439363013668,0.168607417481203,0.164823786151769,0.167965980310845,0.166320308966398,0.167965980310845,0.168040044192941,0.168680659533867,0.167965980310845,0.166392414889335,0.166320308966398,0.167105855082418,0.167105855082418,0.180010881532407,0.177036341749682,0.183959799270623,0.175940381171744,0.175349459160989,0.180010881532407,0.177036341749682,0.180814094556544,0.181884943983734,0.172192194300228,0.179394836688751,0.146852946684496,0.156615047202568,0.151298861720216,0.157958229167404,0.148472345176757,0.155775663955416,0.165679693625473,0.155361089610576,0.160353181309109,0.159576180375742,0.159576180375742,0.158664769520254,0.161840236245515,0.160215158359378,0.158664769520254,0.158869254644044,0.162549792951219,0.167748116193529,0.165188912782957,0.167748116193529,0.167748116193529,0.167748116193529,0.167748116193529,0.166392414889335,0.167178578573311,0.167676939231021,0.167178578573311,0.166962570077508,0.179132730404078,0.176885919515901,0.17920895674142,0.182424401906565,0.180814094556544,0.184039912197288,0.184039912197288,0.175292292668811,0.177684641730479,0.177684641730479,0.17920895674142,0.142909650196707,0.146283373384012,0.143745940136089,0.157320066727709,0.143039991433716,0.165770300534576,0.165841692518221,0.166546698206106,0.162676709845947,0.162184089740107,0.162184089740107,0.165282473008862,0.166546698206106,0.168030617626215,0.159668774607072,0.164433785584172,0.174870404581924,0.175292292668811
"A_Singapore_C2010_036V_2010",0.0172532603369088,0.0172506443004278,0.0154598865974291,0.0064952937017153,0.00827888655617594,0.00768819254560267,0.016650123954968,0.0184583743562296,0.0064952937017153,0.0064952937017153,0.00708911799954333,0.00948129252093516,0.010756192131403,0.00471935176530745,0.00476299696580371,0.0106704043668509,0.0107884270065082,0.0106669507972495,0.00478007267407736,0.0160821661844342,0.0107701943727443,0.0106788978839127,0.0264325990952836,0.0240452587244017,0.0246373448443863,0.02224213068307,0.028223968538143,0.0264413155324859,0.0228469358021019,0.022833303408519,0.0228626476255423,0.028223968538143,0.0246373448443863,0.0291160984377563,0.0313270402702708,0.031880594883297,0.0288466049914189,0.0344302483338956,0.0342837723086492,0.031880594883297,0.0288435980348331,0.0276292261345984,0.0356668569644604,0.028232726509616,0.0488307730875054,0.0558575974009373,0.0558392156202905,0.0564909097085338,0.0551538098309332,0.0577599459227692,0.0564909097085338,0.0571058407435073,0.0545933742242579,0.0571402159458023,0.0564909097085338,0.147401766754836,0.148086482661838,0.147280440775907,0.145912562377706,0.146656610134057,0.146656610134057,0.146656610134057,0.146656610134057,0.146656610134057,0.145912562377706,0.147401766754836,0,0.00742410296470446,0.010775509898724,0.0102979592774502,0.0103038543361566,0.00627533738183551,0.0109084063142123,0.00398886708002466,0.00915575283597284,0.0108958945926502,0.00684939025775145,0.0191120610245999,0.0245639525305872,0.0136681602882989,0.0208986948224601,0.0215218715728276,0.0330899637763439,0.0221246478210037,0.0227279651555267,0.0203031019261084,0.0166694579573765,0.0300356560257345,0.0307097299875858,0.0331957512681322,0.0325610872785921,0.0331957512681322,0.0294819636915843,0.0300796926075276,0.0331957512681322,0.032573086181434,0.0325610872785921,0.0331833648946945,0.0331833648946945,0.053865149323783,0.0565277312210161,0.0570738268584507,0.0564269962378406,0.0551896774288515,0.053865149323783,0.05464920678216,0.0545090644159973,0.0584108646601386,0.0463206725781083,0.0571554776939322,0.00827888655617594,0.0130827486679642,0.0041284195844397,0.0124655138876742,0.0142790608966349,0.0112739073882155,0.0282458691188897,0.202387675570584,0.0202964922194485,0.0190937051306873,0.0209051350213243,0.0209196353400727,0.0215077082960487,0.0215014382259178,0.0190937051306873,0.0190872958559222,0.0202964922194485,0.0319395831587936,0.0313188506147611,0.0319395831587936,0.0319395831587936,0.0319395831587936,0.0319395831587936,0.0319511955539987,0.032573086181434,0.0319285217929503,0.032573086181434,0.0313188506147611,0.0500342270099015,0.0493956573190179,0.0487729112973096,0.0570930494952186,0.0564458002138957,0.0551538098309332,0.0551538098309332,0.0493956573190179,0.0500342270099015,0.0507066533992806,0.0545090644159973,0.0253584872200611,0.0130549843858008,0.00856885092597179,0.00887483418334191,0.00859021262338791,0.0300476105349054,0.031880594883297,0.0288369561904002,0.0258230832916415,0.0270440883601602,0.0270440883601602,0.0306760655892728,0.0288369561904002,0.0300377552913604,0.024629712526534,0.0288466049914189,0.048287585039268,0.0449741065291755
"A_Singapore_C2011_545C_2011",0.0220941543628035,0.0214817829906902,0.0208999113140062,0.0118585217693632,0.0136592440038169,0.0130660381420856,0.0214858817817014,0.0233077132000758,0.0118585217693632,0.0118585217693632,0.0124580422248838,0.0148796895996488,0.0162053842155823,0.0100719602499278,0.0101659646919602,0.0160759858685859,0.0162541661366269,0.0160703396946991,0.0102025724395036,0.0191006520005447,0.016227158952488,0.0160888800317896,0.0246454988925266,0.0222638451587629,0.0228545320754182,0.0216583592561083,0.0264325990952836,0.0246541740902416,0.0228626476255423,0.0222488496063867,0.02408163603148,0.0264325990952836,0.0228545320754182,0.0273419366437569,0.0301082747071218,0.0300803350109786,0.0270536913865173,0.0325856359787511,0.0324777489760317,0.0300803350109786,0.027012822871293,0.0258392685000836,0.0338191927454138,0.0264413155324859,0.0463431577430551,0.0546302019693276,0.0546115113881687,0.0552627131226209,0.0545459067958401,0.056530140924215,0.0552627131226209,0.0546115113881687,0.0533675750357306,0.0546443291520959,0.0552627131226209,0.151896179039053,0.152584264116127,0.15176812983997,0.150393548306321,0.15114429919812,0.15114429919812,0.15114429919812,0.15114429919812,0.15114429919812,0.150393548306321,0.151896179039053,0.00742410296470446,0,0.0162346181655237,0.0155114299681956,0.015520346871016,0.00113701015455448,0.0155581339239102,0.00915575283597284,0.0143666082767379,0.0161250185840505,0.000568181879323985,0.0185189409361924,0.0239683596342355,0.0130767939569651,0.0190872958559222,0.0221494419346039,0.0312489082308906,0.0203102507430081,0.0209121153996969,0.0184931185114607,0.017286640213091,0.0288178099359647,0.0282562770022766,0.0307330622526069,0.0301011588171575,0.0307330622526069,0.0276495659142962,0.0282458691188897,0.0307330622526069,0.0301127147784897,0.0301011588171575,0.0313418542428503,0.0313418542428503,0.0526141593833178,0.0553111489763961,0.0558183532104952,0.055172358288594,0.0539624593140469,0.0526141593833178,0.0534349741671209,0.0532572462886898,0.0571791888272212,0.0431773237957546,0.055938108306193,0.0136592440038169,0.0173010018375428,0.00828346785200808,0.0178863223204813,0.0197207038264758,0.0166874931348823,0.027032662689832,0.208106692169047,0.0184865405144863,0.017286640213091,0.0190937051306873,0.0203261632512821,0.0196948293450063,0.0196885894090035,0.0185002330418967,0.0172802616402168,0.0184865405144863,0.0301011588171575,0.0288635344228861,0.0301011588171575,0.0301011588171575,0.0301011588171575,0.0301011588171575,0.0294931360127156,0.0301127147784897,0.0300901512218119,0.0301127147784897,0.0294819636915843,0.047513794529186,0.0468776621278577,0.04625686882819,0.0571332346908488,0.0551914846776501,0.0551914846776501,0.0551914846776501,0.0468776621278577,0.047513794529186,0.0481827986636298,0.0532572462886898,0.0309306088164732,0.018474996580198,0.0137662274983113,0.00947749827020053,0.0138016507495379,0.028251818415962,0.0294735388199993,0.0270440883601602,0.0246373448443863,0.0258575441055241,0.0258575441055241,0.0282730077403569,0.0270440883601602,0.0282420099963494,0.0228469358021019,0.0264505550045765,0.0457977029483117,0.0424720766859498
"A_Singapore_DSO20090008_2009",0.0168264153549347,0.0168230166328485,0.0150157168262385,0.00596378438185094,0.00656366447780295,0.00716854498184895,0.01621703075787,0.0180432734923265,0.00596378438185094,0.00596378438185094,0.00656366447780295,0.0168516280833269,0.0181118659595219,0.0119824477889398,0.0132474491795446,0.0180631439347744,0.0181667090303447,0.0180573530464414,0.0132954871858639,0.0113992727676693,0.0181350263626372,0.0180763684384969,0.0360116822971642,0.0335152599743346,0.0341326711096894,0.0291232365959893,0.0378834391871664,0.0360242244375413,0.0303804534675369,0.0297380742711199,0.0291727216501205,0.0378834391871664,0.0341326711096894,0.0367236668091419,0.0391748405039208,0.0404818071262966,0.0366698445709669,0.0417422028909206,0.0423489993053234,0.0404818071262966,0.0366310208519442,0.0359997076367598,0.0430048032845342,0.0353691905292457,0.0589866477980024,0.0661847831056067,0.0661618821515243,0.0668496768206075,0.064195390560725,0.0681821226457959,0.0668496768206075,0.0674916701694038,0.0648576423131703,0.0675339209121843,0.0668496768206075,0.145457855032236,0.14616098268192,0.145335761819521,0.143931136288791,0.14469391294321,0.14469391294321,0.14469391294321,0.14469391294321,0.14469391294321,0.143931136288791,0.145457855032236,0.010775509898724,0.0162346181655237,0,0.00178385742971027,0.0059690438239083,0.0150151053658443,0.0187202589930919,0.0125972182505287,0.0168516280833269,0.0186976744092995,0.015624489962909,0.0273178053134352,0.0335152599743346,0.0223597766432007,0.029755843767321,0.0279043651120493,0.0422205479448984,0.0310163530982887,0.0316320185765962,0.0291512485512506,0.0254280231152895,0.0391029538005247,0.0398139819897739,0.0423650079317216,0.0417104296144398,0.0417260302089756,0.0385574787481807,0.0366310208519442,0.0423650079317216,0.0417260302089756,0.0417104296144398,0.0397995992633113,0.0397995992633113,0.06287351272536,0.0674916701694038,0.0661618821515243,0.0654983120474931,0.0654764545103061,0.06287351272536,0.0654983120474931,0.0635340148029168,0.0688250042928614,0.0558142242821858,0.0681578927862931,0.00776558813350021,0.0205348859917082,0.0125925924558338,0.0198967174751728,0.00477330594179,0.018682603471627,0.0372892472502264,0.204582379851474,0.0291413509010184,0.0279140443958359,0.0297655707074375,0.0272913793091377,0.0303804534675369,0.0303708978796901,0.0254280231152895,0.0279043651120493,0.0291413509010184,0.0391928028489085,0.0391642751625835,0.0391928028489085,0.0391928028489085,0.0391928028489085,0.0391928028489085,0.0398139819897739,0.0417260302089756,0.0391782539956755,0.0417260302089756,0.0385574787481807,0.0596031709218008,0.0589474331228954,0.0583114348235483,0.0661847831056067,0.065520772383847,0.064195390560725,0.064195390560725,0.0589474331228954,0.0596031709218008,0.0603007090011371,0.0635340148029168,0.0252136120129027,0.0125885084692044,0.00776558813350021,0.0174457321750694,0.00417023118005443,0.0372631321877142,0.0410878680291732,0.0372631321877142,0.0341105366235568,0.0366563357733114,0.0366563357733114,0.0404658780115311,0.0372631321877142,0.0385167514947629,0.0341213208772112,0.0385433332754376,0.058330909999097,0.0544144408885035
"A_Singapore_H2009_471C_2009",0.017256415759502,0.0172532603369088,0.0154630306812205,0.00649625967111526,0.00709043680580457,0.00768986701518034,0.0166529153844844,0.0184617201396782,0.00649625967111526,0.00649625967111526,0.00709043680580457,0.0166749346897687,0.0180195790993328,0.011259719302584,0.0131794942303894,0.0178744389846784,0.0180738635767902,0.0178693029870494,0.0132270395976474,0.0118793786526817,0.0180414165260007,0.0178863223204813,0.0342615338537236,0.0318477138966491,0.0324453449821271,0.0288111678685818,0.0360718111458449,0.0342723872099484,0.0294234667233383,0.0294071267902432,0.028251818415962,0.0360718111458449,0.0324453449821271,0.0344952707218193,0.0381313059999481,0.038575644154345,0.0348946459338105,0.0406637505375698,0.0403824975044341,0.038575644154345,0.0356188405887961,0.0342512128272267,0.0419115003348648,0.033642199353638,0.0570020640584153,0.0640411592364817,0.0640203038713389,0.0646830078483708,0.0635005680897489,0.0659691821910264,0.0646830078483708,0.0653040016239618,0.0627599285546316,0.0653435534268574,0.0646830078483708,0.143005747550872,0.143687039415576,0.142889702398206,0.141528641602156,0.142266649116216,0.142266649116216,0.142266649116216,0.142266649116216,0.142266649116216,0.141528641602156,0.143005747550872,0.0102979592774502,0.0155114299681956,0.00178385742971027,0,0.0062789194438399,0.0143472850884,0.0178812461994062,0.012036797884774,0.0160996235509628,0.0178606398128282,0.0149290187200491,0.0270290510135798,0.0325387446199435,0.021514519618389,0.0288258562715187,0.0269951670941699,0.0411489139149012,0.0300697835928841,0.0306788540686775,0.0282266948103689,0.0245482225649578,0.038065129202928,0.0387608912965002,0.0412797883114788,0.0406345566303681,0.0412797883114788,0.0375190860837878,0.0356188405887961,0.0412797883114788,0.0406488734012677,0.0406345566303681,0.0387477619385483,0.0387477619385483,0.062194231618373,0.0646388794693893,0.0654446755183471,0.0647889377194417,0.0633598088664544,0.062194231618373,0.0627353238707072,0.0628469732254382,0.0666313841452552,0.0545651934485622,0.0652750118707176,0.00828091355867553,0.0203179380552354,0.0118616322010582,0.0196885894090035,0.00531945872000444,0.0184865405144863,0.0362667372762831,0.203921754702332,0.0282179296241419,0.0270037216682713,0.0288344525135996,0.0263887154406714,0.029442759495983,0.0294343328254222,0.0245482225649578,0.0269951670941699,0.0282179296241419,0.038146438738236,0.0381204092841001,0.038146438738236,0.038146438738236,0.038146438738236,0.038146438738236,0.0387608912965002,0.0406488734012677,0.0381331448235842,0.0406488734012677,0.0375190860837878,0.0583133081716972,0.0576660588903743,0.0570371246675795,0.0654664946066991,0.0648103265335241,0.0635005680897489,0.0635005680897489,0.0576660588903743,0.0583133081716972,0.0589994519071015,0.0628469732254382,0.0259853946847,0.0130582823930087,0.0085705794969516,0.0166601125549087,0.00456843083439747,0.0354714696867047,0.0397796769251665,0.0354714696867047,0.0324263932834519,0.0348828878962958,0.0348828878962958,0.0385616291999443,0.0354714696867047,0.0366834320172169,0.0324356036443381,0.0367065265008195,0.056465827961111,0.0531891863955921
"A_Singapore_C2009_803bV_2009",0.016662826057594,0.0166600312744487,0.0148694601228524,0.00590627416071974,0.00768986701518034,0.00709882585334662,0.0160596896756532,0.0178677613302505,0.00590627416071974,0.00590627416071974,0.00650009845854777,0.0166848717922009,0.0180304098904947,0.0118655573733166,0.0131873947062896,0.0178850959865913,0.0180847597468244,0.0178799538163787,0.0132349971983329,0.0112854775229585,0.018052273692174,0.0178969935979541,0.034892291011831,0.0324747851132578,0.033073143897958,0.0306430054568316,0.0367051561269891,0.0349035303227986,0.0300461221718277,0.031240418417599,0.030086643952225,0.0367051561269891,0.033073143897958,0.0363314392994629,0.0400400159937677,0.0392150832640536,0.0355272976466593,0.0413201680241425,0.041024168518041,0.0392150832640536,0.0375165381907063,0.0361040796172854,0.0413048737388761,0.0354924587459133,0.0576768831740979,0.0634811097887132,0.0634595105336332,0.0641233706348914,0.0629277833793246,0.0654103726324778,0.0641233706348914,0.0647440327558542,0.0621990578042442,0.0647832729064645,0.0641233706348914,0.145204446729527,0.145888084682481,0.145087607156352,0.14372186595461,0.144462606830831,0.144462606830831,0.144462606830831,0.144462606830831,0.144462606830831,0.14372186595461,0.145204446729527,0.0103038543361566,0.015520346871016,0.0059690438239083,0.0062789194438399,0,0.0143555239796115,0.0178915672352664,0.0120437013584587,0.0161088865560731,0.0178709370654527,0.0149375962222983,0.0276622018940281,0.0331802589827772,0.0221378870908753,0.029460465012716,0.0288609443417129,0.0418015841265054,0.0307070773886104,0.0313169027889291,0.0288609443417129,0.0251760522216648,0.0387139317020678,0.0394133204110242,0.0419369850746462,0.0412901410083978,0.0419369850746462,0.038169558985778,0.0375165381907063,0.0419369850746462,0.0413048737388761,0.0412901410083978,0.0406592260981867,0.0406592260981867,0.0622737610493169,0.0640841565598579,0.0648724022306626,0.0642162341574875,0.0634384755637572,0.0622737610493169,0.0621793923515241,0.0629277833793246,0.0660719334136147,0.0552451053421927,0.064720693883257,0.00768986701518034,0.0203300884235405,0.0124689116855083,0.0197003441767066,0.00949254301526473,0.018497572311187,0.036914853183065,0.206321662254012,0.0288517876903426,0.0276360817843897,0.029469452994339,0.028252985008854,0.0300785120629802,0.0300696933787236,0.0264045540681908,0.0276271374232348,0.0288517876903426,0.0387980945808035,0.0400291062920428,0.0387980945808035,0.0387980945808035,0.0387980945808035,0.0387980945808035,0.0406735605236917,0.0413048737388761,0.0387843895104888,0.0413048737388761,0.038169558985778,0.0589976610181856,0.0583491524966631,0.0577194029501968,0.0648949990317419,0.0642384001192617,0.0629277833793246,0.0629277833793246,0.0583491524966631,0.0589976610181856,0.059685959660679,0.0622737610493169,0.0253819149656321,0.0124654374692686,0.00799977405760919,0.0172746268659306,0.00399764659864279,0.0373295704268555,0.0404206028585809,0.0373295704268555,0.0342714569181375,0.0355151511941706,0.0355151511941706,0.0392006715664657,0.0373295704268555,0.0385456490027028,0.0330630206787644,0.0373417753963759,0.0558603631676876,0.0538644191233096
"A_Singapore_C2011_362V_2011",0.0208783482926174,0.0202681901618847,0.0196848438873603,0.0106616331068688,0.0124580422248838,0.0118655573733166,0.0202715521016381,0.0220896858011352,0.0106616331068688,0.0106616331068688,0.011259719302584,0.0136734163969568,0.0149880981608917,0.00887721655123708,0.00895969148926819,0.0148682558127841,0.015033164308851,0.0148633385050585,0.00899191809499837,0.0178863223204813,0.0150076461528086,0.0148796895996488,0.0246454988925266,0.0222638451587629,0.0228545320754182,0.0216583592561083,0.0264325990952836,0.0246541740902416,0.0216657589630479,0.0222488496063867,0.02408163603148,0.0264325990952836,0.0228545320754182,0.0273419366437569,0.0301082747071218,0.0300803350109786,0.0270536913865173,0.0325856359787511,0.0324777489760317,0.0300803350109786,0.027012822871293,0.0258392685000836,0.0338191927454138,0.0264413155324859,0.0463431577430551,0.0546302019693276,0.0546115113881687,0.0552627131226209,0.0545459067958401,0.056530140924215,0.0552627131226209,0.0546115113881687,0.0533675750357306,0.0546443291520959,0.0552627131226209,0.150393548306321,0.151080503584149,0.150267753620351,0.148895419844704,0.149643922978501,0.149643922978501,0.149643922978501,0.149643922978501,0.149643922978501,0.148895419844704,0.150393548306321,0.00627533738183551,0.00113701015455448,0.0150151053658443,0.0143472850884,0.0143555239796115,0,0.0143892263196457,0.00800234978701534,0.0132024633969423,0.014956110979786,0.000568181879323985,0.0173038735095465,0.0239683596342355,0.0118741475563404,0.0190872958559222,0.0209276942283659,0.0312489082308906,0.0203102507430081,0.0209121153996969,0.0184931185114607,0.0160759858685859,0.0288178099359647,0.0282562770022766,0.0307330622526069,0.0301011588171575,0.0307330622526069,0.0276495659142962,0.0282458691188897,0.0307330622526069,0.0301127147784897,0.0301011588171575,0.0313418542428503,0.0313418542428503,0.0526141593833178,0.0553111489763961,0.0558183532104952,0.055172358288594,0.0539624593140469,0.0526141593833178,0.0534349741671209,0.0532572462886898,0.0571791888272212,0.0431773237957546,0.055938108306193,0.0124580422248838,0.0160888800317896,0.00828346785200808,0.0166749346897687,0.018504158214155,0.0154775711893647,0.027032662689832,0.208106692169047,0.0184865405144863,0.017286640213091,0.0190937051306873,0.0191081358523416,0.0196948293450063,0.0196885894090035,0.017286640213091,0.0172802616402168,0.0184865405144863,0.0301011588171575,0.0288635344228861,0.0301011588171575,0.0301011588171575,0.0301011588171575,0.0301011588171575,0.0294931360127156,0.0301127147784897,0.0300901512218119,0.0301127147784897,0.0294819636915843,0.047513794529186,0.0468776621278577,0.04625686882819,0.0571332346908488,0.0551914846776501,0.0551914846776501,0.0551914846776501,0.0468776621278577,0.047513794529186,0.0481827986636298,0.0532572462886898,0.0296837253772721,0.0172643422356928,0.0126061341704628,0.00828346785200808,0.0126381830925059,0.028251818415962,0.0294735388199993,0.0270440883601602,0.0240374647484343,0.0258575441055241,0.0258575441055241,0.0282730077403569,0.0270440883601602,0.0282420099963494,0.0228469358021019,0.0264505550045765,0.0457977029483117,0.0424720766859498
"A_Singapore_H2010_559C_2010",0.0245776577945936,0.0245705925764641,0.0227688246811402,0.0142875619041755,0.0161013486573929,0.0155052634725576,0.023964912619868,0.0257975870572475,0.0142875619041755,0.0142875619041755,0.0148914267118753,0.0041349556644921,0.00536142733634747,0.0124955550453707,0.0138323675932558,0.00531839831952914,0.00537744452342272,0.0053170826360729,0.0138824647980343,0.023423017007938,0.00536783654303182,0.00532260467894583,0.0337497969214326,0.0313331552676259,0.0319303380976999,0.0294972432721134,0.0355610478095407,0.0337629607968479,0.0301158692129352,0.0300934734982893,0.0313591400137947,0.0355610478095407,0.0319303380976999,0.0363921852934505,0.0388743683743758,0.039284908798556,0.0362022849775906,0.042028725129578,0.0417136596534674,0.039284908798556,0.0363504306634101,0.0349611540942893,0.0432811690371116,0.0355742749559114,0.0558873230917224,0.0623024656145706,0.0622799736920397,0.0629447264607489,0.060416393331158,0.0642317284583354,0.0629447264607489,0.0616389479632119,0.0597416405545432,0.0616762551212188,0.0629447264607489,0.155118301871111,0.155809630601752,0.154985335912506,0.153604296172291,0.154360725968606,0.154360725968606,0.154360725968606,0.154360725968606,0.154360725968606,0.153604296172291,0.155118301871111,0.0109084063142123,0.0155581339239102,0.0187202589930919,0.0178812461994062,0.0178915672352664,0.0143892263196457,0,0.0126591464824406,0.00399341830662062,0.00113830441879598,0.0149733385356089,0.0264970162110276,0.0320147124070991,0.0221952693069501,0.0282903004006039,0.0301738534883722,0.0406206130069107,0.02954043926486,0.0301490386006701,0.0276939971960104,0.0252365475409835,0.0375392610968654,0.0382515988418961,0.0395134291645945,0.0401287861746907,0.0407784519772795,0.0370082684001043,0.0376067127313516,0.0395134291645945,0.0401455405003646,0.0401287861746907,0.040761297327984,0.040761297327984,0.060416393331158,0.0629163320861344,0.0636672701204106,0.0630111020472356,0.061617428839198,0.060416393331158,0.0610115678778006,0.0610695612881858,0.0648917002863641,0.0534422223236247,0.0635528694095335,0.0161013486573929,0.00770639942068213,0.0131048275870299,0.00710067549053356,0.0215954727509932,0.0059147695960036,0.0357519863321628,0.209212640368503,0.0264482834604677,0.0264695937885802,0.0270651866849319,0.0295655789125408,0.0289091123607788,0.0288982964667226,0.0277056883612748,0.0252263796026449,0.0276828519889283,0.0394970741513046,0.0388661592410936,0.0394970741513046,0.0394970741513046,0.0394970741513046,0.0394970741513046,0.0395134291645945,0.0401455405003646,0.03948127741056,0.0401455405003646,0.0388661592410936,0.0571831440845741,0.0565346355630516,0.0559065601617202,0.0623784625592251,0.0630342003581306,0.0617235836181935,0.0617235836181935,0.0565346355630516,0.0571831440845741,0.0578747869402409,0.0610695612881858,0.0334991223904018,0.0209446756952878,0.0149555503151742,0.0173142055286368,0.0161671456861608,0.0374181614955038,0.039284908798556,0.0361881485750727,0.0331262896498081,0.0343753307447958,0.0343753307447958,0.0368323381460103,0.0361881485750727,0.0374038017381287,0.0307010069873734,0.0362022849775906,0.0553480045688508,0.0520532464028716
"A_Singapore_H2010_666C_2010",0.0190712997847914,0.0190670470901263,0.0172746268659306,0.00828091355867553,0.0100719602499278,0.00947984506053878,0.0184656061916429,0.0202799039613701,0.00828091355867553,0.00828091355867553,0.00887721655123708,0.0112841767810676,0.0125745880063609,0.00650231128403188,0.0017817385164748,0.0124751091671487,0.0126123503887721,0.0124700463816743,0.00178811041160718,0.0179081664537437,0.0125929707332043,0.0124868231816923,0.028251818415962,0.0258575441055241,0.0264505550045765,0.0228469358021019,0.0300476105349054,0.0282621511892866,0.0234536933214726,0.0234383035023799,0.0246730856274196,0.0300476105349054,0.0264505550045765,0.0309255326147194,0.0332034033984723,0.0337229976264342,0.0306760655892728,0.0363207614407178,0.0361316759409174,0.0337229976264342,0.0307097299875858,0.029451931941867,0.0375611289458838,0.0300579926221315,0.0494786408460066,0.0565102478471556,0.0564909097085338,0.0571447656988081,0.0558183532104952,0.0571447656988081,0.0571447656988081,0.0577599459227692,0.0552436227239387,0.0577947481292948,0.0571447656988081,0.147463429379848,0.148148035550089,0.147340770368503,0.145973115310779,0.146717717086513,0.146717717086513,0.146717717086513,0.146717717086513,0.146717717086513,0.145973115310779,0.147463429379848,0.00398886708002466,0.00915575283597284,0.0125972182505287,0.012036797884774,0.0120437013584587,0.00800234978701534,0.0126591464824406,0,0.0108958945926502,0.0126445939156647,0.00857871872691953,0.020948824207213,0.0264165196666995,0.015483919280433,0.022735521446165,0.0221406371678486,0.0349578463454486,0.0239683596342355,0.0245726331271071,0.0221406371678486,0.0184931185114607,0.0318986500837173,0.0301011588171575,0.0325856359787511,0.0319511955539987,0.0325856359787511,0.0301127147784897,0.0319511955539987,0.0325856359787511,0.0319633583626487,0.0319511955539987,0.0350684126332132,0.0350684126332132,0.0545271969087589,0.0559191680016617,0.057741137725942,0.0570930494952186,0.0558392156202905,0.0545271969087589,0.0540418191127769,0.055172358288594,0.0577947481292948,0.0469757957155622,0.0565465206561099,0.0100719602499278,0.0149008290778277,0.00591049361246663,0.0142761892246311,0.0160984735938868,0.0130827486679642,0.0301127147784897,0.20085696010292,0.022132372259175,0.0209276942283659,0.0227436192790655,0.0215381949147133,0.023347142317537,0.0233392121754172,0.0197089245816467,0.0209196353400727,0.022132372259175,0.0338191927454138,0.0319511955539987,0.0338191927454138,0.0338191927454138,0.0338191927454138,0.0338191927454138,0.0313418542428503,0.0319633583626487,0.033806417934818,0.0319633583626487,0.0331957512681322,0.0506898465526706,0.050050051199858,0.0494270621698698,0.0577613608369704,0.0558183532104952,0.0545271969087589,0.0545271969087589,0.050050051199858,0.0506898465526706,0.0513654701015175,0.055172358288594,0.0272253209245913,0.0148633385050585,0.0103006850293995,0.0106704043668509,0.0103275527851221,0.031880594883297,0.0312839683997178,0.0306647888131108,0.0276381451886495,0.0276575561942171,0.0276575561942171,0.0312961410811647,0.0306647888131108,0.0318691061741559,0.0264413155324859,0.0294624727604672,0.0489355125737415,0.0456219481079521
"A_Singapore_C2010_937V_2010",0.0227085517389258,0.0227031678363921,0.02151428922583,0.0124615122970103,0.0142654829851098,0.013671558086133,0.0220991671418612,0.0239234246958701,0.0124615122970103,0.0124615122970103,0.0130621129698273,0.00117716358081774,0.00237485829087562,0.010674386932695,0.0107747869115124,0.00235536808106441,0.00238192922755853,0.00235528116733446,0.0108136264468032,0.0221587859504301,0.00118720812537958,0.0023571051313632,0.0324777489760317,0.0300689009730719,0.0306647888131108,0.0282420099963494,0.0342837723086492,0.0324896083568855,0.0288567791673187,0.0288369561904002,0.0300922941623111,0.0342837723086492,0.0306647888131108,0.0351237407999251,0.0375552868965093,0.0392221798690036,0.0361452470818145,0.0419602062536165,0.0416480587534848,0.0392221798690036,0.0350418568830802,0.0336851878795095,0.0432108384002856,0.034295688565857,0.0545222760157794,0.060286513047016,0.0602658631608604,0.0609250827378997,0.0583700038643158,0.0622046739673105,0.0609250827378997,0.0602658631608604,0.0577403585951597,0.060302237474856,0.0609250827378997,0.151080503584149,0.15176812983997,0.150954925840431,0.149581252086021,0.150330315896532,0.150330315896532,0.150330315896532,0.150330315896532,0.150330315896532,0.149581252086021,0.151080503584149,0.00915575283597284,0.0143666082767379,0.0168516280833269,0.0160996235509628,0.0161088865560731,0.0132024633969423,0.00399341830662062,0.0108958945926502,0,0.00398886708002466,0.0137841970285913,0.0252213900180883,0.0307211216988178,0.0209362914538968,0.027012822871293,0.0288856604869908,0.0393065395494904,0.0282562770022766,0.0288635344228861,0.0264165196666995,0.0239683596342355,0.0362320579351329,0.0369333824729678,0.0394491110506513,0.0388036301130796,0.0394491110506513,0.0356941949426841,0.0362926392739314,0.0394491110506513,0.0388189912445073,0.0388036301130796,0.039433353118233,0.039433353118233,0.0583700038643158,0.0609175760528181,0.0616036244606706,0.0609513086473382,0.0596088303063121,0.0583700038643158,0.0577649804886607,0.059019354604934,0.0628614241239783,0.0520657783659121,0.0615504875297331,0.0142654829851098,0.00472537480469985,0.0112787779798647,0.00412728538469912,0.0203383235208656,0.00294664379582899,0.0344434125518329,0.206370739190106,0.0251774495400716,0.0251961073352235,0.0257917002315752,0.0282787311561889,0.0276289658944255,0.0276194852928947,0.0264268771874468,0.023959512265485,0.0264067064591752,0.039433353118233,0.0375465584264133,0.039433353118233,0.039433353118233,0.039433353118233,0.039433353118233,0.0381896645409093,0.0388189912445073,0.0394181527056573,0.0388189912445073,0.0388036301130796,0.0557993877127431,0.0551538098309332,0.0545271969087589,0.0603205915137249,0.0609724820884665,0.0596695497550757,0.0596695497550757,0.0551538098309332,0.0557993877127431,0.0564851464601254,0.059019354604934,0.0309410659447594,0.0190872958559222,0.0131892544490579,0.0160759858685859,0.0143890051814551,0.0361316759409174,0.0379891336214069,0.0349069355857475,0.0318581456516883,0.0330993645300162,0.0330993645300162,0.0355458525914241,0.0349069355857475,0.0361186367531305,0.0294419169417568,0.0349197562722444,0.0539830503848517,0.0506898465526706
"A_Singapore_H2010_564C_2010",0.0245482225649578,0.0245411744380739,0.0233531895627494,0.0142705699997241,0.0160821661844342,0.0154867909524367,0.0239362273845134,0.0257666652476439,0.0142705699997241,0.0142705699997241,0.0148737063816649,0.00413007630096208,0.00535504714667901,0.0124807016355619,0.0138157487819404,0.00531212006235829,0.00537102617796879,0.00531080749062839,0.0138657254561252,0.0240091614854274,0.00536144108272683,0.00531631647777729,0.0343211122362541,0.0319051545547533,0.0325019957986583,0.0300689009730719,0.0361316759409174,0.0343346184978063,0.0306878685000626,0.0306647888131108,0.031931820084545,0.0361316759409174,0.0325019957986583,0.036957031135717,0.0394573007061609,0.0398562241133776,0.0367736002924121,0.0426116769391356,0.0422839429818699,0.0398562241133776,0.0369333824729678,0.0355321262201923,0.0438637618522987,0.0361452470818145,0.0564596559854798,0.0622271102896521,0.0622046739673105,0.0628685471960967,0.0603419238239786,0.0641538949476471,0.0628685471960967,0.0622046739673105,0.0596695599562669,0.0622423010329231,0.0628685471960967,0.154915056134513,0.155605421344108,0.154782456980048,0.153403339185514,0.154158626338198,0.154158626338198,0.154158626338198,0.154158626338198,0.154158626338198,0.153403339185514,0.154915056134513,0.0108958945926502,0.0161250185840505,0.0186976744092995,0.0178606398128282,0.0178709370654527,0.014956110979786,0.00113830441879598,0.0126445939156647,0.00398886708002466,0,0.0155402231957492,0.0270828000234441,0.032598736059036,0.0227814137844394,0.0288743240525407,0.0307585874485508,0.0411999357097256,0.0301248184942243,0.0307330622526069,0.0282787311561889,0.0258216353883831,0.0381204092841001,0.0388349087869858,0.0413617619223692,0.0407117379842483,0.0413617619223692,0.0375919356249659,0.0381896645409093,0.0413617619223692,0.0407288504454543,0.0407117379842483,0.0413442491375417,0.0413442491375417,0.0603419238239786,0.062840946407422,0.0635885770036176,0.0629332689150574,0.0615430030634088,0.0603419238239786,0.0609385978855901,0.060994239637311,0.0648130007831325,0.0540230071756015,0.0634766744015204,0.0160821661844342,0.00769727335789911,0.0130892328931175,0.00709228205930475,0.0221819609822288,0.00590778089293673,0.0350825200689946,0.207285673922175,0.027032662689832,0.02705468163598,0.0276495659142962,0.0301506667599405,0.0294931360127156,0.0294819636915843,0.0282907762086745,0.0258111135628235,0.0282672312182926,0.0400800259608624,0.0394491110506513,0.0400800259608624,0.0400800259608624,0.0400800259608624,0.0400800259608624,0.0400967391096842,0.0407288504454543,0.0400638702257471,0.0407288504454543,0.0394491110506513,0.0577613608369704,0.0571128523154479,0.0564851464601254,0.0623014299243464,0.0629563088653782,0.0616474075943388,0.0616474075943388,0.0571128523154479,0.0577613608369704,0.0584537418876986,0.060994239637311,0.0334583528271154,0.0209196353400727,0.0149383638146866,0.0179003500061262,0.0161484960839706,0.0379891336214069,0.0398562241133776,0.0367591207009757,0.0336972617757111,0.0349469884457542,0.0349469884457542,0.0374039958469687,0.0367591207009757,0.0379744298695055,0.0312723223021948,0.0367736002924121,0.0559213211046622,0.0526322013503293
"A_Singapore_H2011_460cC_2011",0.0214858817817014,0.0208746183744893,0.0202920085035612,0.011259719302584,0.0130582823930087,0.0124654374692686,0.0208783482926174,0.0226983286030111,0.011259719302584,0.011259719302584,0.0118585217693632,0.0142761892246311,0.0155963707419938,0.00947423154754098,0.00956246431694252,0.0154717561878017,0.0156432925114657,0.0154664748869993,0.00959687884635503,0.0184931185114607,0.0156170307498734,0.015483919280433,0.0252464605033349,0.0228626476255423,0.0234536933214726,0.0222560879584951,0.0270350088067088,0.0252554970731219,0.0222638451587629,0.0228469358021019,0.0246833208212964,0.0270350088067088,0.0234536933214726,0.0279393082799283,0.030728237588782,0.0306878685000626,0.0276575561942171,0.0332086890188747,0.0330871335730964,0.0306878685000626,0.0276289658944255,0.0264413155324859,0.0344434125518329,0.0270440883601602,0.0469720886435906,0.0552627131226209,0.0552436227239387,0.0558960254302175,0.0551914846776501,0.0571650616444529,0.0558960254302175,0.0552436227239387,0.0539984899459416,0.0552768403053892,0.0558960254302175,0.15114429919812,0.151831818526417,0.151017378948172,0.149643922978501,0.150393548306321,0.150393548306321,0.150393548306321,0.150393548306321,0.150393548306321,0.149643922978501,0.15114429919812,0.00684939025775145,0.000568181879323985,0.015624489962909,0.0149290187200491,0.0149375962222983,0.000568181879323985,0.0149733385356089,0.00857871872691953,0.0137841970285913,0.0155402231957492,0,0.0179110381257474,0.0245818566437198,0.0124751091671487,0.0196948293450063,0.0215381949147133,0.031866573534887,0.0209196353400727,0.0215218715728276,0.0191006520005447,0.0166809466199425,0.0294343328254222,0.0288743240525407,0.0313541803449025,0.0307211216988178,0.0313541803449025,0.0282672312182926,0.0288635344228861,0.0313541803449025,0.0307330622526069,0.0307211216988178,0.0319633583626487,0.0319633583626487,0.0532572462886898,0.055938108306193,0.0564651838311053,0.0558183532104952,0.0545933742242579,0.0532572462886898,0.0540595838673369,0.0539011613809042,0.0578149168213195,0.0438114392897522,0.056565854779109,0.0130582823930087,0.0166945736249381,0.00888012663402916,0.0172802616402168,0.0191120610245999,0.0160821661844342,0.0276495659142962,0.208929060775486,0.0190937051306873,0.0178930684256957,0.0197016079411322,0.0197167786542175,0.0203031019261084,0.0202964922194485,0.0178930684256957,0.0178863223204813,0.0190937051306873,0.0307211216988178,0.0294819636915843,0.0307211216988178,0.0307211216988178,0.0307211216988178,0.0307211216988178,0.0301127147784897,0.0307330622526069,0.0307097299875858,0.0307330622526069,0.0301011588171575,0.0481507372904803,0.047513794529186,0.0468925968222884,0.0577821640486487,0.0558378971788026,0.0558378971788026,0.0558378971788026,0.047513794529186,0.0481507372904803,0.0488213683545135,0.0539011613809042,0.0303067784173957,0.0178693029870494,0.0131858443803302,0.00888012663402916,0.013219578506851,0.0288567791673187,0.0300803350109786,0.0276475887351779,0.0246373448443863,0.0264603169331985,0.0264603169331985,0.0288787013335055,0.0276475887351779,0.0288466049914189,0.0234457382688811,0.0270536913865173,0.0464270296519098,0.0431033899011342
"A_Beijingdongcheng_1026_2014",0.0319090027806363,0.0331406220209334,0.0307158162353659,0.0233531895627494,0.0251925539914807,0.0239799288786504,0.0325289656622965,0.0331406220209334,0.0233531895627494,0.0233531895627494,0.0239655595106974,0.0239921330989847,0.0260258985342154,0.0203223918549618,0.0217463903065497,0.0264323920191471,0.0261049128310647,0.0258071822188456,0.0218255051815452,0.0288917077322032,0.0266833486174542,0.0264536765321692,0.0233611292912102,0.0209321480280924,0.0215347472273971,0.0215347472273971,0.0264132873889565,0.0233696116718783,0.010081559786288,0.0221378870908753,0.013700525972666,0.0264132873889565,0.0215347472273971,0.0277055938904103,0.0295174915922959,0.0203470965377477,0.0173038735095465,0.0221720664075478,0.0227658909147747,0.0203470965377477,0.0264225669119119,0.0258071822188456,0.0246167037787846,0.0264225669119119,0.0444098851558023,0.0545986928410401,0.0545793820155425,0.0552451053421927,0.0526644544520799,0.0565404428542389,0.0552451053421927,0.0545793820155425,0.0533083695442943,0.0546128983792447,0.0552451053421927,0.160460679730883,0.161169425131963,0.160322461135259,0.15890667692595,0.15968307459748,0.15968307459748,0.15968307459748,0.15968307459748,0.15968307459748,0.15890667692595,0.160460679730883,0.0191120610245999,0.0185189409361924,0.0273178053134352,0.0270290510135798,0.0276622018940281,0.0173038735095465,0.0264970162110276,0.020948824207213,0.0252213900180883,0.0270828000234441,0.0179110381257474,0,0.0233786360895003,0.00829506792055821,0.018497572311187,0.0185189409361924,0.0306568496837145,0.018504158214155,0.0203223918549618,0.0179037478039603,0.00770183368582409,0.028226658094238,0.0270489149086047,0.0295226367138383,0.0288917077322032,0.0295226367138383,0.0258266190730928,0.0276556131595087,0.0295226367138383,0.0289030579480643,0.0288917077322032,0.0307515982834692,0.0307515982834692,0.0513791067005295,0.0558722075580539,0.0545793820155425,0.0526463899173096,0.0526289012600308,0.0513791067005295,0.0552253769374437,0.0520213675467079,0.0571683845639189,0.0444907556933662,0.0565198760423964,0.0251925539914807,0.0276890076114538,0.0197207038264758,0.0276556131595087,0.031392047320401,0.0270596653206896,0.0264427620962254,0.207918560376471,0.0178969935979541,0.0166974452969419,0.018504158214155,0.0167045342741514,0.0191051058002711,0.0190986888153969,0.0148885516483692,0.0166908909327164,0.018497572311187,0.019728567347735,0.0264225669119119,0.019728567347735,0.019728567347735,0.019728567347735,0.019728567347735,0.0295226367138383,0.0289030579480643,0.0197207038264758,0.0289030579480643,0.0191195538741464,0.0469211866817634,0.0456497301797072,0.0437620960024936,0.0558923546235155,0.0539531149592302,0.0539531149592302,0.0539531149592302,0.044381498681753,0.0462850542804351,0.0463158595095109,0.0520213675467079,0.0389726803795422,0.029478991391977,0.0233531895627494,0.0160799110408443,0.0258071822188456,0.028273278463505,0.0282842459878893,0.0258071822188456,0.0239655595106974,0.0252112343800265,0.0252112343800265,0.0264427620962254,0.0258071822188456,0.0282628579320579,0.0203086167578087,0.0245873714754201,0.0450444030074548,0.041249318374117
"A_Xiamen_s35_2015",0.0368258435368637,0.038065129202928,0.0356196695836995,0.0288344525135996,0.0306885955530591,0.0300878822630372,0.0374500633432829,0.0393166943119872,0.0288344525135996,0.0288344525135996,0.02945173654262,0.0307211216988178,0.0322001658491792,0.0257828099508618,0.0272681351980464,0.0319395831587936,0.0322983054738493,0.0319285217929503,0.0273676567475249,0.0344176370766611,0.0322428403224603,0.0319633583626487,0.0142705699997241,0.0118741475563404,0.0124700463816743,0.0136734163969568,0.0148633385050585,0.0142761892246311,0.0270037216682713,0.0142705699997241,0.0270224700837985,0.0160703396946991,0.0124700463816743,0.0179183744017386,0.0178969935979541,0.0350418568830802,0.0319285217929503,0.0369055846043208,0.0375061854937873,0.0350418568830802,0.0185002330418967,0.0178930684256957,0.038146438738236,0.0185002330418967,0.0393759027246791,0.0481996840687313,0.0481827986636298,0.0488386617914773,0.0462876358495296,0.0501190722223141,0.0488386617914773,0.0481827986636298,0.0469241731729286,0.0482122207376256,0.0488386617914773,0.163401517763912,0.164112294222787,0.163260063219671,0.161840236245515,0.162620267604966,0.162620267604966,0.162620267604966,0.162620267604966,0.162620267604966,0.161840236245515,0.163401517763912,0.0245639525305872,0.0239683596342355,0.0335152599743346,0.0325387446199435,0.0331802589827772,0.0239683596342355,0.0320147124070991,0.0264165196666995,0.0307211216988178,0.032598736059036,0.0245818566437198,0.0233786360895003,0,0.0191006520005447,0.00829015585875628,0.0270224700837985,0.0202754569133394,0.00949046117351291,0.00531395659510863,0.0088875274949277,0.0209051350213243,0.0178744389846784,0.0197089245816467,0.0221494419346039,0.0215297635426874,0.0221494419346039,0.0203102507430081,0.0197167786542175,0.0221494419346039,0.0215381949147133,0.0215297635426874,0.022771155898378,0.022771155898378,0.0450169871351933,0.049460754630902,0.0481827986636298,0.047545043475124,0.0475291341456874,0.0450169871351933,0.0488213683545135,0.0456519078554312,0.050741985312752,0.0388189912445073,0.0501009595839242,0.0306885955530591,0.0344571291181683,0.0239512073558616,0.0337941955993794,0.0356884386404475,0.032573086181434,0.0191081358523416,0.212127146941276,0.0112787779798647,0.00888356381854835,0.0118793786526817,0.0264165196666995,0.0088875274949277,0.00888356381854835,0.0245726331271071,0.0100844161574222,0.0124700463816743,0.0344055793959679,0.0209196353400727,0.0344055793959679,0.0344055793959679,0.0344055793959679,0.0344055793959679,0.0221494419346039,0.0215381949147133,0.0343940759112021,0.0215381949147133,0.0337825263558443,0.041237329677051,0.0393505349852313,0.038735192074205,0.0494784571442898,0.0475615218889289,0.0488386617914773,0.0488386617914773,0.0393505349852313,0.0399786757713622,0.0406345566303681,0.0456519078554312,0.0459843525243899,0.0343831272453109,0.0306885955530591,0.0227279651555267,0.0313081743188332,0.0203261632512821,0.0209276942283659,0.0178930684256957,0.0154717561878017,0.017286640213091,0.017286640213091,0.0209362914538968,0.0178930684256957,0.0191006520005447,0.0184931185114607,0.0191006520005447,0.0387477619385483,0.0349953991115145
"A_Beijingfengtai_0041_2014",0.0282020463113414,0.0281949294447864,0.0263963675710116,0.0178744389846784,0.0196948293450063,0.0184915241991959,0.0275870400837414,0.0281949294447864,0.0178744389846784,0.0178744389846784,0.018480499664943,0.0209362914538968,0.0223193074644821,0.0148682558127841,0.016227158952488,0.0221406371678486,0.0223868377366031,0.022132372259175,0.0162858908062793,0.0245818566437198,0.0223501634554355,0.0221587859504301,0.0190872958559222,0.0166749346897687,0.0172744187087331,0.0172744187087331,0.0221174644691792,0.0190937051306873,0.0118652737195494,0.0178744389846784,0.0142823400503311,0.0221174644691792,0.0172744187087331,0.0233891535824555,0.0251925539914807,0.0209276942283659,0.0178863223204813,0.0227522580392207,0.023347142317537,0.0209276942283659,0.0221246478210037,0.021514519618389,0.0251961073352235,0.0221246478210037,0.041237329677051,0.0500834181170486,0.0500664484462583,0.0507240331950729,0.0481664828616877,0.0520077309476958,0.0507240331950729,0.0500664484462583,0.0488046450414901,0.0500970547160607,0.0507240331950729,0.157320066727709,0.158025791536617,0.157185431486514,0.155775663955416,0.156547269046819,0.156547269046819,0.156547269046819,0.156547269046819,0.156547269046819,0.155775663955416,0.157320066727709,0.0136681602882989,0.0130767939569651,0.0223597766432007,0.021514519618389,0.0221378870908753,0.0118741475563404,0.0221952693069501,0.015483919280433,0.0209362914538968,0.0227814137844394,0.0124751091671487,0.00829506792055821,0.0191006520005447,0,0.0142609287936333,0.0124751091671487,0.0263429840393111,0.0142654829851098,0.0160703396946991,0.0136681602882989,0.00709465314460642,0.0239234246958701,0.0227436192790655,0.0251961073352235,0.0245726331271071,0.0251961073352235,0.0227522580392207,0.023347142317537,0.0251961073352235,0.0245818566437198,0.0245726331271071,0.0264165196666995,0.0264165196666995,0.0468925968222884,0.0513476791281083,0.0500664484462583,0.0494270621698698,0.049411073477112,0.0468925968222884,0.0507066533992806,0.0475291341456874,0.0526322013503293,0.0406791874220123,0.0519895277399974,0.0196948293450063,0.0233842767600002,0.0142705699997241,0.0239683596342355,0.0258266190730928,0.0221494419346039,0.0221406371678486,0.20956959660789,0.0124615122970103,0.0124700463816743,0.0130621129698273,0.0106788978839127,0.0148633385050585,0.0148589550739003,0.00888356381854835,0.0112657532640288,0.0130621129698273,0.0203102507430081,0.0221246478210037,0.0203102507430081,0.0203102507430081,0.0203102507430081,0.0203102507430081,0.0251961073352235,0.0245818566437198,0.0203031019261084,0.0245818566437198,0.0197016079411322,0.0431033899011342,0.0412118365732823,0.0405949747369669,0.0513654701015175,0.0494436227642361,0.0494436227642361,0.0494436227642361,0.0412118365732823,0.0418415595784357,0.0424991599997495,0.0475291341456874,0.0351392648637408,0.0239434455221305,0.0190872958559222,0.0106669507972495,0.0203031019261084,0.023959512265485,0.0239683596342355,0.021514519618389,0.0196885894090035,0.0209196353400727,0.0209196353400727,0.0221406371678486,0.021514519618389,0.0239512073558616,0.0172691120342303,0.0203031019261084,0.0406076066718976,0.0368458334418983
"A_Hong_Kong_485197_2014",0.0324779900530868,0.0337091589019172,0.0306568496837145,0.0251466668962051,0.0269871597719187,0.0263887285223148,0.0330968020132618,0.03494985432761,0.0251466668962051,0.0251466668962051,0.0257594120709306,0.027012822871293,0.0278360483681982,0.0215014382259178,0.0229337427298231,0.0282266948103689,0.0279205414226599,0.0282179296241419,0.0230171010211568,0.0319285217929503,0.0266466310782478,0.0282458691188897,0.00947749827020053,0.00709754944956927,0.00769024582968294,0.00828654882224453,0.0112657532640288,0.00948129252093516,0.0221047235051449,0.00888012663402916,0.0233392121754172,0.0112657532640288,0.00769024582968294,0.0130897998377249,0.0142790608966349,0.0288532922113727,0.0257744647491678,0.0306988877331008,0.0312980491942508,0.0288532922113727,0.0124700463816743,0.0118694457088573,0.0319285217929503,0.0124700463816743,0.0343940759112021,0.0431460587387789,0.0431312713355196,0.0437793710463754,0.0412509206518886,0.0450484072606109,0.0437793710463754,0.0431312713355196,0.0418818355620996,0.0431575007864231,0.0437793710463754,0.161061419888673,0.161770369566574,0.160923610369975,0.159507417083739,0.16028381475527,0.16028381475527,0.16028381475527,0.16028381475527,0.16028381475527,0.159507417083739,0.161061419888673,0.0208986948224601,0.0190872958559222,0.029755843767321,0.0288258562715187,0.029460465012716,0.0190872958559222,0.0282903004006039,0.022735521446165,0.027012822871293,0.0288743240525407,0.0196948293450063,0.018497572311187,0.00829015585875628,0.0142609287936333,0,0.0233392121754172,0.015444501457471,0.00472284459801292,0.00531395659510863,0.0041284195844397,0.0172643422356928,0.0130522195693454,0.0148737063816649,0.0172935538151469,0.0166809466199425,0.0172935538151469,0.0154717561878017,0.0136734163969568,0.0172935538151469,0.0166874931348823,0.0166809466199425,0.0166945736249381,0.0166945736249381,0.0399914741421466,0.0443978964587364,0.0431312713355196,0.0424991599997495,0.0424853361569199,0.0399914741421466,0.0437641828124346,0.0406208008457446,0.0456677384111167,0.0338325194179523,0.0450324143103888,0.0269871597719187,0.0294819636915843,0.020290422241358,0.0300697835928841,0.0331915545502041,0.0288532922113727,0.0148682558127841,0.208719978731411,0.00649976907681203,0.00412728538469912,0.00709465314460642,0.021514519618389,0.0041284195844397,0.00412728538469912,0.0196885894090035,0.00531395659510863,0.00768532087359899,0.0282266948103689,0.0160759858685859,0.0282266948103689,0.0282266948103689,0.0282266948103689,0.0282266948103689,0.0172935538151469,0.0166874931348823,0.0282179296241419,0.0166874931348823,0.0276105517872362,0.0362430603952152,0.0343727340248163,0.0337608496292085,0.0444134865403729,0.0425135475854856,0.0437793710463754,0.0437793710463754,0.0343727340248163,0.0349953991115145,0.035641737194903,0.0406208008457446,0.0421058586101042,0.0306610256894459,0.0269871597719187,0.017864704930582,0.0276021659995187,0.0142761892246311,0.0160821661844342,0.0118694457088573,0.00947423154754098,0.0136734163969568,0.0136734163969568,0.0160888800317896,0.0118694457088573,0.0130664754984825,0.0124655138876742,0.0142705699997241,0.033771410824504,0.0300516168544428
"A_Xiamen_s21_2015",0.0349755070714993,0.0349663974746497,0.0344038858973241,0.0257744647491678,0.0263887154406714,0.0264045540681908,0.034353616444064,0.0362117281308756,0.0257744647491678,0.0257744647491678,0.0263887154406714,0.0288856604869908,0.0303458828635077,0.022735521446165,0.0229496841264386,0.0301011588171575,0.0304382724988838,0.0300901512218119,0.0230331595453842,0.0313300774617031,0.0303872969043922,0.0301248184942243,0.0282360081823523,0.0257917002315752,0.0263974381782266,0.0227209510255972,0.0300697835928841,0.0282458691188897,0.022132372259175,0.0233249803646228,0.0221494419346039,0.0300697835928841,0.0263974381782266,0.0313755559276048,0.0331915545502041,0.0313541803449025,0.0282562770022766,0.0332086890188747,0.033806417934818,0.0313541803449025,0.0300796926075276,0.0294612633388294,0.0356941949426841,0.0300796926075276,0.0494270621698698,0.0570930494952186,0.0570738268584507,0.057741137725942,0.0551538098309332,0.0590398397547847,0.057741137725942,0.0557810013159393,0.0557993877127431,0.0558152402538334,0.057741137725942,0.163260063219671,0.163971048575621,0.163121469030579,0.161701215503378,0.16248003186022,0.16248003186022,0.16248003186022,0.16248003186022,0.16248003186022,0.161701215503378,0.163260063219671,0.0215218715728276,0.0221494419346039,0.0279043651120493,0.0269951670941699,0.0288609443417129,0.0209276942283659,0.0301738534883722,0.0221406371678486,0.0288856604869908,0.0307585874485508,0.0215381949147133,0.0185189409361924,0.0270224700837985,0.0124751091671487,0.0233392121754172,0,0.0355713584474084,0.023347142317537,0.0239683596342355,0.0227436192790655,0.0148796895996488,0.0331297253050854,0.0307097299875858,0.0331957512681322,0.0325610872785921,0.0331957512681322,0.0319633583626487,0.0313188506147611,0.0331957512681322,0.032573086181434,0.0325610872785921,0.0344302483338956,0.0344302483338956,0.053865149323783,0.0583700038643158,0.0570738268584507,0.059019354604934,0.0589994519071015,0.053865149323783,0.0577214953427932,0.0545090644159973,0.0596695497550757,0.0501570085339384,0.059019354604934,0.0263887154406714,0.0326123858142812,0.022132372259175,0.0319511955539987,0.0313489701328145,0.0307330622526069,0.0313418542428503,0.215142411927257,0.022735521446165,0.0215297635426874,0.023347142317537,0.00769727335789911,0.0239512073558616,0.0239434455221305,0.00591049361246663,0.0215218715728276,0.022735521446165,0.0307211216988178,0.0313188506147611,0.0307211216988178,0.0307211216988178,0.0307211216988178,0.0307211216988178,0.0319511955539987,0.032573086181434,0.0307097299875858,0.032573086181434,0.0301011588171575,0.0525966925800291,0.05067361328629,0.0487729112973096,0.0583900670837419,0.0564458002138957,0.0564458002138957,0.0564458002138957,0.05067361328629,0.0513138182393123,0.0519895277399974,0.0557993877127431,0.0421348036700667,0.0319180120759111,0.0270037216682713,0.0196948293450063,0.0270037216682713,0.0319395831587936,0.0319511955539987,0.0306988877331008,0.0276105517872362,0.0288635344228861,0.0288635344228861,0.0313418542428503,0.0306988877331008,0.0319285217929503,0.0257917002315752,0.0294713392616369,0.047513794529186,0.0462423380271299
"A_Xiamen_s54_2015",0.0454900965885963,0.0467430774502463,0.0442737408146706,0.0374079675342259,0.039279460673643,0.0386782185317798,0.0461202163947402,0.0480065020012009,0.0374079675342259,0.0374079675342259,0.0380310205743494,0.0393065395494904,0.0408773355951654,0.0343220745943921,0.0358960696756532,0.0405402708875558,0.0410024567377451,0.0405310257827023,0.0360276205845719,0.0443046286003938,0.0409217129125165,0.0405604587019724,0.0226902866906018,0.0202681901618847,0.0208714324134609,0.0220857620935241,0.0245103613401631,0.0226940346746262,0.0343155873375391,0.0226902866906018,0.03494985432761,0.0245103613401631,0.0208714324134609,0.0263903901066612,0.0275850093083979,0.0417857315854152,0.039279460673643,0.0442935783686831,0.0449037067984221,0.0424142671804407,0.0257358752278957,0.0251246282080051,0.0455457254471393,0.0257358752278957,0.0480565382551457,0.0569707105581156,0.0569555671205549,0.0576158719379507,0.0550402062293859,0.058261866859852,0.0576158719379507,0.0569555671205549,0.0556828798397178,0.0569904934180222,0.0576158719379507,0.17125966370752,0.171978395306298,0.171120571110858,0.169684859256072,0.170471641479788,0.170471641479788,0.170471641479788,0.170471641479788,0.170471641479788,0.169684859256072,0.17125966370752,0.0330899637763439,0.0312489082308906,0.0422205479448984,0.0411489139149012,0.0418015841265054,0.0312489082308906,0.0406206130069107,0.0349578463454486,0.0393065395494904,0.0411999357097256,0.031866573534887,0.0306568496837145,0.0202754569133394,0.0263429840393111,0.015444501457471,0.0355713584474084,0,0.016650123954968,0.0172506443004278,0.0160458244403512,0.0293953662321214,0.0220823838801568,0.0281823484680424,0.0306454076360703,0.03002190618296,0.0306454076360703,0.0287911363307367,0.0269606155830656,0.0306454076360703,0.0300285044116061,0.03002190618296,0.0300356560257345,0.0300356560257345,0.053757331888669,0.0582458904173006,0.0569555671205549,0.0563116520283404,0.0562975082992696,0.053757331888669,0.0576003125354907,0.0543983576174968,0.0595395521997761,0.0474848269678894,0.0588923029184532,0.039279460673643,0.0411885994881031,0.0324715345076458,0.0424142671804407,0.0455965679023161,0.041177828550322,0.0269606155830656,0.224782560535385,0.0184555694758559,0.0160444737849738,0.0190601644709254,0.0337163807790359,0.0160458244403512,0.0160444737849738,0.0318599430028227,0.0172506443004278,0.0196600447827482,0.0417762665693494,0.0294061425583366,0.0417762665693494,0.0417762665693494,0.0417762665693494,0.0417762665693494,0.0306454076360703,0.0300285044116061,0.0417673699358587,0.0300285044116061,0.0411489139149012,0.0486689084327306,0.0480347929387331,0.047411663926459,0.058261866859852,0.0563263805720415,0.0576158719379507,0.0576158719379507,0.0480347929387331,0.0486689084327306,0.0480565382551457,0.0543983576174968,0.0549125190871412,0.0430145357852192,0.039279460673643,0.0300054382629863,0.0399048516244693,0.02757411259255,0.0294123613884735,0.0251246282080051,0.0226870852938365,0.0269606155830656,0.0269606155830656,0.029419133136277,0.0251246282080051,0.0263429840393111,0.0257313631679389,0.0275684748488812,0.0474224227611481,0.0436345258569193
"A_Xiamen_s113_2015",0.0343448933548511,0.035579736972884,0.0331406220209334,0.0263805388668051,0.0282266948103689,0.0276271374232348,0.0349663974746497,0.0368258435368637,0.0263805388668051,0.0263805388668051,0.0269951670941699,0.0282562770022766,0.0297114133396055,0.0233392121754172,0.0247955807476836,0.0294713392616369,0.0298017854624621,0.0294612633388294,0.0248858968779767,0.0331833648946945,0.029750527085346,0.0294931360127156,0.0106704043668509,0.00828654882224453,0.00888012663402916,0.0112739073882155,0.0136634359527075,0.010674386932695,0.0221108228229826,0.0118694457088573,0.023347142317537,0.0136634359527075,0.00888012663402916,0.0154994275423894,0.0166908909327164,0.0300796926075276,0.0269951670941699,0.0319285217929503,0.0325284021047731,0.0300796926075276,0.0148737063816649,0.0142705699997241,0.0344055793959679,0.0148737063816649,0.0356300106845121,0.0443978964587364,0.0443828716411957,0.0450324143103888,0.0424991599997495,0.046303870812445,0.0450324143103888,0.0443828716411957,0.0431312713355196,0.0444098851558023,0.0450324143103888,0.159576180375742,0.16028381475527,0.159439363013668,0.158025791536617,0.158800385030032,0.158800385030032,0.158800385030032,0.158800385030032,0.158800385030032,0.158025791536617,0.159576180375742,0.0221246478210037,0.0203102507430081,0.0310163530982887,0.0300697835928841,0.0307070773886104,0.0203102507430081,0.02954043926486,0.0239683596342355,0.0282562770022766,0.0301248184942243,0.0209196353400727,0.018504158214155,0.00949046117351291,0.0142654829851098,0.00472284459801292,0.023347142317537,0.016650123954968,0,0.00650537768026096,0.00531631647777729,0.0172691120342303,0.0142569080414981,0.0160759858685859,0.0185002330418967,0.0178863223204813,0.0185002330418967,0.0178863223204813,0.0160821661844342,0.0185002330418967,0.0178930684256957,0.0178863223204813,0.0191161560763123,0.0191161560763123,0.041237329677051,0.0456519078554312,0.0443828716411957,0.0437495593335992,0.0437355012369042,0.041237329677051,0.0450169871351933,0.0418678467845651,0.0469241731729286,0.0338191927454138,0.0462876358495296,0.0282266948103689,0.0307330622526069,0.021514519618389,0.0313188506147611,0.0344510646821731,0.0301011588171575,0.0160821661844342,0.211375303668009,0.00769349707673532,0.00531395659510863,0.00829015585875628,0.0215218715728276,0.00531631647777729,0.00531395659510863,0.0196948293450063,0.00650537768026096,0.00888012663402916,0.02945173654262,0.0172802616402168,0.02945173654262,0.02945173654262,0.02945173654262,0.02945173654262,0.0185002330418967,0.0178930684256957,0.029442759495983,0.0178930684256957,0.0288344525135996,0.0374820585861752,0.0356082275360553,0.0349953991115145,0.0456677384111167,0.0437641828124346,0.0450324143103888,0.0450324143103888,0.0356082275360553,0.0362320579351329,0.0368800113355544,0.0418678467845651,0.042120038000554,0.0319080546306558,0.0282266948103689,0.0190814247928026,0.0288435980348331,0.0166874931348823,0.017286640213091,0.0142705699997241,0.0118652737195494,0.0148737063816649,0.0148737063816649,0.0172935538151469,0.0142705699997241,0.0154717561878017,0.0136634359527075,0.0154717561878017,0.0350061802854345,0.031279454958144
"A_Xiamen_s76_2015",0.0349578463454486,0.0361936360635108,0.0337528348076751,0.0269871597719187,0.0288344525135996,0.0282348844658784,0.035579736972884,0.037440519502712,0.0269871597719187,0.0269871597719187,0.0276021659995187,0.0288635344228861,0.0303251636519089,0.0239434455221305,0.0254059356525551,0.0300796926075276,0.0304174255129035,0.0300697835928841,0.0254984956922213,0.0337941955993794,0.0303643158836042,0.0301011588171575,0.0112657532640288,0.00888012663402916,0.00947423154754098,0.0118694457088573,0.0130582823930087,0.0112695656129053,0.0239362273845134,0.0124655138876742,0.0251774495400716,0.0130582823930087,0.00947423154754098,0.0160990879797844,0.0160799110408443,0.0319285217929503,0.0288344525135996,0.0337825263558443,0.0343831272453109,0.0319285217929503,0.0154717561878017,0.0148682558127841,0.0350175173884838,0.0154717561878017,0.0362430603952152,0.0450169871351933,0.0450021263601211,0.0456519078554312,0.0431170481803059,0.0469241731729286,0.0456519078554312,0.0450021263601211,0.0437495593335992,0.0450295238040876,0.0456519078554312,0.163401517763912,0.164112294222787,0.163260063219671,0.161840236245515,0.162620267604966,0.162620267604966,0.162620267604966,0.162620267604966,0.162620267604966,0.161840236245515,0.163401517763912,0.0227279651555267,0.0209121153996969,0.0316320185765962,0.0306788540686775,0.0313169027889291,0.0209121153996969,0.0301490386006701,0.0245726331271071,0.0288635344228861,0.0307330622526069,0.0215218715728276,0.0203223918549618,0.00531395659510863,0.0160703396946991,0.00531395659510863,0.0239683596342355,0.0172506443004278,0.00650537768026096,0,0.00590778089293673,0.0178801123018816,0.014855106138095,0.0166749346897687,0.0191006520005447,0.0184865405144863,0.0191006520005447,0.0172744187087331,0.0166809466199425,0.0191006520005447,0.0184931185114607,0.0184865405144863,0.0197167786542175,0.0197167786542175,0.0418544212467089,0.0462719683125013,0.0450021263601211,0.0443684127138192,0.0443545203063581,0.0418544212467089,0.0456366442117736,0.0424853361569199,0.047545043475124,0.035680248984938,0.0469081007138297,0.0288344525135996,0.0313418542428503,0.0221174644691792,0.0319285217929503,0.0338146075903277,0.0307097299875858,0.0166809466199425,0.212127146941276,0.00828654882224453,0.00590559194212262,0.00888356381854835,0.023347142317537,0.00590778089293673,0.00590559194212262,0.021514519618389,0.00709754944956927,0.00947423154754098,0.0312980491942508,0.0178801123018816,0.0312980491942508,0.0312980491942508,0.0312980491942508,0.0312980491942508,0.0191006520005447,0.0184931185114607,0.0312884758648818,0.0184931185114607,0.0306788540686775,0.0380966158327494,0.0362216136354791,0.0356082275360553,0.0462876358495296,0.0443828716411957,0.0456519078554312,0.0456519078554312,0.0362216136354791,0.0368458334418983,0.0374938427860664,0.0424853361569199,0.0440413448979146,0.0325186129653776,0.0288344525135996,0.019682888752274,0.02945173654262,0.017286640213091,0.0178863223204813,0.0148682558127841,0.0124615122970103,0.0154717561878017,0.0154717561878017,0.0178930684256957,0.0148682558127841,0.0160703396946991,0.0154664748869993,0.0160703396946991,0.0356188405887961,0.0318897990651941
"A_Xiamen_s77_2015",0.0324925721118772,0.0337241608108187,0.031289807655063,0.0245482225649578,0.0263887154406714,0.025789925840826,0.0331121508776512,0.0349663974746497,0.0245482225649578,0.0245482225649578,0.0251609677396833,0.0264165196666995,0.0278536658656734,0.021514519618389,0.0229496841264386,0.0276289658944255,0.0279382672905309,0.0276194852928947,0.0230331595453842,0.0313300774617031,0.0278904128141486,0.0276495659142962,0.00888012663402916,0.00650231128403188,0.00709465314460642,0.00948129252093516,0.0106669507972495,0.00888356381854835,0.0215077082960487,0.0100755844659157,0.0227436192790655,0.0106669507972495,0.00709465314460642,0.0124877528053226,0.0136762880689605,0.0294713392616369,0.0263887154406714,0.0313188506147611,0.0319180120759111,0.0294713392616369,0.0118694457088573,0.0112695656129053,0.032549639885246,0.0118694457088573,0.033771410824504,0.0425135475854856,0.0424991599997495,0.0431460587387789,0.0406208008457446,0.0444134865403729,0.0431460587387789,0.0424991599997495,0.0412509206518886,0.0425249896331298,0.0431460587387789,0.155775663955416,0.156480195251781,0.155643410218033,0.154236016857385,0.155005247778338,0.155005247778338,0.155005247778338,0.155005247778338,0.155005247778338,0.154236016857385,0.155775663955416,0.0203031019261084,0.0184931185114607,0.0291512485512506,0.0282266948103689,0.0288609443417129,0.0184931185114607,0.0276939971960104,0.0221406371678486,0.0264165196666995,0.0282787311561889,0.0191006520005447,0.0179037478039603,0.0088875274949277,0.0136681602882989,0.0041284195844397,0.0227436192790655,0.0160458244403512,0.00531631647777729,0.00590778089293673,0,0.0166694579573765,0.0136524597374703,0.0142705699997241,0.0166874931348823,0.0160759858685859,0.0166874931348823,0.0148682558127841,0.0130713693645545,0.0166874931348823,0.0160821661844342,0.0160759858685859,0.0160888800317896,0.0160888800317896,0.039362938547121,0.0437641828124346,0.0424991599997495,0.0418678467845651,0.0418544212467089,0.039362938547121,0.0431312713355196,0.0399914741421466,0.0450324143103888,0.0332086890188747,0.0443978964587364,0.0263887154406714,0.0288856604869908,0.0196948293450063,0.0294713392616369,0.0325927518687153,0.0282562770022766,0.0142761892246311,0.207222872476251,0.00591049361246663,0.00353800992035371,0.00650537768026096,0.0209196353400727,0.00472083671535559,0.00471935176530745,0.0190937051306873,0.00472537480469985,0.00709465314460642,0.0288435980348331,0.0154717561878017,0.0288435980348331,0.0288435980348331,0.0288435980348331,0.0288435980348331,0.0166874931348823,0.0160821661844342,0.0288344525135996,0.0160821661844342,0.0282266948103689,0.0356188405887961,0.033750843397381,0.03313934550941,0.0437793710463754,0.0418818355620996,0.0431460587387789,0.0431460587387789,0.033750843397381,0.0343727340248163,0.0350175173884838,0.0399914741421466,0.0414904736839926,0.0300604247999793,0.0263887154406714,0.0172691120342303,0.0270037216682713,0.0136734163969568,0.0154775711893647,0.0112695656129053,0.00887721655123708,0.0130713693645545,0.0130713693645545,0.015483919280433,0.0112695656129053,0.0124655138876742,0.0130664754984825,0.0136681602882989,0.0331495201970687,0.0294343328254222
"A_Xiamen_s99_2015",0.0300285044116061,0.03002190618296,0.0282189818271305,0.0208927954240419,0.0227209510255972,0.02151428922583,0.0306454076360703,0.031255713101438,0.0208927954240419,0.0208927954240419,0.0215014382259178,0.0239683596342355,0.0253819149656321,0.0178744389846784,0.0192661568811707,0.0251774495400716,0.0254588550748815,0.0251689363317006,0.0193360130622111,0.0276289658944255,0.0254151595134576,0.0251961073352235,0.0221108228229826,0.0196885894090035,0.020290422241358,0.017864704930582,0.0251535443860218,0.0221174644691792,0.00828091355867553,0.0184656061916429,0.00948129252093516,0.0251535443860218,0.020290422241358,0.0264362884399576,0.0270113737986115,0.0197167786542175,0.0166809466199425,0.0215381949147133,0.022132372259175,0.0197167786542175,0.0251609677396833,0.0245482225649578,0.0239777488487908,0.0251609677396833,0.0418292624133238,0.0519548439681401,0.051938364665788,0.0525966925800291,0.0513138182393123,0.0538828669226847,0.0525966925800291,0.051938364665788,0.05067361328629,0.051970140501249,0.0525966925800291,0.159439363013668,0.160147212698445,0.159305384861179,0.157891374161104,0.158664769520254,0.158664769520254,0.158664769520254,0.158664769520254,0.158664769520254,0.157891374161104,0.159439363013668,0.0166694579573765,0.017286640213091,0.0254280231152895,0.0245482225649578,0.0251760522216648,0.0160759858685859,0.0252365475409835,0.0184931185114607,0.0239683596342355,0.0258216353883831,0.0166809466199425,0.00770183368582409,0.0209051350213243,0.00709465314460642,0.0172643422356928,0.0148796895996488,0.0293953662321214,0.0172691120342303,0.0178801123018816,0.0166694579573765,0,0.0257409367886903,0.0245558154700784,0.027012822871293,0.0263887154406714,0.027012822871293,0.0257917002315752,0.0263887154406714,0.027012822871293,0.0263974381782266,0.0263887154406714,0.0294713392616369,0.0294713392616369,0.0487579021305119,0.0532220624184109,0.051938364665788,0.0512977495877637,0.0512822563136353,0.0487579021305119,0.0525798015722325,0.0493956573190179,0.0545090644159973,0.0412650737378821,0.053865149323783,0.0227209510255972,0.0276606841059248,0.0172744187087331,0.0257828099508618,0.028880904982322,0.0258011349736332,0.0239512073558616,0.210121170948804,0.0166645170391607,0.0154664748869993,0.0172691120342303,0.0154775711893647,0.0178693029870494,0.017864704930582,0.0136681602882989,0.0154617279015748,0.0172691120342303,0.0191006520005447,0.0239362273845134,0.0191006520005447,0.0191006520005447,0.0191006520005447,0.0191006520005447,0.027012822871293,0.0263974381782266,0.0190937051306873,0.0263974381782266,0.0184931185114607,0.0443284375886866,0.0430658106550896,0.0411885994881031,0.053239366190361,0.0513138182393123,0.0513138182393123,0.0513138182393123,0.0430658106550896,0.0436967255653007,0.0437220091530647,0.0493956573190179,0.0382940947127686,0.0269871597719187,0.0208927954240419,0.0154617279015748,0.0233318246507584,0.0270037216682713,0.0257828099508618,0.0245482225649578,0.0227144796782755,0.0215077082960487,0.0215077082960487,0.0239512073558616,0.0245482225649578,0.0269951670941699,0.020284892613597,0.0221108228229826,0.0424593822194676,0.0386905201537543
"A_Xiamen_s80_2015",0.0423863949990884,0.0436345258569193,0.0411738376535894,0.0343367282531531,0.0362024020595822,0.0356012117596462,0.0430145357852192,0.0448939723666613,0.0343367282531531,0.0343367282531531,0.0349578463454486,0.0362320579351329,0.0377695569603142,0.0312630729400667,0.0328056954489868,0.0374601682301692,0.0378849873808834,0.0374500633432829,0.0329257408912533,0.0412118365732823,0.0378137452310716,0.0374820585861752,0.0202799039613701,0.017864704930582,0.0184656061916429,0.0196777279973961,0.0220941543628035,0.020284892613597,0.0306384290724176,0.0202799039613701,0.0318897990651941,0.0220941543628035,0.0184656061916429,0.0221338090626504,0.0239377432222113,0.0393274122321678,0.0368258435368637,0.0418292624133238,0.0411999357097256,0.039954764886616,0.0233186799415405,0.0227085517389258,0.0430777705013061,0.0233186799415405,0.0449483598922923,0.0544745341471425,0.0544581376474453,0.0551184492393569,0.0525477494891475,0.0564087725361027,0.0551184492393569,0.0544581376474453,0.0531891863955921,0.0544915027787611,0.0551184492393569,0.168607417481203,0.169322920644977,0.168463102914998,0.167033852059693,0.16782001574367,0.16782001574367,0.16782001574367,0.16782001574367,0.16782001574367,0.167033852059693,0.168607417481203,0.0300356560257345,0.0288178099359647,0.0391029538005247,0.038065129202928,0.0387139317020678,0.0288178099359647,0.0375392610968654,0.0318986500837173,0.0362320579351329,0.0381204092841001,0.0294343328254222,0.028226658094238,0.0178744389846784,0.0239234246958701,0.0130522195693454,0.0331297253050854,0.0220823838801568,0.0142569080414981,0.014855106138095,0.0136524597374703,0.0257409367886903,0,0.0257594120709306,0.0269871597719187,0.0263658267087938,0.0269871597719187,0.0263658267087938,0.0245411744380739,0.0269871597719187,0.0276021659995187,0.0263658267087938,0.0263805388668051,0.0263805388668051,0.0512673390583107,0.0544581376474453,0.0544581376474453,0.0538154640371135,0.0538000602487111,0.0512673390583107,0.0551016383797691,0.0519071344111233,0.0557459683658432,0.0437495593335992,0.0551016383797691,0.0362024020595822,0.0374820585861752,0.029419133136277,0.0393274122321678,0.0424978728258142,0.0380966158327494,0.0233186799415405,0.218584766316005,0.016056612179891,0.0136498686641171,0.0166601125549087,0.031279454958144,0.0136524597374703,0.0136498686641171,0.0294264571609853,0.014855106138095,0.017256415759502,0.0393166943119872,0.0257527058471717,0.0393166943119872,0.0393166943119872,0.0393166943119872,0.0393166943119872,0.0269871597719187,0.026372909080415,0.0393065395494904,0.026372909080415,0.0386905201537543,0.0468236280428544,0.0455570029196376,0.0443046286003938,0.0557631946542927,0.0525477494891475,0.0538314472417704,0.0538314472417704,0.0455570029196376,0.0461899143965525,0.0462149850155091,0.0519071344111233,0.0517163727998754,0.0399231227476092,0.0362024020595822,0.0269606155830656,0.0368258435368637,0.0251535443860218,0.0269871597719187,0.0227085517389258,0.0202754569133394,0.0245411744380739,0.0245411744380739,0.0263805388668051,0.0227085517389258,0.0239234246958701,0.0233129240095227,0.0251466668962051,0.0449483598922923,0.041167623542004
"A_South_Korea_7626_2018",0.0424472533937921,0.0424356908489456,0.0412901410083978,0.0350175173884838,0.036892519585754,0.0362886790248321,0.0430777705013061,0.04496094874198,0.0350175173884838,0.0350175173884838,0.035641737194903,0.0369333824729678,0.0384726938016232,0.0313188506147611,0.0309897068344305,0.0381602904070336,0.037955649881504,0.038146438738236,0.0304753861026674,0.0419271750885242,0.0372870192946307,0.0381896645409093,0.00888012663402916,0.00888012663402916,0.00947423154754098,0.0178930684256957,0.0118652737195494,0.00888356381854835,0.02945173654262,0.0184931185114607,0.0313300774617031,0.0118652737195494,0.00709465314460642,0.0197606083065119,0.0148825612716525,0.0375465584264133,0.0344176370766611,0.0394181527056573,0.0400187535951238,0.0375465584264133,0.0179081664537437,0.0173010018375428,0.0406951834409315,0.0179081664537437,0.0208986948224601,0.0294612633388294,0.02945173654262,0.0300796926075276,0.0288435980348331,0.0313188506147611,0.0300796926075276,0.02945173654262,0.0282266948103689,0.029469452994339,0.0300796926075276,0.164823786151769,0.165535995080085,0.164682750548975,0.163260063219671,0.164041313378617,0.164041313378617,0.164041313378617,0.164041313378617,0.164041313378617,0.163260063219671,0.164823786151769,0.0307097299875858,0.0282562770022766,0.0398139819897739,0.0387608912965002,0.0394133204110242,0.0282562770022766,0.0382515988418961,0.0301011588171575,0.0369333824729678,0.0388349087869858,0.0288743240525407,0.0270489149086047,0.0197089245816467,0.0227436192790655,0.0148737063816649,0.0307097299875858,0.0281823484680424,0.0160759858685859,0.0166749346897687,0.0142705699997241,0.0245558154700784,0.0257594120709306,0,0.0023571051313632,0.00176600570298913,0.00353983779403084,0.00947423154754098,0.0179081664537437,0.0023571051313632,0.00176678629065556,0.00176600570298913,0.0221790893102251,0.0221790893102251,0.0263805388668051,0.02945173654262,0.02945173654262,0.0288344525135996,0.0288258562715187,0.0263805388668051,0.0300697835928841,0.0269951670941699,0.0306885955530591,0.0215297635426874,0.0300697835928841,0.036892519585754,0.0394491110506513,0.0300901512218119,0.0400332334300558,0.0432201069790299,0.0388036301130796,0.0258216353883831,0.206830371569596,0.0166809466199425,0.0154717561878017,0.017286640213091,0.0288635344228861,0.0166749346897687,0.0166694579573765,0.027012822871293,0.0154775711893647,0.0178801123018816,0.0369055846043208,0.00768532087359899,0.0369055846043208,0.0369055846043208,0.0369055846043208,0.0369055846043208,0.0023571051313632,0.00176678629065556,0.036892519585754,0.00176678629065556,0.0362794104460878,0.0227144796782755,0.0208874374504542,0.020284892613597,0.0306988877331008,0.0276105517872362,0.0288435980348331,0.0288435980348331,0.0208874374504542,0.0214957100315563,0.0221174644691792,0.0269951670941699,0.0518198291229307,0.0418818355620996,0.036892519585754,0.0276194852928947,0.0375190860837878,0.0197340966631292,0.00117716358081774,0.0185160692641887,0.0160888800317896,0.00531212006235829,0.00531212006235829,0.00769024582968294,0.0185160692641887,0.0197251695499009,0.0209276942283659,0.0059039273703815,0.020290422241358,0.0166562451278126
"A_South_Korea_9645_2019",0.0449741065291755,0.04496094874198,0.0438217919866711,0.0375190860837878,0.0394035104249023,0.0387980945808035,0.0456078201754774,0.0474990252579103,0.0375190860837878,0.0375190860837878,0.038146438738236,0.0394491110506513,0.0410123818016337,0.033806417934818,0.0334991223904018,0.0406791874220123,0.0405001846352396,0.0406637505375698,0.032991114680351,0.0444636421641214,0.0398283208263636,0.0407117379842483,0.0112739073882155,0.0112739073882155,0.0118694457088573,0.0203261632512821,0.0142705699997241,0.0112787779798647,0.0319285217929503,0.0209276942283659,0.0338191927454138,0.0142705699997241,0.00948129252093516,0.0209831028030452,0.0173038735095465,0.0400638702257471,0.0369192057719651,0.0419434105986915,0.0425440114881581,0.0400638702257471,0.0203442248657439,0.0197340966631292,0.0432284377515709,0.0203442248657439,0.0227279651555267,0.0313188506147611,0.0313081743188332,0.0319395831587936,0.0306988877331008,0.0331833648946945,0.0319395831587936,0.0313081743188332,0.0300796926075276,0.0313270402702708,0.0319395831587936,0.167965980310845,0.168680659533867,0.16782001574367,0.166392414889335,0.167178578573311,0.167178578573311,0.167178578573311,0.167178578573311,0.167178578573311,0.166392414889335,0.167965980310845,0.0331957512681322,0.0307330622526069,0.0423650079317216,0.0412797883114788,0.0419369850746462,0.0307330622526069,0.0395134291645945,0.0325856359787511,0.0394491110506513,0.0413617619223692,0.0313541803449025,0.0295226367138383,0.0221494419346039,0.0251961073352235,0.0172935538151469,0.0331957512681322,0.0306454076360703,0.0185002330418967,0.0191006520005447,0.0166874931348823,0.027012822871293,0.0269871597719187,0.0023571051313632,0,0.00294664379582899,0.00472537480469985,0.0118694457088573,0.0203442248657439,0,0.00413225492494671,0.00294664379582899,0.0246360967114396,0.0246360967114396,0.0282266948103689,0.0313081743188332,0.0313081743188332,0.0306885955530591,0.0306788540686775,0.0282266948103689,0.0319285217929503,0.0288435980348331,0.032549639885246,0.0239777488487908,0.0319285217929503,0.0394035104249023,0.0419775614451381,0.032573086181434,0.0425600865654392,0.0457646417327655,0.0413272947767015,0.0282907762086745,0.208522420561717,0.0191081358523416,0.0178930684256957,0.0197167786542175,0.0313418542428503,0.0191006520005447,0.0190937051306873,0.0294819636915843,0.0179003500061262,0.0203102507430081,0.0394181527056573,0.0100719602499278,0.0394181527056573,0.0394181527056573,0.0394181527056573,0.0394181527056573,0.0023571051313632,0.00294812174864075,0.0394035104249023,0.00294812174864075,0.0387888260020592,0.0245482225649578,0.0227144796782755,0.0221108228229826,0.0325610872785921,0.0294612633388294,0.0306988877331008,0.0306988877331008,0.0227144796782755,0.0233249803646228,0.0239512073558616,0.0288435980348331,0.0537909223458003,0.0444134865403729,0.0394035104249023,0.0282360081823523,0.0400332334300558,0.0221790893102251,0.00353983779403084,0.0209550984909051,0.0185160692641887,0.00769024582968294,0.00769024582968294,0.0100797366378584,0.0209550984909051,0.0221686686097138,0.0233741822897738,0.00828346785200808,0.0221174644691792,0.0184700318810301
"A_South_Korea_9793_2019",0.0443284375886866,0.0443162485565222,0.0431723064815995,0.0368800113355544,0.0387608912965002,0.038156248724358,0.04496094874198,0.0468495028671616,0.0368800113355544,0.0368800113355544,0.0375061854937873,0.0388036301130796,0.0403615167809022,0.0331715305126813,0.0328583652300251,0.0400332334300558,0.0398484173678281,0.0400187535951238,0.0323490793059638,0.0438114392897522,0.0391755686559105,0.0400638702257471,0.0106704043668509,0.0106704043668509,0.0112657532640288,0.0197089245816467,0.0136634359527075,0.010674386932695,0.0312980491942508,0.0203102507430081,0.0331833648946945,0.0136634359527075,0.00888012663402916,0.020362687767334,0.0166908909327164,0.0394181527056573,0.0362794104460878,0.0412950637527542,0.0418963869530665,0.0394181527056573,0.0197251695499009,0.0191161560763123,0.0425767229062881,0.0197251695499009,0.0227209510255972,0.0313081743188332,0.0312980491942508,0.0319285217929503,0.0306885955530591,0.0331715305126813,0.0319285217929503,0.0312980491942508,0.0300697835928841,0.0313169027889291,0.0319285217929503,0.166320308966398,0.167033852059693,0.166178256191195,0.164752909563712,0.165535995080085,0.165535995080085,0.165535995080085,0.165535995080085,0.165535995080085,0.164752909563712,0.166320308966398,0.0325610872785921,0.0301011588171575,0.0417104296144398,0.0406345566303681,0.0412901410083978,0.0301011588171575,0.0401287861746907,0.0319511955539987,0.0388036301130796,0.0407117379842483,0.0307211216988178,0.0288917077322032,0.0215297635426874,0.0245726331271071,0.0166809466199425,0.0325610872785921,0.03002190618296,0.0178863223204813,0.0184865405144863,0.0160759858685859,0.0263887154406714,0.0263658267087938,0.00176600570298913,0.00294664379582899,0,0.00413007630096208,0.0112657532640288,0.0197251695499009,0.00294664379582899,0.00353800992035371,0,0.0240091614854274,0.0240091614854274,0.0282179296241419,0.0312980491942508,0.0312980491942508,0.0306788540686775,0.0306696639047069,0.0282179296241419,0.0319180120759111,0.0288344525135996,0.0325387446199435,0.0233556144595099,0.0319180120759111,0.0387608912965002,0.0413272947767015,0.0319395831587936,0.0419115003348648,0.0451095845515717,0.0406791874220123,0.0276606841059248,0.208424816480262,0.0184931185114607,0.0172802616402168,0.0191006520005447,0.0307097299875858,0.0184865405144863,0.018480499664943,0.0288532922113727,0.017286640213091,0.0196948293450063,0.0387745795243668,0.00947149296536291,0.0387745795243668,0.0387745795243668,0.0387745795243668,0.0387745795243668,0.00294664379582899,0.00117673044326695,0.0387608912965002,0.00117673044326695,0.038146438738236,0.0245411744380739,0.0227085517389258,0.0221047235051449,0.032549639885246,0.02945173654262,0.0306885955530591,0.0306885955530591,0.0227085517389258,0.0233186799415405,0.0239434455221305,0.0288344525135996,0.0537708902486577,0.0437641828124346,0.0387608912965002,0.0288435980348331,0.0393894268915258,0.0215566734292695,0.00294664379582899,0.0203349257230315,0.0179003500061262,0.00709228205930475,0.00709228205930475,0.00947749827020053,0.0203349257230315,0.0215471650790581,0.0227522580392207,0.00768532087359899,0.0221108228229826,0.0184656061916429
"A_South_Korea_8822_2019",0.0449741065291755,0.04496094874198,0.0438217919866711,0.0375190860837878,0.0394035104249023,0.0387980945808035,0.0456078201754774,0.0474990252579103,0.0375190860837878,0.0375190860837878,0.038146438738236,0.0394491110506513,0.0403762494003053,0.033806417934818,0.0328705867953763,0.0406791874220123,0.0398628359192393,0.0406637505375698,0.0323609948742072,0.0444636421641214,0.0391917835029646,0.0407117379842483,0.0124751091671487,0.0124751091671487,0.0130713693645545,0.0203261632512821,0.0154775711893647,0.0124807016355619,0.0319285217929503,0.0209276942283659,0.0338191927454138,0.0154775711893647,0.0106788978839127,0.0209831028030452,0.0185189409361924,0.0400638702257471,0.0369192057719651,0.0419434105986915,0.0425440114881581,0.0400638702257471,0.0203442248657439,0.0197340966631292,0.0432284377515709,0.0203442248657439,0.0245639525305872,0.0331833648946945,0.0331715305126813,0.033806417934818,0.0325610872785921,0.0350548580341116,0.033806417934818,0.0331715305126813,0.0319395831587936,0.0331915545502041,0.033806417934818,0.167965980310845,0.168680659533867,0.16782001574367,0.166392414889335,0.167178578573311,0.167178578573311,0.167178578573311,0.167178578573311,0.167178578573311,0.166392414889335,0.167965980310845,0.0331957512681322,0.0307330622526069,0.0417260302089756,0.0412797883114788,0.0419369850746462,0.0307330622526069,0.0407784519772795,0.0325856359787511,0.0394491110506513,0.0413617619223692,0.0313541803449025,0.0295226367138383,0.0221494419346039,0.0251961073352235,0.0172935538151469,0.0331957512681322,0.0306454076360703,0.0185002330418967,0.0191006520005447,0.0166874931348823,0.027012822871293,0.0269871597719187,0.00353983779403084,0.00472537480469985,0.00413007630096208,0,0.0130713693645545,0.0203442248657439,0.00472537480469985,0.00531919910252788,0.00413007630096208,0.0246360967114396,0.0246360967114396,0.0300796926075276,0.0331715305126813,0.0331715305126813,0.032549639885246,0.0325387446199435,0.0300796926075276,0.0337941955993794,0.0306988877331008,0.0344176370766611,0.0252062506953168,0.0337941955993794,0.0394035104249023,0.0419775614451381,0.032573086181434,0.0425600865654392,0.0457646417327655,0.0413272947767015,0.0282907762086745,0.210220215062286,0.0191081358523416,0.0178930684256957,0.0197167786542175,0.0313418542428503,0.0191006520005447,0.0190937051306873,0.0294819636915843,0.0179003500061262,0.0203102507430081,0.0394181527056573,0.0112695656129053,0.0394181527056573,0.0394181527056573,0.0394181527056573,0.0394181527056573,0.00472537480469985,0.00413225492494671,0.0394035104249023,0.00413225492494671,0.0387888260020592,0.0263887154406714,0.0245482225649578,0.0239434455221305,0.0344302483338956,0.0313188506147611,0.0325610872785921,0.0325610872785921,0.0245482225649578,0.0251609677396833,0.0257917002315752,0.0306988877331008,0.0531330275140402,0.0444134865403729,0.0394035104249023,0.0294713392616369,0.0400332334300558,0.0221790893102251,0.00472537480469985,0.0209550984909051,0.0185160692641887,0.00888356381854835,0.00888356381854835,0.0112787779798647,0.0209550984909051,0.0221686686097138,0.0233741822897738,0.00947749827020053,0.0239512073558616,0.020290422241358
"A_Busan_1343_2018",0.0424593822194676,0.0437090837164905,0.0400430434161777,0.0337825263558443,0.0356540194952615,0.0350505853531762,0.0430902971296787,0.0449741065291755,0.0337825263558443,0.0337825263558443,0.0344055793959679,0.0344434125518329,0.0372209632904206,0.0300901512218119,0.0310013094761971,0.0369192057719651,0.0367011956544947,0.0369055846043208,0.0304866804470449,0.0406791874220123,0.0360359649789674,0.0369481140951661,0.0106704043668509,0.0106704043668509,0.0112657532640288,0.0197089245816467,0.0112695656129053,0.010674386932695,0.0282266948103689,0.0203102507430081,0.0313418542428503,0.0112695656129053,0.00888012663402916,0.0221721656867075,0.0142846868406693,0.0375611289458838,0.0344302483338956,0.039433353118233,0.0400332334300558,0.0375611289458838,0.0209121153996969,0.0203031019261084,0.0394491110506513,0.0209121153996969,0.0275943285553199,0.0362430603952152,0.0362320579351329,0.0368680604765955,0.0343727340248163,0.0381204092841001,0.0368680604765955,0.0362320579351329,0.0349953991115145,0.0362539571110632,0.0368680604765955,0.168040044192941,0.168754624007469,0.167892637306134,0.166465239741493,0.167252021965209,0.167252021965209,0.167252021965209,0.167252021965209,0.167252021965209,0.166465239741493,0.168040044192941,0.0294819636915843,0.0276495659142962,0.0385574787481807,0.0375190860837878,0.038169558985778,0.0276495659142962,0.0370082684001043,0.0301127147784897,0.0356941949426841,0.0375919356249659,0.0282672312182926,0.0258266190730928,0.0203102507430081,0.0227522580392207,0.0154717561878017,0.0319633583626487,0.0287911363307367,0.0178863223204813,0.0172744187087331,0.0148682558127841,0.0257917002315752,0.0263658267087938,0.00947423154754098,0.0118694457088573,0.0112657532640288,0.0130713693645545,0,0.022132372259175,0.0118694457088573,0.0112695656129053,0.0112657532640288,0.0251961073352235,0.0251961073352235,0.0331297253050854,0.0374820585861752,0.0362320579351329,0.0343628968798293,0.034353616444064,0.0331297253050854,0.0368566676353488,0.033750843397381,0.038735192074205,0.0288532922113727,0.0381082327444082,0.0356540194952615,0.0382051857818323,0.0288635344228861,0.0387888260020592,0.0419689347237125,0.0375611289458838,0.0258111135628235,0.209469704782109,0.0172802616402168,0.0148737063816649,0.0178863223204813,0.0301127147784897,0.0172744187087331,0.0172691120342303,0.0282562770022766,0.0160759858685859,0.018480499664943,0.0369192057719651,0.00888012663402916,0.0369192057719651,0.0369192057719651,0.0369192057719651,0.0369192057719651,0.0118694457088573,0.0112695656129053,0.0369055846043208,0.0112695656129053,0.0362926392739314,0.0294264571609853,0.0275803012174216,0.0269727893922377,0.0374938427860664,0.0356188405887961,0.0368680604765955,0.0368680604765955,0.0263533067366382,0.0281949294447864,0.0288258562715187,0.033750843397381,0.0518391635058806,0.0406345566303681,0.0356540194952615,0.0263974381782266,0.0362794104460878,0.0227436192790655,0.0106704043668509,0.0215218715728276,0.0190872958559222,0.00650231128403188,0.00650231128403188,0.0088875274949277,0.0215218715728276,0.0221406371678486,0.0215297635426874,0.00709465314460642,0.026979700327955,0.0233077132000758
"A_South_Korea_8206_2019",0.0405500820774061,0.0417957643281349,0.041224922541216,0.03313934550941,0.0337608496292085,0.0344038858973241,0.041177828550322,0.0430544182338237,0.03313934550941,0.03313934550941,0.0337608496292085,0.0362926392739314,0.0371949450823909,0.0306885955530591,0.0322310125755769,0.0375190860837878,0.0366758178909027,0.0375061854937873,0.0317201484054284,0.0400187535951238,0.0360069902445434,0.0375465584264133,0.017286640213091,0.0148796895996488,0.0154775711893647,0.0166874931348823,0.0190937051306873,0.0172935538151469,0.0312980491942508,0.017286640213091,0.0313188506147611,0.0190937051306873,0.0154775711893647,0.00889937581423046,0.0209321480280924,0.0375325439341176,0.0344055793959679,0.0394035104249023,0.0400048336252146,0.0375325439341176,0.00472537480469985,0.00294812174864075,0.0406488734012677,0.0023571051313632,0.0375325439341176,0.0463380405270563,0.0463206725781083,0.0469757957155622,0.0444296412637059,0.0482537516828343,0.0469757957155622,0.0463206725781083,0.0450649653644336,0.0463489372429042,0.0469757957155622,0.168680659533867,0.169396061177827,0.168534898417244,0.167105855082418,0.167892637306134,0.167892637306134,0.167892637306134,0.167892637306134,0.167892637306134,0.167105855082418,0.168680659533867,0.0300796926075276,0.0282458691188897,0.0366310208519442,0.0356188405887961,0.0375165381907063,0.0282458691188897,0.0376067127313516,0.0319511955539987,0.0362926392739314,0.0381896645409093,0.0288635344228861,0.0276556131595087,0.0197167786542175,0.023347142317537,0.0136734163969568,0.0313188506147611,0.0269606155830656,0.0160821661844342,0.0166809466199425,0.0130713693645545,0.0263887154406714,0.0245411744380739,0.0179081664537437,0.0203442248657439,0.0197251695499009,0.0203442248657439,0.022132372259175,0,0.0203442248657439,0.0197340966631292,0.0197251695499009,0.00650896765916049,0.00650896765916049,0.0431614097657516,0.0463206725781083,0.0463206725781083,0.0456841352547093,0.0456677384111167,0.0431614097657516,0.0469580212941086,0.0437951234120534,0.047596183473911,0.0369792396722007,0.0469580212941086,0.0350061802854345,0.0388036301130796,0.0294612633388294,0.0393894268915258,0.0400430434161777,0.0381602904070336,0.0251961073352235,0.210971511289813,0.0154775711893647,0.0142705699997241,0.0160821661844342,0.0294713392616369,0.0154717561878017,0.0154664748869993,0.0276194852928947,0.0142761892246311,0.0166749346897687,0.036892519585754,0.0227436192790655,0.036892519585754,0.036892519585754,0.036892519585754,0.036892519585754,0.0191247120660645,0.0197340966631292,0.0368800113355544,0.0197340966631292,0.0362667372762831,0.0393894268915258,0.0362794104460878,0.036892519585754,0.0476143654064458,0.0444296412637059,0.045701097765762,0.045701097765762,0.0362794104460878,0.0369055846043208,0.0387888260020592,0.0437951234120534,0.0511645210343705,0.0399786757713622,0.0350061802854345,0.0269951670941699,0.0356300106845121,0.00413225492494671,0.0191247120660645,0.00531919910252788,0.0088875274949277,0.0203179380552354,0.0203179380552354,0.0227614371150482,0.00531919910252788,0.00650537768026096,0.0215297635426874,0.0209196353400727,0.0369055846043208,0.0319395831587936
"A_South_Korea_9646_2019",0.0449741065291755,0.04496094874198,0.0438217919866711,0.0375190860837878,0.0394035104249023,0.0387980945808035,0.0456078201754774,0.0474990252579103,0.0375190860837878,0.0375190860837878,0.038146438738236,0.0394491110506513,0.0410123818016337,0.033806417934818,0.0334991223904018,0.0406791874220123,0.0405001846352396,0.0406637505375698,0.032991114680351,0.0444636421641214,0.0398283208263636,0.0407117379842483,0.0112739073882155,0.0112739073882155,0.0118694457088573,0.0203261632512821,0.0142705699997241,0.0112787779798647,0.0319285217929503,0.0209276942283659,0.0338191927454138,0.0142705699997241,0.00948129252093516,0.0209831028030452,0.0173038735095465,0.0400638702257471,0.0369192057719651,0.0419434105986915,0.0425440114881581,0.0400638702257471,0.0203442248657439,0.0197340966631292,0.0432284377515709,0.0203442248657439,0.0227279651555267,0.0313188506147611,0.0313081743188332,0.0319395831587936,0.0306988877331008,0.0331833648946945,0.0319395831587936,0.0313081743188332,0.0300796926075276,0.0313270402702708,0.0319395831587936,0.167965980310845,0.168680659533867,0.16782001574367,0.166392414889335,0.167178578573311,0.167178578573311,0.167178578573311,0.167178578573311,0.167178578573311,0.166392414889335,0.167965980310845,0.0331957512681322,0.0307330622526069,0.0423650079317216,0.0412797883114788,0.0419369850746462,0.0307330622526069,0.0395134291645945,0.0325856359787511,0.0394491110506513,0.0413617619223692,0.0313541803449025,0.0295226367138383,0.0221494419346039,0.0251961073352235,0.0172935538151469,0.0331957512681322,0.0306454076360703,0.0185002330418967,0.0191006520005447,0.0166874931348823,0.027012822871293,0.0269871597719187,0.0023571051313632,0,0.00294664379582899,0.00472537480469985,0.0118694457088573,0.0203442248657439,0,0.00413225492494671,0.00294664379582899,0.0246360967114396,0.0246360967114396,0.0282266948103689,0.0313081743188332,0.0313081743188332,0.0306885955530591,0.0306788540686775,0.0282266948103689,0.0319285217929503,0.0288435980348331,0.032549639885246,0.0239777488487908,0.0319285217929503,0.0394035104249023,0.0419775614451381,0.032573086181434,0.0425600865654392,0.0457646417327655,0.0413272947767015,0.0282907762086745,0.208522420561717,0.0191081358523416,0.0178930684256957,0.0197167786542175,0.0313418542428503,0.0191006520005447,0.0190937051306873,0.0294819636915843,0.0179003500061262,0.0203102507430081,0.0394181527056573,0.0100719602499278,0.0394181527056573,0.0394181527056573,0.0394181527056573,0.0394181527056573,0.0023571051313632,0.00294812174864075,0.0394035104249023,0.00294812174864075,0.0387888260020592,0.0245482225649578,0.0227144796782755,0.0221108228229826,0.0325610872785921,0.0294612633388294,0.0306988877331008,0.0306988877331008,0.0227144796782755,0.0233249803646228,0.0239512073558616,0.0288435980348331,0.0537909223458003,0.0444134865403729,0.0394035104249023,0.0282360081823523,0.0400332334300558,0.0221790893102251,0.00353983779403084,0.0209550984909051,0.0185160692641887,0.00769024582968294,0.00769024582968294,0.0100797366378584,0.0209550984909051,0.0221686686097138,0.0233741822897738,0.00828346785200808,0.0221174644691792,0.0184700318810301
"A_South_Korea_9789_2019",0.0443411950522606,0.0443284375886866,0.0431876764926736,0.036892519585754,0.0387745795243668,0.038169558985778,0.0449741065291755,0.046863297263812,0.036892519585754,0.036892519585754,0.0375190860837878,0.0388189912445073,0.0403762494003053,0.0331833648946945,0.0328705867953763,0.0400482725118012,0.0398628359192393,0.0400332334300558,0.0323609948742072,0.0438283180633935,0.0391917835029646,0.0400800259608624,0.010674386932695,0.010674386932695,0.0112695656129053,0.0197167786542175,0.0136681602882989,0.0106788978839127,0.0313081743188332,0.0203179380552354,0.0319511955539987,0.0136681602882989,0.00888356381854835,0.0215954727509932,0.0160917517037933,0.0381746992125441,0.0350418568830802,0.0400482725118012,0.0406488734012677,0.0381746992125441,0.0197340966631292,0.0191247120660645,0.0413272947767015,0.0197340966631292,0.0208986948224601,0.0294612633388294,0.02945173654262,0.0300796926075276,0.0288435980348331,0.0313188506147611,0.0300796926075276,0.02945173654262,0.0282266948103689,0.029469452994339,0.0300796926075276,0.166392414889335,0.167105855082418,0.166248922542133,0.164823786151769,0.165607485371775,0.165607485371775,0.165607485371775,0.165607485371775,0.165607485371775,0.164823786151769,0.166392414889335,0.032573086181434,0.0301127147784897,0.0417260302089756,0.0406488734012677,0.0413048737388761,0.0301127147784897,0.0401455405003646,0.0319633583626487,0.0388189912445073,0.0407288504454543,0.0307330622526069,0.0289030579480643,0.0215381949147133,0.0245818566437198,0.0166874931348823,0.032573086181434,0.0300285044116061,0.0178930684256957,0.0184931185114607,0.0160821661844342,0.0263974381782266,0.0276021659995187,0.00176678629065556,0.00413225492494671,0.00353800992035371,0.00531919910252788,0.0112695656129053,0.0197340966631292,0.00413225492494671,0,0.00353800992035371,0.0227922101718473,0.0227922101718473,0.0263805388668051,0.02945173654262,0.02945173654262,0.0288344525135996,0.0288258562715187,0.0263805388668051,0.0300697835928841,0.0269951670941699,0.0306885955530591,0.0215297635426874,0.0300697835928841,0.0387745795243668,0.0413442491375417,0.0319511955539987,0.0419271750885242,0.0451272930167652,0.0406951834409315,0.0276723469399764,0.208522420561717,0.0185002330418967,0.017286640213091,0.0191081358523416,0.0307211216988178,0.0184931185114607,0.0184865405144863,0.0288635344228861,0.0172935538151469,0.0197016079411322,0.0375325439341176,0.00947423154754098,0.0375325439341176,0.0375325439341176,0.0375325439341176,0.0375325439341176,0.00413225492494671,0.00353983779403084,0.0375190860837878,0.00353983779403084,0.0369055846043208,0.0227144796782755,0.0208874374504542,0.020284892613597,0.0306988877331008,0.0276105517872362,0.0288435980348331,0.0288435980348331,0.0208874374504542,0.0214957100315563,0.0221174644691792,0.0269951670941699,0.0537909223458003,0.0437793710463754,0.0387745795243668,0.0294713392616369,0.0394035104249023,0.0215667193622772,0.00294812174864075,0.0203442248657439,0.0179081664537437,0.00709465314460642,0.00709465314460642,0.00948129252093516,0.0203442248657439,0.0215566734292695,0.0227614371150482,0.00768752022484209,0.020290422241358,0.0166562451278126
"A_South_Korea_9792_2019",0.0443284375886866,0.0443162485565222,0.0431723064815995,0.0368800113355544,0.0387608912965002,0.038156248724358,0.04496094874198,0.0468495028671616,0.0368800113355544,0.0368800113355544,0.0375061854937873,0.0388036301130796,0.0403615167809022,0.0331715305126813,0.0328583652300251,0.0400332334300558,0.0398484173678281,0.0400187535951238,0.0323490793059638,0.0438114392897522,0.0391755686559105,0.0400638702257471,0.0106704043668509,0.0106704043668509,0.0112657532640288,0.0197089245816467,0.0136634359527075,0.010674386932695,0.0312980491942508,0.0203102507430081,0.0331833648946945,0.0136634359527075,0.00888012663402916,0.020362687767334,0.0166908909327164,0.0394181527056573,0.0362794104460878,0.0412950637527542,0.0418963869530665,0.0394181527056573,0.0197251695499009,0.0191161560763123,0.0425767229062881,0.0197251695499009,0.0227209510255972,0.0313081743188332,0.0312980491942508,0.0319285217929503,0.0306885955530591,0.0331715305126813,0.0319285217929503,0.0312980491942508,0.0300697835928841,0.0313169027889291,0.0319285217929503,0.166320308966398,0.167033852059693,0.166178256191195,0.164752909563712,0.165535995080085,0.165535995080085,0.165535995080085,0.165535995080085,0.165535995080085,0.164752909563712,0.166320308966398,0.0325610872785921,0.0301011588171575,0.0417104296144398,0.0406345566303681,0.0412901410083978,0.0301011588171575,0.0401287861746907,0.0319511955539987,0.0388036301130796,0.0407117379842483,0.0307211216988178,0.0288917077322032,0.0215297635426874,0.0245726331271071,0.0166809466199425,0.0325610872785921,0.03002190618296,0.0178863223204813,0.0184865405144863,0.0160759858685859,0.0263887154406714,0.0263658267087938,0.00176600570298913,0.00294664379582899,0,0.00413007630096208,0.0112657532640288,0.0197251695499009,0.00294664379582899,0.00353800992035371,0,0.0240091614854274,0.0240091614854274,0.0282179296241419,0.0312980491942508,0.0312980491942508,0.0306788540686775,0.0306696639047069,0.0282179296241419,0.0319180120759111,0.0288344525135996,0.0325387446199435,0.0233556144595099,0.0319180120759111,0.0387608912965002,0.0413272947767015,0.0319395831587936,0.0419115003348648,0.0451095845515717,0.0406791874220123,0.0276606841059248,0.208424816480262,0.0184931185114607,0.0172802616402168,0.0191006520005447,0.0307097299875858,0.0184865405144863,0.018480499664943,0.0288532922113727,0.017286640213091,0.0196948293450063,0.0387745795243668,0.00947149296536291,0.0387745795243668,0.0387745795243668,0.0387745795243668,0.0387745795243668,0.00294664379582899,0.00117673044326695,0.0387608912965002,0.00117673044326695,0.038146438738236,0.0245411744380739,0.0227085517389258,0.0221047235051449,0.032549639885246,0.02945173654262,0.0306885955530591,0.0306885955530591,0.0227085517389258,0.0233186799415405,0.0239434455221305,0.0288344525135996,0.0537708902486577,0.0437641828124346,0.0387608912965002,0.0288435980348331,0.0393894268915258,0.0215566734292695,0.00294664379582899,0.0203349257230315,0.0179003500061262,0.00709228205930475,0.00709228205930475,0.00947749827020053,0.0203349257230315,0.0215471650790581,0.0227522580392207,0.00768532087359899,0.0221108228229826,0.0184656061916429
"A_South_Korea_8208_2019",0.04496094874198,0.0462149850155091,0.044381498681753,0.0362546203847281,0.0368800113355544,0.0375288960699097,0.0455942610495764,0.0474848269678894,0.0362546203847281,0.0362546203847281,0.0368800113355544,0.039433353118233,0.0403615167809022,0.0337941955993794,0.0353756770293588,0.0394035104249023,0.0398484173678281,0.0406488734012677,0.0348727439695859,0.0431773237957546,0.0391755686559105,0.039433353118233,0.0203261632512821,0.0179081664537437,0.0185078834952102,0.0197251695499009,0.0221406371678486,0.0203349257230315,0.0344055793959679,0.0203261632512821,0.0331833648946945,0.0221406371678486,0.0185078834952102,0.0119005853052799,0.0233786360895003,0.0394181527056573,0.0362794104460878,0.0400332334300558,0.0406345566303681,0.0394181527056573,0.00770157406834746,0.00591372949362306,0.0412797883114788,0.00531919910252788,0.0406791874220123,0.0495349823646843,0.0495155716274938,0.0501768309765735,0.0476143654064458,0.051463005319229,0.0501768309765735,0.0495155716274938,0.0482537516828343,0.0495458790805322,0.0501768309765735,0.167105855082418,0.16782001574367,0.166962570077508,0.165535995080085,0.166320308966398,0.166320308966398,0.166320308966398,0.166320308966398,0.166320308966398,0.165535995080085,0.167105855082418,0.0331833648946945,0.0313418542428503,0.0397995992633113,0.0387477619385483,0.0406592260981867,0.0313418542428503,0.040761297327984,0.0350684126332132,0.039433353118233,0.0413442491375417,0.0319633583626487,0.0307515982834692,0.022771155898378,0.0264165196666995,0.0166945736249381,0.0344302483338956,0.0300356560257345,0.0191161560763123,0.0197167786542175,0.0160888800317896,0.0294713392616369,0.0263805388668051,0.0221790893102251,0.0246360967114396,0.0240091614854274,0.0246360967114396,0.0251961073352235,0.00650896765916049,0.0246360967114396,0.0227922101718473,0.0240091614854274,0,0,0.0463380405270563,0.0495155716274938,0.0495155716274938,0.0488749565494696,0.0488565247295173,0.0463380405270563,0.0501570085339384,0.0469757957155622,0.0507992693801167,0.0401318352363581,0.0501570085339384,0.0381331448235842,0.0419602062536165,0.0325610872785921,0.0425440114881581,0.043203610197863,0.0413108994453983,0.0270434000769043,0.212676542780084,0.0185078834952102,0.0172935538151469,0.0191161560763123,0.032573086181434,0.0185002330418967,0.0184931185114607,0.0307097299875858,0.0173010018375428,0.0197089245816467,0.0375190860837878,0.0245818566437198,0.0375190860837878,0.0375190860837878,0.0375190860837878,0.0375190860837878,0.0234060837910085,0.0240207120183733,0.0375061854937873,0.0240207120183733,0.036892519585754,0.0425440114881581,0.0394181527056573,0.0400332334300558,0.0508195045869053,0.0476143654064458,0.0488939566358566,0.0488939566358566,0.0394181527056573,0.0400482725118012,0.0419434105986915,0.0469757957155622,0.0544496839694205,0.0431312713355196,0.0381331448235842,0.0300796926075276,0.0387608912965002,0.00710491528632646,0.0234060837910085,0.00829894570451891,0.0118851383918759,0.0233741822897738,0.0233741822897738,0.0258326998429852,0.00829894570451891,0.00949046117351291,0.0233646279871687,0.0239777488487908,0.0400482725118012,0.0350548580341116
"A_South_Korea_8668_2019",0.04496094874198,0.0462149850155091,0.044381498681753,0.0362546203847281,0.0368800113355544,0.0375288960699097,0.0455942610495764,0.0474848269678894,0.0362546203847281,0.0362546203847281,0.0368800113355544,0.039433353118233,0.0403615167809022,0.0337941955993794,0.0353756770293588,0.0394035104249023,0.0398484173678281,0.0406488734012677,0.0348727439695859,0.0431773237957546,0.0391755686559105,0.039433353118233,0.0203261632512821,0.0179081664537437,0.0185078834952102,0.0197251695499009,0.0221406371678486,0.0203349257230315,0.0344055793959679,0.0203261632512821,0.0331833648946945,0.0221406371678486,0.0185078834952102,0.0119005853052799,0.0233786360895003,0.0394181527056573,0.0362794104460878,0.0400332334300558,0.0406345566303681,0.0394181527056573,0.00770157406834746,0.00591372949362306,0.0412797883114788,0.00531919910252788,0.0406791874220123,0.0495349823646843,0.0495155716274938,0.0501768309765735,0.0476143654064458,0.051463005319229,0.0501768309765735,0.0495155716274938,0.0482537516828343,0.0495458790805322,0.0501768309765735,0.167105855082418,0.16782001574367,0.166962570077508,0.165535995080085,0.166320308966398,0.166320308966398,0.166320308966398,0.166320308966398,0.166320308966398,0.165535995080085,0.167105855082418,0.0331833648946945,0.0313418542428503,0.0397995992633113,0.0387477619385483,0.0406592260981867,0.0313418542428503,0.040761297327984,0.0350684126332132,0.039433353118233,0.0413442491375417,0.0319633583626487,0.0307515982834692,0.022771155898378,0.0264165196666995,0.0166945736249381,0.0344302483338956,0.0300356560257345,0.0191161560763123,0.0197167786542175,0.0160888800317896,0.0294713392616369,0.0263805388668051,0.0221790893102251,0.0246360967114396,0.0240091614854274,0.0246360967114396,0.0251961073352235,0.00650896765916049,0.0246360967114396,0.0227922101718473,0.0240091614854274,0,0,0.0463380405270563,0.0495155716274938,0.0495155716274938,0.0488749565494696,0.0488565247295173,0.0463380405270563,0.0501570085339384,0.0469757957155622,0.0507992693801167,0.0401318352363581,0.0501570085339384,0.0381331448235842,0.0419602062536165,0.0325610872785921,0.0425440114881581,0.043203610197863,0.0413108994453983,0.0270434000769043,0.212676542780084,0.0185078834952102,0.0172935538151469,0.0191161560763123,0.032573086181434,0.0185002330418967,0.0184931185114607,0.0307097299875858,0.0173010018375428,0.0197089245816467,0.0375190860837878,0.0245818566437198,0.0375190860837878,0.0375190860837878,0.0375190860837878,0.0375190860837878,0.0234060837910085,0.0240207120183733,0.0375061854937873,0.0240207120183733,0.036892519585754,0.0425440114881581,0.0394181527056573,0.0400332334300558,0.0508195045869053,0.0476143654064458,0.0488939566358566,0.0488939566358566,0.0394181527056573,0.0400482725118012,0.0419434105986915,0.0469757957155622,0.0544496839694205,0.0431312713355196,0.0381331448235842,0.0300796926075276,0.0387608912965002,0.00710491528632646,0.0234060837910085,0.00829894570451891,0.0118851383918759,0.0233741822897738,0.0233741822897738,0.0258326998429852,0.00829894570451891,0.00949046117351291,0.0233646279871687,0.0239777488487908,0.0400482725118012,0.0350548580341116
"A_Shanghai_YP1344C1_2023",0.0659802210142546,0.0659621264380885,0.0648289795622726,0.0583133081716972,0.0602600984312633,0.0596470117588039,0.0666350999552864,0.0685850832729732,0.0583133081716972,0.0583133081716972,0.0589613964024205,0.0583700038643158,0.060128075553356,0.0544915099500301,0.0556658872700804,0.059629483034673,0.059658144181829,0.0596103257602204,0.055219797800297,0.0668046944862702,0.0589338727599732,0.0596695497550757,0.0337608496292085,0.0337608496292085,0.0343727340248163,0.0443978964587364,0.0356082275360553,0.033771410824504,0.0538314472417704,0.0450169871351933,0.0532220624184109,0.0356082275360553,0.0319080546306558,0.0444947398880292,0.0393867994405271,0.0609513086473382,0.0577024343185781,0.0628889469895814,0.0635005680897489,0.0609513086473382,0.0431614097657516,0.0425284982888366,0.0642214314876431,0.0431614097657516,0.0173010018375428,0.00353983779403084,0.00472284459801292,0.00413225492494671,0.00294812174864075,0.00531919910252788,0.00413225492494671,0.00472284459801292,0.0023571051313632,0.00472563442217639,0.00413225492494671,0.180010881532407,0.180736581017463,0.17985788637249,0.178408316057933,0.17920895674142,0.17920895674142,0.17920895674142,0.17920895674142,0.17920895674142,0.178408316057933,0.180010881532407,0.053865149323783,0.0526141593833178,0.06287351272536,0.062194231618373,0.0622737610493169,0.0526141593833178,0.060416393331158,0.0545271969087589,0.0583700038643158,0.0603419238239786,0.0532572462886898,0.0513791067005295,0.0450169871351933,0.0468925968222884,0.0399914741421466,0.053865149323783,0.053757331888669,0.041237329677051,0.0418544212467089,0.039362938547121,0.0487579021305119,0.0512673390583107,0.0263805388668051,0.0282266948103689,0.0282179296241419,0.0300796926075276,0.0331297253050854,0.0431614097657516,0.0282266948103689,0.0263805388668051,0.0282179296241419,0.0463380405270563,0.0463380405270563,0,0.00710097036533759,0.00353800992035371,0.00650537768026096,0.00590778089293673,0,0.00413007630096208,0.000588235361964851,0.00829428835420297,0.0307097299875858,0.00769727335789911,0.0589613964024205,0.0609724820884665,0.0532220624184109,0.0615621825004572,0.0648724022306626,0.0602998427571301,0.0501009595839242,0.219587708610818,0.0406076066718976,0.0399786757713622,0.0424991599997495,0.053239366190361,0.0418544212467089,0.0412118365732823,0.0513138182393123,0.0406208008457446,0.0418415595784357,0.0602796781848146,0.0318897990651941,0.0602796781848146,0.0602796781848146,0.0602796781848146,0.0602796781848146,0.0288435980348331,0.0282266948103689,0.0602600984312633,0.0282266948103689,0.059629483034673,0.0191081358523416,0.0148796895996488,0.0179003500061262,0.00472537480469985,0.00531919910252788,0.00770157406834746,0.00770157406834746,0.0148796895996488,0.015483919280433,0.0185160692641887,0.00472537480469985,0.0715442669926694,0.065423447625629,0.0589613964024205,0.0506579542349512,0.0609107166102492,0.0450649653644336,0.0276105517872362,0.0437951234120534,0.0412650737378821,0.0294343328254222,0.0294343328254222,0.0294343328254222,0.0437951234120534,0.0450484072606109,0.0450169871351933,0.0300433603854495,0.015483919280433,0.0118694457088573
"A_Hong_Kong_EPI0322_2023",0.0705613704308849,0.0705408522815486,0.06941648252287,0.0628469732254382,0.0648103265335241,0.0641946577300164,0.0712218725084416,0.0731863610987564,0.0628469732254382,0.0628469732254382,0.0635005680897489,0.062910814747706,0.0647144665958895,0.0589994519071015,0.0589134254722105,0.0641765675418568,0.0642539532877116,0.0641550184449638,0.0584761780305554,0.071411082462792,0.0635217530246724,0.0642214314876431,0.0373074570617652,0.0373074570617652,0.037908922826787,0.0477877833422474,0.039125175538026,0.0373196473624417,0.0577028559526035,0.0483962390619016,0.0571058407435073,0.039125175538026,0.0354825356814994,0.0474643172460601,0.0437908130940196,0.0640845635171235,0.0608835282561123,0.0674638903628994,0.0665910036215482,0.0640845635171235,0.047596183473911,0.0459486755139611,0.0688100688177428,0.0465725059130388,0.0213015324741752,0.00929203755977662,0.010460411920583,0.00987854789095832,0.00889201705658983,0.0110536365634351,0.00987854789095832,0.010460411920583,0.00812107683723607,0.0104664945679668,0.00987854789095832,0.177036341749682,0.177745911405717,0.176887563505865,0.175470169756524,0.176252642529675,0.176252642529675,0.176252642529675,0.176252642529675,0.176252642529675,0.175470169756524,0.177036341749682,0.0565277312210161,0.0553111489763961,0.0674916701694038,0.0646388794693893,0.0640841565598579,0.0553111489763961,0.0629163320861344,0.0559191680016617,0.0609175760528181,0.062840946407422,0.055938108306193,0.0558722075580539,0.049460754630902,0.0513476791281083,0.0443978964587364,0.0583700038643158,0.0582458904173006,0.0456519078554312,0.0462719683125013,0.0437641828124346,0.0532220624184109,0.0544581376474453,0.02945173654262,0.0313081743188332,0.0312980491942508,0.0331715305126813,0.0374820585861752,0.0463206725781083,0.0313081743188332,0.02945173654262,0.0312980491942508,0.0495155716274938,0.0495155716274938,0.00710097036533759,0,0.00948561369064289,0.0088875274949277,0.0104555821921459,0.00710097036533759,0.00977702047586827,0.00769727335789911,0.00462966270639836,0.0350548580341116,0.00400689036177683,0.0635005680897489,0.0655354926907778,0.0577214953427932,0.0661235249246336,0.0694647987477326,0.0648548735065317,0.0545850562420281,0.222084467626967,0.0450169871351933,0.0443828716411957,0.0469241731729286,0.057741137725942,0.0462719683125013,0.0456219481079521,0.0557993877127431,0.0450324143103888,0.04625686882819,0.0648323053407621,0.0349851744959317,0.0648323053407621,0.0648323053407621,0.0648323053407621,0.0648323053407621,0.0319285217929503,0.0313081743188332,0.0648103265335241,0.0313081743188332,0.0641765675418568,0.0233741822897738,0.0191161560763123,0.0221587859504301,0.0106895025155193,0.00294664379582899,0.00531631647777729,0.00531631647777729,0.0191161560763123,0.0197251695499009,0.0227814137844394,0.00829428835420297,0.0752720185410533,0.0700111391223977,0.0621024123937923,0.0551358399361042,0.0634274273644436,0.048448680722314,0.030643815971625,0.0471971156132548,0.0447033448577352,0.0318284390281372,0.0318284390281372,0.033043506454783,0.0471971156132548,0.0484306550400387,0.0483962390619016,0.033642199353638,0.0195267270476243,0.0160821661844342
"A_Gyeonggi_USAFSAM_14892_2024",0.0679280529550387,0.0679092672594113,0.0680954777914507,0.0615423410436313,0.0635005680897489,0.062885756458977,0.0685850832729732,0.0705408522815486,0.0615423410436313,0.0615423410436313,0.062194231618373,0.0616036244606706,0.0633943338158013,0.0577024343185781,0.0589134254722105,0.0628676662708173,0.0629312011934995,0.0628469732254382,0.0584761780305554,0.0700839416703556,0.0622007482932531,0.062910814747706,0.0368680604765955,0.0368680604765955,0.0374820585861752,0.0475615218889289,0.0387231823307832,0.0368800113355544,0.0570371246675795,0.0481827986636298,0.0564269962378406,0.0387231823307832,0.0350061802854345,0.0476658457049321,0.0412623626995327,0.0641987054333566,0.0609307199434638,0.0661463665438969,0.0667587367214818,0.0641987054333566,0.0463206725781083,0.0456841352547093,0.0674881909823778,0.0463206725781083,0.0203349257230315,0.00235597627291342,0.00472083671535559,0.00413007630096208,0.00294664379582899,0.00531631647777729,0.00294664379582899,0.00472083671535559,0.00235597627291342,0.00472362416436814,0.00413007630096208,0.183959799270623,0.184688841828359,0.183801817597676,0.182345592864564,0.183152044652296,0.183152044652296,0.183152044652296,0.183152044652296,0.183152044652296,0.182345592864564,0.183959799270623,0.0570738268584507,0.0558183532104952,0.0661618821515243,0.0654446755183471,0.0648724022306626,0.0558183532104952,0.0636672701204106,0.057741137725942,0.0616036244606706,0.0635885770036176,0.0564651838311053,0.0545793820155425,0.0481827986636298,0.0500664484462583,0.0431312713355196,0.0570738268584507,0.0569555671205549,0.0443828716411957,0.0450021263601211,0.0424991599997495,0.051938364665788,0.0544581376474453,0.02945173654262,0.0313081743188332,0.0312980491942508,0.0331715305126813,0.0362320579351329,0.0463206725781083,0.0313081743188332,0.02945173654262,0.0312980491942508,0.0495155716274938,0.0495155716274938,0.00353800992035371,0.00948561369064289,0,0.0088875274949277,0.00948129252093516,0.00353800992035371,0.0041284195844397,0.00413007630096208,0.0106839366129427,0.0325610872785921,0.0100844161574222,0.062194231618373,0.0642214314876431,0.0564269962378406,0.0648103265335241,0.0681420466535205,0.0635433973447964,0.0532947329452822,0.223808594183111,0.0431170481803059,0.0431170481803059,0.0450169871351933,0.0564458002138957,0.0450021263601211,0.0443545203063581,0.0545090644159973,0.0431312713355196,0.0449878326139545,0.063521688600825,0.0349851744959317,0.063521688600825,0.063521688600825,0.063521688600825,0.063521688600825,0.0319285217929503,0.0313081743188332,0.0635005680897489,0.0313081743188332,0.0628676662708173,0.0221494419346039,0.0179003500061262,0.0209362914538968,0.00472284459801292,0.00769727335789911,0.0100896224195672,0.0100896224195672,0.0179003500061262,0.0185078834952102,0.0215566734292695,0.00710097036533759,0.0749139799983529,0.0686901343909784,0.062194231618373,0.0538480092177063,0.0641550184449638,0.0482351611966569,0.0306885955530591,0.0469580212941086,0.0444134865403729,0.0325186129653776,0.0325186129653776,0.0325186129653776,0.0469580212941086,0.0482171384531288,0.0481827986636298,0.0331297253050854,0.0185078834952102,0.0148737063816649
"A_Shanghai_YP1517E2_2023",0.0685850832729732,0.0685658661718915,0.0674362819148216,0.0608912992849822,0.0628469732254382,0.0622325885019493,0.0692429781047331,0.0712009183840101,0.0608912992849822,0.0608912992849822,0.0615423410436313,0.0596492245781443,0.0627355721921809,0.0570551850372553,0.0582585465311787,0.0622144983137896,0.0622711350910381,0.062194231618373,0.0578195791180752,0.0694216899179103,0.061541552416624,0.0622567924176983,0.0362430603952152,0.0362430603952152,0.0368566676353488,0.0469241731729286,0.0393505349852313,0.0362546203847281,0.0563911297456783,0.047545043475124,0.0557810013159393,0.0393505349852313,0.0343831272453109,0.0470268679821861,0.0418932776097438,0.0609724820884665,0.059019354604934,0.0642214314876431,0.0648323053407621,0.0609724820884665,0.0456841352547093,0.0450484072606109,0.0655596702264871,0.0456841352547093,0.0197251695499009,0.00889201705658983,0.0100844161574222,0.00949046117351291,0.00829428835420297,0.0106895025155193,0.00949046117351291,0.0100844161574222,0.00769727335789911,0.0100904019859225,0.00949046117351291,0.175940381171744,0.176662987323104,0.175795241390074,0.174351817484408,0.175145468444694,0.175145468444694,0.175145468444694,0.175145468444694,0.175145468444694,0.174351817484408,0.175940381171744,0.0564269962378406,0.055172358288594,0.0654983120474931,0.0647889377194417,0.0642162341574875,0.055172358288594,0.0630111020472356,0.0570930494952186,0.0609513086473382,0.0629332689150574,0.0558183532104952,0.0526463899173096,0.047545043475124,0.0494270621698698,0.0424991599997495,0.059019354604934,0.0563116520283404,0.0437495593335992,0.0443684127138192,0.0418678467845651,0.0512977495877637,0.0538154640371135,0.0288344525135996,0.0306885955530591,0.0306788540686775,0.032549639885246,0.0343628968798293,0.0456841352547093,0.0306885955530591,0.0288344525135996,0.0306788540686775,0.0488749565494696,0.0488749565494696,0.00650537768026096,0.0088875274949277,0.0088875274949277,0,0.00294664379582899,0.00650537768026096,0.00948561369064289,0.00710097036533759,0.0100844161574222,0.0319395831587936,0.00948561369064289,0.0628469732254382,0.0635656936887377,0.0557810013159393,0.0641550184449638,0.0674819805510591,0.0628889469895814,0.0526508178530679,0.222075490194868,0.0431170481803059,0.0424853361569199,0.0450169871351933,0.0570930494952186,0.0431033899011342,0.0437220091530647,0.0551538098309332,0.0431312713355196,0.0443545203063581,0.0616036244606706,0.0343628968798293,0.0616036244606706,0.0616036244606706,0.0616036244606706,0.0616036244606706,0.0313081743188332,0.0306885955530591,0.0615826105182055,0.0306885955530591,0.0609513086473382,0.0215381949147133,0.0172935538151469,0.0203261632512821,0.0100896224195672,0.00710097036533759,0.00949046117351291,0.00949046117351291,0.0160821661844342,0.0179003500061262,0.0203349257230315,0.00531631647777729,0.0728745482109425,0.0680309385143492,0.0615423410436313,0.0532053356073744,0.0635005680897489,0.047596183473911,0.0300697835928841,0.0463206725781083,0.0437793710463754,0.0318986500837173,0.0318986500837173,0.0318986500837173,0.0463206725781083,0.0475785687622452,0.0462719683125013,0.0325093778309681,0.0166874931348823,0.0142705699997241
"A_Hong_Kong_ST220774_2023",0.0672908377541918,0.0672718848818636,0.0661421779533822,0.0596103257602204,0.0615621825004572,0.0609482486675947,0.067947436666672,0.0699017397283535,0.0596103257602204,0.0596103257602204,0.0602600984312633,0.059629483034673,0.0627155400950384,0.0570371246675795,0.0582391207764136,0.062194231618373,0.0622514099587605,0.0621745526780422,0.0578004353726132,0.0693972652719037,0.0615199724430584,0.0622353521252707,0.0354609375206837,0.0354609375206837,0.0360614404619774,0.0471470191741023,0.0384995905557796,0.0354714696867047,0.0557874063447947,0.0477552402301844,0.0551896774288515,0.0384995905557796,0.033642199353638,0.0459986229116132,0.0418798354816309,0.0596285144448602,0.0577213284071248,0.0641987054333566,0.0634001335076539,0.0596285144448602,0.0456677384111167,0.0440665375590577,0.0655354926907778,0.0446876556513532,0.0194954405360705,0.00928739085470685,0.0104555821921459,0.00987355739311863,0.0088875274949277,0.0110479560539963,0.00987355739311863,0.0104555821921459,0.00811711530583043,0.0104616592109213,0.00987355739311863,0.175349459160989,0.17606331256841,0.175204321469247,0.173778365959453,0.174563295477013,0.174563295477013,0.174563295477013,0.174563295477013,0.174563295477013,0.173778365959453,0.175349459160989,0.0551896774288515,0.0539624593140469,0.0654764545103061,0.0633598088664544,0.0634384755637572,0.0539624593140469,0.061617428839198,0.0558392156202905,0.0596088303063121,0.0615430030634088,0.0545933742242579,0.0526289012600308,0.0475291341456874,0.049411073477112,0.0424853361569199,0.0589994519071015,0.0562975082992696,0.0437355012369042,0.0443545203063581,0.0418544212467089,0.0512822563136353,0.0538000602487111,0.0288258562715187,0.0306788540686775,0.0306696639047069,0.0325387446199435,0.034353616444064,0.0456677384111167,0.0306788540686775,0.0288258562715187,0.0306696639047069,0.0488565247295173,0.0488565247295173,0.00590778089293673,0.0104555821921459,0.00948129252093516,0.00294664379582899,0,0.00590778089293673,0.00870621441133125,0.00650231128403188,0.0116374387062994,0.0331715305126813,0.0110427813201166,0.0615621825004572,0.0635433973447964,0.0557631946542927,0.06413405877841,0.0674588344087624,0.0628676662708173,0.0526322013503293,0.223980797808276,0.0431033899011342,0.0424720766859498,0.0450021263601211,0.0570738268584507,0.0430902971296787,0.0437090837164905,0.0551358399361042,0.0431170481803059,0.0443411950522606,0.0615826105182055,0.034353616444064,0.0615826105182055,0.0615826105182055,0.0615826105182055,0.0615826105182055,0.0312980491942508,0.0306788540686775,0.0615621825004572,0.0306788540686775,0.0609307199434638,0.0215297635426874,0.017286640213091,0.0203179380552354,0.0106839366129427,0.0088875274949277,0.0112841767810676,0.0112841767810676,0.0160759858685859,0.0178930684256957,0.0203261632512821,0.00590778089293673,0.0706928124466658,0.0667366460167386,0.059571142236231,0.0531891863955921,0.062100915717756,0.0465556528427684,0.030028427474695,0.0453095462787886,0.0428266113191664,0.0312135364122081,0.0312135364122081,0.0312135364122081,0.0453095462787886,0.0465393432429537,0.0452645750550822,0.0318112862798779,0.0177134488535631,0.0142654829851098
"A_Shanghai_YP1491C1_2023",0.0659802210142546,0.0659621264380885,0.0648289795622726,0.0583133081716972,0.0602600984312633,0.0596470117588039,0.0666350999552864,0.0685850832729732,0.0583133081716972,0.0583133081716972,0.0589613964024205,0.0583700038643158,0.060128075553356,0.0544915099500301,0.0556658872700804,0.059629483034673,0.059658144181829,0.0596103257602204,0.055219797800297,0.0668046944862702,0.0589338727599732,0.0596695497550757,0.0337608496292085,0.0337608496292085,0.0343727340248163,0.0443978964587364,0.0356082275360553,0.033771410824504,0.0538314472417704,0.0450169871351933,0.0532220624184109,0.0356082275360553,0.0319080546306558,0.0444947398880292,0.0393867994405271,0.0609513086473382,0.0577024343185781,0.0628889469895814,0.0635005680897489,0.0609513086473382,0.0431614097657516,0.0425284982888366,0.0642214314876431,0.0431614097657516,0.0173010018375428,0.00353983779403084,0.00472284459801292,0.00413225492494671,0.00294812174864075,0.00531919910252788,0.00413225492494671,0.00472284459801292,0.0023571051313632,0.00472563442217639,0.00413225492494671,0.180010881532407,0.180736581017463,0.17985788637249,0.178408316057933,0.17920895674142,0.17920895674142,0.17920895674142,0.17920895674142,0.17920895674142,0.178408316057933,0.180010881532407,0.053865149323783,0.0526141593833178,0.06287351272536,0.062194231618373,0.0622737610493169,0.0526141593833178,0.060416393331158,0.0545271969087589,0.0583700038643158,0.0603419238239786,0.0532572462886898,0.0513791067005295,0.0450169871351933,0.0468925968222884,0.0399914741421466,0.053865149323783,0.053757331888669,0.041237329677051,0.0418544212467089,0.039362938547121,0.0487579021305119,0.0512673390583107,0.0263805388668051,0.0282266948103689,0.0282179296241419,0.0300796926075276,0.0331297253050854,0.0431614097657516,0.0282266948103689,0.0263805388668051,0.0282179296241419,0.0463380405270563,0.0463380405270563,0,0.00710097036533759,0.00353800992035371,0.00650537768026096,0.00590778089293673,0,0.00413007630096208,0.000588235361964851,0.00829428835420297,0.0307097299875858,0.00769727335789911,0.0589613964024205,0.0609724820884665,0.0532220624184109,0.0615621825004572,0.0648724022306626,0.0602998427571301,0.0501009595839242,0.219587708610818,0.0406076066718976,0.0399786757713622,0.0424991599997495,0.053239366190361,0.0418544212467089,0.0412118365732823,0.0513138182393123,0.0406208008457446,0.0418415595784357,0.0602796781848146,0.0318897990651941,0.0602796781848146,0.0602796781848146,0.0602796781848146,0.0602796781848146,0.0288435980348331,0.0282266948103689,0.0602600984312633,0.0282266948103689,0.059629483034673,0.0191081358523416,0.0148796895996488,0.0179003500061262,0.00472537480469985,0.00531919910252788,0.00770157406834746,0.00770157406834746,0.0148796895996488,0.015483919280433,0.0185160692641887,0.00472537480469985,0.0715442669926694,0.065423447625629,0.0589613964024205,0.0506579542349512,0.0609107166102492,0.0450649653644336,0.0276105517872362,0.0437951234120534,0.0412650737378821,0.0294343328254222,0.0294343328254222,0.0294343328254222,0.0437951234120534,0.0450484072606109,0.0450169871351933,0.0300433603854495,0.015483919280433,0.0118694457088573
"A_Hong_Kong_EPI0456_2024",0.0673103874153964,0.0672908377541918,0.0661644567320566,0.059629483034673,0.0615826105182055,0.0609682772789567,0.0679674177333308,0.0699224227763291,0.059629483034673,0.059629483034673,0.0602796781848146,0.0609513086473382,0.0627355721921809,0.0570551850372553,0.0556475745406029,0.0622144983137896,0.0622711350910381,0.062194231618373,0.0552017720911027,0.0694216899179103,0.060225762183596,0.0622567924176983,0.0366947118870396,0.0366947118870396,0.0372958019651649,0.0484131742930736,0.0385109248465223,0.0367065265008195,0.0570691423063017,0.0490220213713725,0.0564721270972054,0.0385109248465223,0.0348716620563383,0.0468439697719428,0.0418932776097438,0.0634427149052344,0.0602457730676064,0.0668046944862702,0.0659470885293338,0.0634427149052344,0.0469580212941086,0.0453256224738376,0.0681486930599346,0.0459486755139611,0.0206976676664754,0.00404417597376962,0.00520335414615748,0.00462455909175077,0.00353800992035371,0.00462455909175077,0.00462455909175077,0.00520335414615748,0.00288542690358836,0.00520636423087711,0.00462455909175077,0.177036341749682,0.177745911405717,0.176887563505865,0.175470169756524,0.176252642529675,0.176252642529675,0.176252642529675,0.176252642529675,0.176252642529675,0.175470169756524,0.177036341749682,0.05464920678216,0.0534349741671209,0.0654983120474931,0.0627353238707072,0.0621793923515241,0.0534349741671209,0.0610115678778006,0.0540418191127769,0.0577649804886607,0.0609385978855901,0.0540595838673369,0.0552253769374437,0.0488213683545135,0.0507066533992806,0.0437641828124346,0.0577214953427932,0.0576003125354907,0.0450169871351933,0.0456366442117736,0.0431312713355196,0.0525798015722325,0.0551016383797691,0.0300697835928841,0.0319285217929503,0.0319180120759111,0.0337941955993794,0.0368566676353488,0.0469580212941086,0.0319285217929503,0.0300697835928841,0.0319180120759111,0.0501570085339384,0.0501570085339384,0.00413007630096208,0.00977702047586827,0.0041284195844397,0.00948561369064289,0.00870621441133125,0.00413007630096208,0,0.00472284459801292,0.0110543841124728,0.0319395831587936,0.0103580780659569,0.0602796781848146,0.0635656936887377,0.0557810013159393,0.0641550184449638,0.0674819805510591,0.0628889469895814,0.0539394783602181,0.219565570611988,0.0443828716411957,0.0437495593335992,0.0462876358495296,0.0570930494952186,0.0456366442117736,0.0449878326139545,0.0551538098309332,0.0443978964587364,0.0456219481079521,0.0641765675418568,0.0356082275360553,0.0641765675418568,0.0641765675418568,0.0641765675418568,0.0641765675418568,0.032549639885246,0.0319285217929503,0.0641550184449638,0.0319285217929503,0.063521688600825,0.0227614371150482,0.0185078834952102,0.0215471650790581,0.00531631647777729,0.00829428835420297,0.0106895025155193,0.0106895025155193,0.0185078834952102,0.0191161560763123,0.0221686686097138,0.00769727335789911,0.0712974890499242,0.0667587367214818,0.0589856276417627,0.0544915099500301,0.0615262843895743,0.0478225065640811,0.0312506121626042,0.0465725059130388,0.0440818407379367,0.0324356036443381,0.0324356036443381,0.0324356036443381,0.0465725059130388,0.0478048727305678,0.0477712389805213,0.033033926772536,0.0189239542199499,0.0154775711893647
"A_Shanghai_XH1364C1_2023",0.0666350999552864,0.0666165767933034,0.0654851476354477,0.0589613964024205,0.0609107166102492,0.0602972069089456,0.0672908377541918,0.0692429781047331,0.0589613964024205,0.0589613964024205,0.0596103257602204,0.059019354604934,0.0607838133522614,0.0551358399361042,0.0563177778448221,0.0602796781848146,0.0603151744997634,0.0602600984312633,0.0558733926646078,0.0674638903628994,0.0595900408331483,0.0603205915137249,0.0343831272453109,0.0343831272453109,0.0349953991115145,0.0450324143103888,0.0362320579351329,0.0343940759112021,0.0544745341471425,0.0456519078554312,0.053865149323783,0.0362320579351329,0.0325284021047731,0.0451308722893576,0.0400157303410625,0.0616036244606706,0.0583505225493015,0.0635433973447964,0.0641550184449638,0.0616036244606706,0.0437951234120534,0.0431614097657516,0.0648780304001234,0.0437951234120534,0.0179081664537437,0.00413225492494671,0.00531631647777729,0.00472537480469985,0.00353983779403084,0.00591372949362306,0.00472537480469985,0.00531631647777729,0.00294812174864075,0.00531945872000444,0.00472537480469985,0.180814094556544,0.181540439711512,0.180659811163477,0.17920895674142,0.180010881532407,0.180010881532407,0.180010881532407,0.180010881532407,0.180010881532407,0.17920895674142,0.180814094556544,0.0545090644159973,0.0532572462886898,0.0635340148029168,0.0628469732254382,0.0629277833793246,0.0532572462886898,0.0610695612881858,0.055172358288594,0.059019354604934,0.060994239637311,0.0539011613809042,0.0520213675467079,0.0456519078554312,0.0475291341456874,0.0406208008457446,0.0545090644159973,0.0543983576174968,0.0418678467845651,0.0424853361569199,0.0399914741421466,0.0493956573190179,0.0519071344111233,0.0269951670941699,0.0288435980348331,0.0288344525135996,0.0306988877331008,0.033750843397381,0.0437951234120534,0.0288435980348331,0.0269951670941699,0.0288344525135996,0.0469757957155622,0.0469757957155622,0.000588235361964851,0.00769727335789911,0.00413007630096208,0.00710097036533759,0.00650231128403188,0.000588235361964851,0.00472284459801292,0,0.00889201705658983,0.0313300774617031,0.00829428835420297,0.0596103257602204,0.0616252236955317,0.053865149323783,0.0622144983137896,0.0655294325485971,0.0609513086473382,0.050741985312752,0.220449777789887,0.041237329677051,0.0406076066718976,0.0431312713355196,0.0538828669226847,0.0424853361569199,0.0418415595784357,0.0519548439681401,0.0412509206518886,0.0424720766859498,0.0609307199434638,0.0325093778309681,0.0609307199434638,0.0609307199434638,0.0609307199434638,0.0609307199434638,0.0294612633388294,0.0288435980348331,0.0609107166102492,0.0288435980348331,0.0602796781848146,0.0197167786542175,0.015483919280433,0.0185078834952102,0.00531919910252788,0.00591372949362306,0.00829894570451891,0.00829894570451891,0.015483919280433,0.0160888800317896,0.0191247120660645,0.00531919910252788,0.0722217738713992,0.0660796156988042,0.0596103257602204,0.0512977495877637,0.0615621825004572,0.045701097765762,0.0282266948103689,0.0444296412637059,0.0418963869530665,0.0300516168544428,0.0300516168544428,0.0300516168544428,0.0444296412637059,0.0456841352547093,0.0456519078554312,0.0306610256894459,0.0160888800317896,0.0124700463816743
"A_Hong_Kong_ST221425_2023",0.0718832482662498,0.0718618570129679,0.0707409866086585,0.0641550184449638,0.0661235249246336,0.065506994441402,0.0725455000186951,0.0745143831278145,0.0641550184449638,0.0641550184449638,0.0648103265335241,0.0642214314876431,0.066038094106143,0.0602998427571301,0.060225762183596,0.0654889042532423,0.0655802140122771,0.0654664946066991,0.0597919682635834,0.0727417552375491,0.0648462571104609,0.0655354926907778,0.0385580722733815,0.0385580722733815,0.0391606552303027,0.0490687118264693,0.0403799190360003,0.0385710323154795,0.059008236509484,0.0496783229511658,0.0584108646601386,0.0403799190360003,0.0367282783868915,0.0491749739158611,0.0450598493082551,0.0654103726324778,0.0621990578042442,0.0687848950943188,0.0679225404469916,0.0654103726324778,0.0488749565494696,0.0472253461952446,0.0701354506408648,0.0478511285047154,0.0225381620587273,0.0104718358821689,0.0116429656989802,0.0110600712441338,0.0100896224195672,0.0122386221728245,0.0110600712441338,0.0116429656989802,0.00929743722129119,0.0116497478745542,0.0110600712441338,0.181884943983734,0.182604248078257,0.181728110989751,0.180291317136644,0.181087495648826,0.181087495648826,0.181087495648826,0.181087495648826,0.181087495648826,0.180291317136644,0.181884943983734,0.0584108646601386,0.0571791888272212,0.0688250042928614,0.0666313841452552,0.0660719334136147,0.0571791888272212,0.0648917002863641,0.0577947481292948,0.0628614241239783,0.0648130007831325,0.0578149168213195,0.0571683845639189,0.050741985312752,0.0526322013503293,0.0456677384111167,0.0596695497550757,0.0595395521997761,0.0469241731729286,0.047545043475124,0.0450324143103888,0.0545090644159973,0.0557459683658432,0.0306885955530591,0.032549639885246,0.0325387446199435,0.0344176370766611,0.038735192074205,0.047596183473911,0.032549639885246,0.0306885955530591,0.0325387446199435,0.0507992693801167,0.0507992693801167,0.00829428835420297,0.00462966270639836,0.0106839366129427,0.0100844161574222,0.0116374387062994,0.00829428835420297,0.0110543841124728,0.00889201705658983,0,0.0363064231431709,0.000576368939904143,0.0648103265335241,0.0668530165097804,0.0577214953427932,0.0661235249246336,0.0707910594722981,0.0661697986562261,0.0558787180245036,0.225090922809325,0.0462876358495296,0.0456519078554312,0.0481996840687313,0.0590398397547847,0.047545043475124,0.0468925968222884,0.0570930494952186,0.046303870812445,0.0475291341456874,0.0661463665438969,0.0362320579351329,0.0661463665438969,0.0661463665438969,0.0661463665438969,0.0661463665438969,0.0331715305126813,0.032549639885246,0.0661235249246336,0.032549639885246,0.0654889042532423,0.0246019299907619,0.0203349257230315,0.0233842767600002,0.0118914261712165,0.00413007630096208,0.00650537768026096,0.00650537768026096,0.0203349257230315,0.0209454264093789,0.0240091614854274,0.00949046117351291,0.0767654855415295,0.0713356432081861,0.0640590312046364,0.0564269962378406,0.0653652602217522,0.0497331884433282,0.0318769567598437,0.0484776950027492,0.0459761263074452,0.0342817903254837,0.0342817903254837,0.0342817903254837,0.0484776950027492,0.0497143531715153,0.0496783229511658,0.0348815851207522,0.0207344571034261,0.0172935538151469
"A_Shanghai_PT1759C2_2022",0.0551184492393569,0.0551016383797691,0.0571281488485568,0.0507240331950729,0.0526508178530679,0.0507550712806857,0.0557631946542927,0.0576839552881897,0.0507240331950729,0.0507240331950729,0.0513654701015175,0.0520657783659121,0.052496191433116,0.0469408135737393,0.0480361284290498,0.0533143382533708,0.052007879339699,0.0520458568803091,0.0475675629081917,0.0571757356130269,0.0525698382480214,0.0520657783659121,0.0288635344228861,0.0288635344228861,0.0294713392616369,0.0382051857818323,0.0319395831587936,0.0288743240525407,0.0462876358495296,0.0388189912445073,0.0469580212941086,0.0319395831587936,0.0270224700837985,0.0389222968018017,0.0319588476843388,0.0546265077704218,0.051402769974937,0.0565485021815824,0.0571541959969387,0.0546265077704218,0.0369792396722007,0.0363510988860698,0.0578711654902968,0.0369792396722007,0.0251865067462683,0.032573086181434,0.0325610872785921,0.0331957512681322,0.0319511955539987,0.0344434125518329,0.0331957512681322,0.0325610872785921,0.0313300774617031,0.0325807383117741,0.0331957512681322,0.172192194300228,0.172911335788689,0.172048929854045,0.170612414155044,0.171401680301569,0.171401680301569,0.171401680301569,0.171401680301569,0.171401680301569,0.170612414155044,0.172192194300228,0.0463206725781083,0.0431773237957546,0.0558142242821858,0.0545651934485622,0.0552451053421927,0.0431773237957546,0.0534422223236247,0.0469757957155622,0.0520657783659121,0.0540230071756015,0.0438114392897522,0.0444907556933662,0.0388189912445073,0.0406791874220123,0.0338325194179523,0.0501570085339384,0.0474848269678894,0.0338191927454138,0.035680248984938,0.0332086890188747,0.0412650737378821,0.0437495593335992,0.0215297635426874,0.0239777488487908,0.0233556144595099,0.0252062506953168,0.0288532922113727,0.0369792396722007,0.0239777488487908,0.0215297635426874,0.0233556144595099,0.0401318352363581,0.0401318352363581,0.0307097299875858,0.0350548580341116,0.0325610872785921,0.0319395831587936,0.0331715305126813,0.0307097299875858,0.0319395831587936,0.0313300774617031,0.0363064231431709,0,0.035680248984938,0.0526508178530679,0.0546480952743326,0.0456841352547093,0.0539800952692693,0.0591640663736669,0.0533345173874593,0.0432284377515709,0.213787946905335,0.0344434125518329,0.0344434125518329,0.0350684126332132,0.0482537516828343,0.035680248984938,0.0356668569644604,0.0463380405270563,0.0344571291181683,0.0369192057719651,0.0539594996332059,0.0270037216682713,0.0539594996332059,0.0539594996332059,0.0539594996332059,0.0539594996332059,0.0239777488487908,0.0233646279871687,0.0539394783602181,0.0233646279871687,0.0533143382533708,0.027012822871293,0.023959512265485,0.0245639525305872,0.0338191927454138,0.0331957512681322,0.0344434125518329,0.0344434125518329,0.023959512265485,0.0245726331271071,0.0264165196666995,0.0313300774617031,0.0662717954755478,0.0564651838311053,0.0513654701015175,0.0463206725781083,0.0532947329452822,0.0388684106854036,0.0227522580392207,0.0376081705727361,0.0350971797335879,0.0245639525305872,0.0245639525305872,0.0257917002315752,0.0376081705727361,0.038851382134708,0.0406791874220123,0.0245558154700784,0.023347142317537,0.0209051350213243
"A_Hong_Kong_EPI0161_2023",0.0712218725084416,0.0712009183840101,0.0700782959881241,0.0635005680897489,0.0654664946066991,0.0648503955289218,0.0718832482662498,0.0738499312027876,0.0635005680897489,0.0635005680897489,0.0641550184449638,0.0635656936887377,0.0653758423536977,0.0596492245781443,0.0595691632711158,0.0648323053407621,0.0649166439082458,0.0648103265335241,0.05913364032121,0.0720759761777928,0.0641835664899267,0.0648780304001234,0.0379209540712496,0.0379209540712496,0.0385227964459483,0.0484131742930736,0.0397401817656259,0.0379335209816028,0.058337373804256,0.0490220213713725,0.0577403585951597,0.0397401817656259,0.0360941565528716,0.0480854353383557,0.0444249285880171,0.0647272371274555,0.0615220979469958,0.0681239564653609,0.067235749036484,0.0647272371274555,0.0482351611966569,0.0465725059130388,0.0694723205701882,0.0471971156132548,0.0219061274692447,0.00987854789095832,0.0110479560539963,0.0104657470189291,0.00949046117351291,0.0116422181499425,0.0104657470189291,0.0110479560539963,0.00870621441133125,0.0110543841124728,0.0104657470189291,0.179394836688751,0.180106261973186,0.179242355927408,0.177821271267242,0.178607434951218,0.178607434951218,0.178607434951218,0.178607434951218,0.178607434951218,0.177821271267242,0.179394836688751,0.0571554776939322,0.055938108306193,0.0681578927862931,0.0652750118707176,0.064720693883257,0.055938108306193,0.0635528694095335,0.0565465206561099,0.0615504875297331,0.0634766744015204,0.056565854779109,0.0565198760423964,0.0501009595839242,0.0519895277399974,0.0450324143103888,0.059019354604934,0.0588923029184532,0.0462876358495296,0.0469081007138297,0.0443978964587364,0.053865149323783,0.0551016383797691,0.0300697835928841,0.0319285217929503,0.0319180120759111,0.0337941955993794,0.0381082327444082,0.0469580212941086,0.0319285217929503,0.0300697835928841,0.0319180120759111,0.0501570085339384,0.0501570085339384,0.00769727335789911,0.00400689036177683,0.0100844161574222,0.00948561369064289,0.0110427813201166,0.00769727335789911,0.0103580780659569,0.00829428835420297,0.000576368939904143,0.035680248984938,0,0.0641550184449638,0.0661938206331512,0.0570738268584507,0.0654664946066991,0.0701274893682668,0.0655119038244662,0.0552314687431806,0.222926927809427,0.0456519078554312,0.0450169871351933,0.0475615218889289,0.0583900670837419,0.0469081007138297,0.04625686882819,0.0564458002138957,0.0456677384111167,0.0468925968222884,0.0654889042532423,0.0356082275360553,0.0654889042532423,0.0654889042532423,0.0654889042532423,0.0654889042532423,0.032549639885246,0.0319285217929503,0.0654664946066991,0.0319285217929503,0.0648323053407621,0.0239876792992582,0.0197251695499009,0.022771155898378,0.0112901031883363,0.00353800992035371,0.00591049361246663,0.00591049361246663,0.0197251695499009,0.0203349257230315,0.0233949107939238,0.00889201705658983,0.0759458730904873,0.0706729525876518,0.0627353238707072,0.0557810013159393,0.0640627514651714,0.0490756400521109,0.0312506121626042,0.0478225065640811,0.0453256224738376,0.0336521492566589,0.0336521492566589,0.0336521492566589,0.0478225065640811,0.0490572215380724,0.0490220213713725,0.0342512128272267,0.0201302274226419,0.0166874931348823
"A_Thueringen_2202_2008",0.0124580422248838,0.0124551042898488,0.0106732760388546,0.00176678629065556,0.00353983779403084,0.00294986106359414,0.0118585217693632,0.0136555850586178,0.00176678629065556,0.00176678629065556,0.0023571051313632,0.0142654829851098,0.0155872596220416,0.00946928313939007,0.0107626236863928,0.0154617279015748,0.0156341261366996,0.0154575158495201,0.0108013751209923,0.0130767939569651,0.0156057325624636,0.0154717561878017,0.0331495201970687,0.0306885955530591,0.0312980491942508,0.0275943285553199,0.033750843397381,0.033160248739742,0.0276021659995187,0.0282020463113414,0.0288532922113727,0.033750843397381,0.0312980491942508,0.036320480708316,0.0375165381907063,0.0387745795243668,0.0350175173884838,0.0400187535951238,0.0406208008457446,0.0387745795243668,0.0350061802854345,0.0343831272453109,0.0412650737378821,0.0337608496292085,0.0557810013159393,0.0622144983137896,0.062194231618373,0.0628676662708173,0.0602600984312633,0.0641765675418568,0.0628676662708173,0.0635005680897489,0.0609107166102492,0.0635397787889847,0.0628676662708173,0.146852946684496,0.147550000539332,0.14672914217367,0.145336645294974,0.146094221197479,0.146094221197479,0.146094221197479,0.146094221197479,0.146094221197479,0.145336645294974,0.146852946684496,0.00827888655617594,0.0136592440038169,0.00776558813350021,0.00828091355867553,0.00768986701518034,0.0124580422248838,0.0161013486573929,0.0100719602499278,0.0142654829851098,0.0160821661844342,0.0130582823930087,0.0251925539914807,0.0306885955530591,0.0196948293450063,0.0269871597719187,0.0263887154406714,0.039279460673643,0.0282266948103689,0.0288344525135996,0.0263887154406714,0.0227209510255972,0.0362024020595822,0.036892519585754,0.0394035104249023,0.0387608912965002,0.0394035104249023,0.0356540194952615,0.0350061802854345,0.0394035104249023,0.0387745795243668,0.0387608912965002,0.0381331448235842,0.0381331448235842,0.0589613964024205,0.0635005680897489,0.062194231618373,0.0628469732254382,0.0615621825004572,0.0589613964024205,0.0602796781848146,0.0596103257602204,0.0648103265335241,0.0526508178530679,0.0641550184449638,0,0.0178930684256957,0.0100688646015344,0.0172691120342303,0.0112806011282945,0.0160703396946991,0.0344055793959679,0.203003438153319,0.0263805388668051,0.0251689363317006,0.0269951670941699,0.027012822871293,0.0276021659995187,0.0275943285553199,0.0251689363317006,0.0251609677396833,0.0263805388668051,0.0375061854937873,0.0375061854937873,0.0375061854937873,0.0375061854937873,0.0375061854937873,0.0375061854937873,0.038146438738236,0.0387745795243668,0.0374938427860664,0.0387745795243668,0.0368800113355544,0.0563911297456783,0.0557459683658432,0.0551184492393569,0.0622144983137896,0.0615621825004572,0.0602600984312633,0.0602600984312633,0.0557459683658432,0.0563911297456783,0.0570738268584507,0.0609107166102492,0.0201174775868719,0.00828654882224453,0.00353983779403084,0.014855106138095,0.0059039273703815,0.0356300106845121,0.038146438738236,0.0356300106845121,0.0325186129653776,0.0337825263558443,0.0337825263558443,0.0375325439341176,0.0356300106845121,0.0368680604765955,0.0312884758648818,0.035641737194903,0.0538480092177063,0.0512822563136353
"A_Denmark_105_2010",0.0263805388668051,0.026372909080415,0.0239577882856428,0.0160759858685859,0.0178930684256957,0.017296951612981,0.0257666652476439,0.0276021659995187,0.0160759858685859,0.0160759858685859,0.0166809466199425,0.00472537480469985,0.00595482585192191,0.0142823400503311,0.015638047136457,0.00590778089293673,0.00597260893189081,0.00590559194212262,0.0156946902251163,0.0258443063227251,0.00596336384538562,0.00591372949362306,0.035680248984938,0.0332086890188747,0.0338191927454138,0.0313300774617031,0.0375325439341176,0.0356941949426841,0.0313418542428503,0.0319395831587936,0.0338608259135748,0.0375325439341176,0.0338191927454138,0.0388743683743758,0.0400725986958431,0.0426116769391356,0.0394491110506513,0.044499894253627,0.0450997745654497,0.0426116769391356,0.0375465584264133,0.0356668569644604,0.0457553731540212,0.0375465584264133,0.0571332346908488,0.0642447450767927,0.0642214314876431,0.0649017753947272,0.0609724820884665,0.0649017753947272,0.0649017753947272,0.0642214314876431,0.0616252236955317,0.064261154982396,0.0649017753947272,0.156615047202568,0.157320066727709,0.156480195251781,0.155071836100973,0.155842846276881,0.155842846276881,0.155842846276881,0.155842846276881,0.155842846276881,0.155071836100973,0.156615047202568,0.0130827486679642,0.0173010018375428,0.0205348859917082,0.0203179380552354,0.0203300884235405,0.0160888800317896,0.00770639942068213,0.0149008290778277,0.00472537480469985,0.00769727335789911,0.0166945736249381,0.0276890076114538,0.0344571291181683,0.0233842767600002,0.0294819636915843,0.0326123858142812,0.0411885994881031,0.0307330622526069,0.0313418542428503,0.0288856604869908,0.0276606841059248,0.0374820585861752,0.0394491110506513,0.0419775614451381,0.0413272947767015,0.0419775614451381,0.0382051857818323,0.0388036301130796,0.0419775614451381,0.0413442491375417,0.0413272947767015,0.0419602062536165,0.0419602062536165,0.0609724820884665,0.0655354926907778,0.0642214314876431,0.0635656936887377,0.0635433973447964,0.0609724820884665,0.0635656936887377,0.0616252236955317,0.0668530165097804,0.0546480952743326,0.0661938206331512,0.0178930684256957,0,0.0148932515514404,0.00769024582968294,0.0240125592832615,0.00650537768026096,0.0356941949426841,0.21052206114013,0.0276389929732561,0.0276606841059248,0.0282562770022766,0.0307585874485508,0.0301011588171575,0.0300901512218119,0.0288975431163639,0.0264165196666995,0.0288743240525407,0.0419602062536165,0.0400638702257471,0.0419602062536165,0.0419602062536165,0.0419602062536165,0.0419602062536165,0.0407117379842483,0.0413442491375417,0.0419434105986915,0.0413442491375417,0.0413272947767015,0.057741137725942,0.057741137725942,0.0564651838311053,0.0629332689150574,0.0635885770036176,0.0622788185598425,0.0622788185598425,0.057741137725942,0.0583900670837419,0.0584319367196916,0.0616252236955317,0.0357905794449376,0.0227436192790655,0.0166809466199425,0.0185002330418967,0.0185002330418967,0.039433353118233,0.0407117379842483,0.0381746992125441,0.0350418568830802,0.0375762548812969,0.0375762548812969,0.0388349087869858,0.0381746992125441,0.0394181527056573,0.0325610872785921,0.0381896645409093,0.0571332346908488,0.0532572462886898
"A_Denmark_22_2011",0.0190670470901263,0.0190633351075862,0.0172703894809052,0.00827888655617594,0.0100688646015344,0.00947710321954467,0.0184617201396782,0.0202754569133394,0.00827888655617594,0.00827888655617594,0.00887483418334191,0.0112787779798647,0.0125699788846205,0.00531212006235829,0.0065604824247332,0.0124700463816743,0.0126077134284623,0.0124655138876742,0.00658404336217689,0.0179003500061262,0.0125872769298542,0.0124807016355619,0.0263887154406714,0.0239512073558616,0.0245558154700784,0.0208927954240419,0.0282179296241419,0.0263974381782266,0.0233392121754172,0.0214957100315563,0.022132372259175,0.0282179296241419,0.0245558154700784,0.0295145115954179,0.0307070773886104,0.0319511955539987,0.0288532922113727,0.033806417934818,0.0344055793959679,0.0319511955539987,0.0282266948103689,0.0276105517872362,0.0350418568830802,0.0282266948103689,0.0487884924789862,0.0564458002138957,0.0564269962378406,0.0570930494952186,0.0545090644159973,0.0583900670837419,0.0570930494952186,0.0577214953427932,0.0551538098309332,0.0577569902670322,0.0570930494952186,0.151298861720216,0.151999629814803,0.151170873158688,0.149770976650477,0.150534335577377,0.150534335577377,0.150534335577377,0.150534335577377,0.150534335577377,0.149770976650477,0.151298861720216,0.0041284195844397,0.00828346785200808,0.0125925924558338,0.0118616322010582,0.0124689116855083,0.00828346785200808,0.0131048275870299,0.00591049361246663,0.0112787779798647,0.0130892328931175,0.00888012663402916,0.0197207038264758,0.0239512073558616,0.0142705699997241,0.020290422241358,0.022132372259175,0.0324715345076458,0.021514519618389,0.0221174644691792,0.0196948293450063,0.0172744187087331,0.029419133136277,0.0300901512218119,0.032573086181434,0.0319395831587936,0.032573086181434,0.0288635344228861,0.0294612633388294,0.032573086181434,0.0319511955539987,0.0319395831587936,0.0325610872785921,0.0325610872785921,0.0532220624184109,0.0577214953427932,0.0564269962378406,0.0557810013159393,0.0557631946542927,0.0532220624184109,0.0557810013159393,0.053865149323783,0.0577214953427932,0.0456841352547093,0.0570738268584507,0.0100688646015344,0.0148932515514404,0,0.0142705699997241,0.0160917517037933,0.0130767939569651,0.0276289658944255,0.201325584229832,0.0196885894090035,0.0184865405144863,0.0202964922194485,0.0215297635426874,0.0208986948224601,0.0208927954240419,0.0197016079411322,0.018480499664943,0.0196885894090035,0.0313188506147611,0.0306988877331008,0.0313188506147611,0.0313188506147611,0.0313188506147611,0.0313188506147611,0.0313300774617031,0.0319511955539987,0.0313081743188332,0.0319511955539987,0.0306988877331008,0.0493956573190179,0.0487579021305119,0.0481355625813093,0.0564458002138957,0.0557993877127431,0.0545090644159973,0.0545090644159973,0.0487579021305119,0.0493956573190179,0.0500664484462583,0.053865149323783,0.0275662532082446,0.0148589550739003,0.0100688646015344,0.00947149296536291,0.0106669507972495,0.0300796926075276,0.0313300774617031,0.0288435980348331,0.0263805388668051,0.027012822871293,0.027012822871293,0.0307211216988178,0.0288435980348331,0.0300697835928841,0.0245482225649578,0.0288532922113727,0.0481507372904803,0.0443411950522606
"A_Denmark_21_2011",0.0245346717157607,0.0245287150278517,0.0245493640935834,0.0154575158495201,0.0172691120342303,0.0166744416420861,0.0239234246958701,0.0257527058471717,0.0154575158495201,0.0154575158495201,0.0160606522314609,0.00412728538469912,0.00297018482300434,0.0136634359527075,0.0150076461528086,0.00412728538469912,0.0029790331181718,0.00294568692177208,0.0150618999869593,0.0245818566437198,0.0053582353422392,0.00531212006235829,0.0362667372762831,0.0337941955993794,0.0344055793959679,0.029442759495983,0.0381204092841001,0.0362794104460878,0.0306885955530591,0.0300516168544428,0.0319511955539987,0.0381204092841001,0.0344055793959679,0.0394611945526177,0.0406592260981867,0.0431938002117411,0.0400332334300558,0.0450820880040884,0.0456841352547093,0.0431938002117411,0.0381331448235842,0.0375061854937873,0.0463380405270563,0.0381331448235842,0.0583700038643158,0.0648323053407621,0.0648103265335241,0.0654889042532423,0.0615621825004572,0.0668046944862702,0.0654889042532423,0.0648103265335241,0.0622144983137896,0.0648503955289218,0.0654889042532423,0.157958229167404,0.158664769520254,0.157825227101219,0.156413826395111,0.157185431486514,0.157185431486514,0.157185431486514,0.157185431486514,0.157185431486514,0.156413826395111,0.157958229167404,0.0124655138876742,0.0178863223204813,0.0198967174751728,0.0196885894090035,0.0197003441767066,0.0166749346897687,0.00710067549053356,0.0142761892246311,0.00412728538469912,0.00709228205930475,0.0172802616402168,0.0276556131595087,0.0337941955993794,0.0239683596342355,0.0300697835928841,0.0319511955539987,0.0424142671804407,0.0313188506147611,0.0319285217929503,0.0294713392616369,0.0257828099508618,0.0393274122321678,0.0400332334300558,0.0425600865654392,0.0419115003348648,0.0425600865654392,0.0387888260020592,0.0393894268915258,0.0425600865654392,0.0419271750885242,0.0419115003348648,0.0425440114881581,0.0425440114881581,0.0615621825004572,0.0661235249246336,0.0648103265335241,0.0641550184449638,0.06413405877841,0.0615621825004572,0.0641550184449638,0.0622144983137896,0.0661235249246336,0.0539800952692693,0.0654664946066991,0.0172691120342303,0.00769024582968294,0.0142705699997241,0,0.0233696116718783,0.0059039273703815,0.0375325439341176,0.208719978731411,0.0282266948103689,0.0282458691188897,0.0288435980348331,0.0313418542428503,0.0306885955530591,0.0306788540686775,0.0294819636915843,0.0270037216682713,0.0294612633388294,0.0425440114881581,0.0406488734012677,0.0425440114881581,0.0425440114881581,0.0425440114881581,0.0425440114881581,0.0412950637527542,0.0419271750885242,0.0425284982888366,0.0419271750885242,0.0419115003348648,0.0589801322940547,0.0583316237725322,0.0577024343185781,0.063521688600825,0.0641765675418568,0.0628676662708173,0.0628676662708173,0.0583316237725322,0.0589801322940547,0.0596695497550757,0.0622144983137896,0.0351146922800314,0.0221108228229826,0.0160606522314609,0.0190872958559222,0.0178744389846784,0.0400187535951238,0.0412950637527542,0.0387608912965002,0.0356300106845121,0.0369055846043208,0.0369055846043208,0.0394181527056573,0.0387608912965002,0.0400048336252146,0.0331495201970687,0.0387745795243668,0.0577214953427932,0.0538480092177063
"A_Stockholm_4_2010",0.0203025394646609,0.0202970031711393,0.0172897050244998,0.00948311566936501,0.010081559786288,0.010687062653907,0.019694636654216,0.0202970031711393,0.00948311566936501,0.00948311566936501,0.010081559786288,0.0203383235208656,0.0217035438398588,0.0154809689871988,0.0168380325776492,0.0215426487144398,0.0217691724326067,0.0215347472273971,0.0168990116679014,0.0149097164048068,0.0217332602309712,0.0215600712271036,0.0394274212844016,0.0369415721284774,0.0375552868965093,0.032558368355342,0.0412901410083978,0.039442081588329,0.0338146075903277,0.0331695173184863,0.0326184330594936,0.0412901410083978,0.0375552868965093,0.0401457549636382,0.0425802615785168,0.0438905153089816,0.0400882156163719,0.0451455654850172,0.0457465273128659,0.0438905153089816,0.0400430434161777,0.0394133204110242,0.0464028039125679,0.0387843895104888,0.0590556922958749,0.0681662217840656,0.0694647987477326,0.0688275975418737,0.0661873273803571,0.0701529793649958,0.0688275975418737,0.0694647987477326,0.0668460890039774,0.0695079612147711,0.0688275975418737,0.148472345176757,0.149171048407044,0.148346054763665,0.146950273986143,0.147710730406497,0.147710730406497,0.146190972397548,0.147710730406497,0.147710730406497,0.146950273986143,0.148472345176757,0.0142790608966349,0.0197207038264758,0.00477330594179,0.00531945872000444,0.00949254301526473,0.018504158214155,0.0215954727509932,0.0160984735938868,0.0203383235208656,0.0221819609822288,0.0191120610245999,0.031392047320401,0.0356884386404475,0.0258266190730928,0.0331915545502041,0.0313489701328145,0.0455965679023161,0.0344510646821731,0.0338146075903277,0.0325927518687153,0.028880904982322,0.0424978728258142,0.0432201069790299,0.0457646417327655,0.0451095845515717,0.0457646417327655,0.0419689347237125,0.0400430434161777,0.0457646417327655,0.0451272930167652,0.0451095845515717,0.043203610197863,0.043203610197863,0.0648724022306626,0.0694647987477326,0.0681420466535205,0.0674819805510591,0.0674588344087624,0.0648724022306626,0.0674819805510591,0.0655294325485971,0.0707910594722981,0.0591640663736669,0.0701274893682668,0.0112806011282945,0.0240125592832615,0.0160917517037933,0.0233696116718783,0,0.0221627111226885,0.0407039119110275,0.209067045713282,0.0325807383117741,0.0313607612746838,0.0332034033984723,0.0307396431823882,0.0338146075903277,0.0338029240694755,0.028880904982322,0.0313489701328145,0.0325807383117741,0.0426026483700144,0.0425698965515612,0.0426026483700144,0.0426026483700144,0.0426026483700144,0.0426026483700144,0.0432201069790299,0.0451272930167652,0.0425859914850323,0.0451272930167652,0.0419689347237125,0.0609682772789567,0.0616205930922891,0.058386413769919,0.0681662217840656,0.0675057197065087,0.0661873273803571,0.0661873273803571,0.0616205930922891,0.0622737610493169,0.061663260135429,0.0655294325485971,0.029495470378198,0.0160855639822683,0.0112806011282945,0.0209246190247824,0.00769805292425431,0.0406735605236917,0.0444907556933662,0.0406735605236917,0.0375288960699097,0.0400725986958431,0.0400725986958431,0.0438724903223946,0.0406735605236917,0.0419218530317837,0.0375418125128619,0.0419526791774359,0.0610100921784013,0.0571089020363088
"A_England_215_2011",0.0245346717157607,0.0245287150278517,0.0233389405407226,0.0142609287936333,0.0160703396946991,0.0154756813600601,0.0239234246958701,0.0257527058471717,0.0142609287936333,0.0142609287936333,0.0148633385050585,0.00294664379582899,0.00416101672848659,0.0124700463816743,0.0138023443565001,0.00412728538469912,0.00417342081499139,0.00412667431432238,0.0138522236803094,0.0239876792992582,0.00416526826341688,0.00294664379582899,0.0350418568830802,0.032573086181434,0.0331833648946945,0.0294612633388294,0.036892519585754,0.0350548580341116,0.0307097299875858,0.0300697835928841,0.0319760709723379,0.036892519585754,0.0331833648946945,0.0382297865398231,0.0394274212844016,0.0419602062536165,0.0388036301130796,0.0438457591205236,0.0444463600099901,0.0419602062536165,0.0369055846043208,0.0362794104460878,0.0450997745654497,0.0369055846043208,0.0571128523154479,0.0635656936887377,0.0635433973447964,0.0642214314876431,0.0602998427571301,0.0655354926907778,0.0642214314876431,0.0635433973447964,0.0609513086473382,0.0635826623203563,0.0642214314876431,0.155775663955416,0.156480195251781,0.155643410218033,0.154236016857385,0.155005247778338,0.155005247778338,0.155005247778338,0.155005247778338,0.155005247778338,0.154236016857385,0.155775663955416,0.0112739073882155,0.0166874931348823,0.018682603471627,0.0184865405144863,0.018497572311187,0.0154775711893647,0.0059147695960036,0.0130827486679642,0.00294664379582899,0.00590778089293673,0.0160821661844342,0.0270596653206896,0.032573086181434,0.0221494419346039,0.0288532922113727,0.0307330622526069,0.041177828550322,0.0301011588171575,0.0307097299875858,0.0282562770022766,0.0258011349736332,0.0380966158327494,0.0388036301130796,0.0413272947767015,0.0406791874220123,0.0413272947767015,0.0375611289458838,0.0381602904070336,0.0413272947767015,0.0406951834409315,0.0406791874220123,0.0413108994453983,0.0413108994453983,0.0602998427571301,0.0648548735065317,0.0635433973447964,0.0628889469895814,0.0628676662708173,0.0602998427571301,0.0628889469895814,0.0609513086473382,0.0661697986562261,0.0533345173874593,0.0655119038244662,0.0160703396946991,0.00650537768026096,0.0130767939569651,0.0059039273703815,0.0221627111226885,0,0.0363064231431709,0.207871802107321,0.0263974381782266,0.027032662689832,0.027012822871293,0.0301248184942243,0.0294713392616369,0.0294612633388294,0.0282672312182926,0.0251774495400716,0.027032662689832,0.0413108994453983,0.0394181527056573,0.0413108994453983,0.0413108994453983,0.0413108994453983,0.0413108994453983,0.0400638702257471,0.0406951834409315,0.0412950637527542,0.0406951834409315,0.0406791874220123,0.0577214953427932,0.0564269962378406,0.0564458002138957,0.0622567924176983,0.062910814747706,0.0616036244606706,0.0616036244606706,0.0564269962378406,0.0570738268584507,0.0584107115775886,0.0609513086473382,0.0338661897011181,0.0209051350213243,0.0148633385050585,0.0178863223204813,0.0166749346897687,0.0387888260020592,0.0400638702257471,0.0375325439341176,0.0344055793959679,0.035680248984938,0.035680248984938,0.0381896645409093,0.0375325439341176,0.0387745795243668,0.0319285217929503,0.0362926392739314,0.0564651838311053,0.0525966925800291
"A_Corsica_4076_15_2015",0.0399436536417841,0.0411885994881031,0.038735171027849,0.0325387446199435,0.0344055793959679,0.0338029240694755,0.0405714001147001,0.0424472533937921,0.0325387446199435,0.0325387446199435,0.033160248739742,0.0344434125518329,0.0359583363568235,0.0294713392616369,0.0310013094761971,0.0356668569644604,0.0360682841775798,0.0356540194952615,0.0311148212331758,0.0394181527056573,0.0360069902445434,0.0356941949426841,0.0209196353400727,0.0185002330418967,0.0191006520005447,0.0203179380552354,0.022735521446165,0.0209276942283659,0.0276105517872362,0.0209196353400727,0.0301011588171575,0.022735521446165,0.0191006520005447,0.0246169012834435,0.0245873714754201,0.0381602904070336,0.0350294097950456,0.0400332334300558,0.0406345566303681,0.0381602904070336,0.0239683596342355,0.0233556144595099,0.0412797883114788,0.0239683596342355,0.0444134865403729,0.0533143382533708,0.0532947329452822,0.0539594996332059,0.0513838339246411,0.0552523251757173,0.0539594996332059,0.0532947329452822,0.052026507534973,0.0533274242213046,0.0539594996332059,0.165679693625473,0.166392414889335,0.165535995080085,0.164112294222787,0.16489537973916,0.16489537973916,0.16489537973916,0.16489537973916,0.16489537973916,0.164112294222787,0.165679693625473,0.0282458691188897,0.027032662689832,0.0372892472502264,0.0362667372762831,0.036914853183065,0.027032662689832,0.0357519863321628,0.0301127147784897,0.0344434125518329,0.0350825200689946,0.0276495659142962,0.0264427620962254,0.0191081358523416,0.0221406371678486,0.0148682558127841,0.0313418542428503,0.0269606155830656,0.0160821661844342,0.0166809466199425,0.0142761892246311,0.0239512073558616,0.0233186799415405,0.0258216353883831,0.0282907762086745,0.0276606841059248,0.0282907762086745,0.0258111135628235,0.0251961073352235,0.0282907762086745,0.0276723469399764,0.0276606841059248,0.0270434000769043,0.0270434000769043,0.0501009595839242,0.0545850562420281,0.0532947329452822,0.0526508178530679,0.0526322013503293,0.0501009595839242,0.0539394783602181,0.050741985312752,0.0558787180245036,0.0432284377515709,0.0552314687431806,0.0344055793959679,0.0356941949426841,0.0276289658944255,0.0375325439341176,0.0407039119110275,0.0363064231431709,0,0.212879777676213,0.0166874931348823,0.0118652737195494,0.0172935538151469,0.0288743240525407,0.0154717561878017,0.0154664748869993,0.0276389929732561,0.015483919280433,0.0178863223204813,0.0375190860837878,0.0264268771874468,0.0375190860837878,0.0375190860837878,0.0375190860837878,0.0375190860837878,0.0282907762086745,0.0276723469399764,0.0375061854937873,0.0276723469399764,0.036892519585754,0.0462876358495296,0.0443828716411957,0.0437641828124346,0.0546054945551072,0.0526700082672968,0.0539594996332059,0.0539594996332059,0.0443828716411957,0.0450169871351933,0.0456841352547093,0.050741985312752,0.0498745244359358,0.0374938427860664,0.0344055793959679,0.0245726331271071,0.0350294097950456,0.0258111135628235,0.02705468163598,0.0233556144595099,0.0209121153996969,0.0239876792992582,0.0239876792992582,0.0264492227324428,0.0233556144595099,0.0245726331271071,0.023959512265485,0.024591622467952,0.0437793710463754,0.0399914741421466
"A_Pavia_07_2014",0.202163807393459,0.203748037121476,0.203986561697578,0.202163807393459,0.203003438153319,0.202304474324762,0.203844481244811,0.205432958682252,0.202163807393459,0.202163807393459,0.201325584229832,0.205432958682252,0.208869974948752,0.202068774417909,0.204294807859596,0.206927326423054,0.208750672705813,0.20767568030855,0.204306745365833,0.20956959660789,0.207505488060844,0.203748037121476,0.209738940949926,0.208270213535193,0.20900420115744,0.209835456544247,0.211404221423508,0.209835456544247,0.210189608759951,0.210570887897273,0.210378736564631,0.209738940949926,0.210668096203778,0.213584737812298,0.210467418912305,0.21102017373499,0.209360421173563,0.208042245251903,0.208440549232102,0.21102017373499,0.212676542780084,0.212976524820171,0.210484497343251,0.212141102737762,0.218137500047564,0.224831861843541,0.22558135302113,0.225684376969083,0.220449777789887,0.222283003307707,0.223980797808276,0.223879223717729,0.22143626305454,0.224034174539755,0.225684376969083,0.155361089610576,0.153138111862185,0.155197185861876,0.153823809383454,0.154591858689624,0.153823809383454,0.154591858689624,0.154591858689624,0.153056938067479,0.153823809383454,0.155361089610576,0.202387675570584,0.208106692169047,0.204582379851474,0.203921754702332,0.206321662254012,0.208106692169047,0.209212640368503,0.20085696010292,0.206370739190106,0.207285673922175,0.208929060775486,0.207918560376471,0.212127146941276,0.20956959660789,0.208719978731411,0.215142411927257,0.224782560535385,0.211375303668009,0.212127146941276,0.207222872476251,0.210121170948804,0.218584766316005,0.206830371569596,0.208522420561717,0.208424816480262,0.210220215062286,0.209469704782109,0.210971511289813,0.208522420561717,0.208522420561717,0.208424816480262,0.212676542780084,0.212676542780084,0.219587708610818,0.222084467626967,0.223808594183111,0.222075490194868,0.223980797808276,0.219587708610818,0.219565570611988,0.220449777789887,0.225090922809325,0.213787946905335,0.222926927809427,0.203003438153319,0.21052206114013,0.201325584229832,0.208719978731411,0.209067045713282,0.207871802107321,0.212879777676213,0,0.208819931836729,0.209670272177738,0.207971035198182,0.214387408435665,0.212127146941276,0.209469704782109,0.214387408435665,0.207222872476251,0.212025076613389,0.209732863937837,0.208171843333796,0.209732863937837,0.209732863937837,0.209732863937837,0.209732863937837,0.205144029330277,0.209370597185806,0.209637757090084,0.209370597185806,0.208886840047325,0.219487046105101,0.221416294031792,0.217868016459863,0.222178387981816,0.222178387981816,0.220449777789887,0.220449777789887,0.219689176597748,0.218827849942025,0.217968004502261,0.223912995098822,0.201469975985691,0.204138457408063,0.201349342551721,0.206179753115201,0.203426974796854,0.215491199022672,0.210570887897273,0.214651568262812,0.211307074187414,0.207536976473358,0.207536976473358,0.209198107569347,0.214651568262812,0.21623164620658,0.208718984003205,0.209932725457579,0.216046331234335,0.217968004502261
"A_Corsica_3490_05_2015",0.0337241608108187,0.0349578463454486,0.0325202745468161,0.0245411744380739,0.0263805388668051,0.0257821168795078,0.0343448933548511,0.0362024020595822,0.0245411744380739,0.0245411744380739,0.0251535443860218,0.0251774495400716,0.0266038831378884,0.0215077082960487,0.022941437708224,0.0263887154406714,0.0266845683832475,0.0263805388668051,0.0230248525457899,0.0313188506147611,0.0266371919952162,0.0264067064591752,0.0124700463816743,0.0100797366378584,0.010674386932695,0.00947749827020053,0.0142654829851098,0.0124751091671487,0.0215014382259178,0.0100719602499278,0.022735521446165,0.0142654829851098,0.010674386932695,0.0161047544928374,0.017296951612981,0.0294612633388294,0.0263805388668051,0.0313081743188332,0.0319080546306558,0.0294612633388294,0.0142705699997241,0.0136681602882989,0.0325387446199435,0.0142705699997241,0.0350061802854345,0.0437641828124346,0.0437495593335992,0.0443978964587364,0.0406076066718976,0.0456677384111167,0.0443978964587364,0.0424853361569199,0.041237329677051,0.0425111486968154,0.0443978964587364,0.160353181309109,0.161061419888673,0.160215158359378,0.158800385030032,0.159576180375742,0.159576180375742,0.159576180375742,0.159576180375742,0.159576180375742,0.158800385030032,0.160353181309109,0.0202964922194485,0.0184865405144863,0.0291413509010184,0.0282179296241419,0.0288517876903426,0.0184865405144863,0.0264482834604677,0.022132372259175,0.0251774495400716,0.027032662689832,0.0190937051306873,0.0178969935979541,0.0112787779798647,0.0124615122970103,0.00649976907681203,0.022735521446165,0.0184555694758559,0.00769349707673532,0.00828654882224453,0.00591049361246663,0.0166645170391607,0.016056612179891,0.0166809466199425,0.0191081358523416,0.0184931185114607,0.0191081358523416,0.0172802616402168,0.0154775711893647,0.0191081358523416,0.0185002330418967,0.0184931185114607,0.0185078834952102,0.0185078834952102,0.0406076066718976,0.0450169871351933,0.0431170481803059,0.0431170481803059,0.0431033899011342,0.0406076066718976,0.0443828716411957,0.041237329677051,0.0462876358495296,0.0344434125518329,0.0456519078554312,0.0263805388668051,0.0276389929732561,0.0196885894090035,0.0282266948103689,0.0325807383117741,0.0263974381782266,0.0166874931348823,0.208819931836729,0,0.00590778089293673,0.00294568692177208,0.0209121153996969,0.00709465314460642,0.00709228205930475,0.0190872958559222,0.00117673044326695,0.00649775166820949,0.0288344525135996,0.0178863223204813,0.0288344525135996,0.0288344525135996,0.0288344525135996,0.0288344525135996,0.0191081358523416,0.0185002330418967,0.0288258562715187,0.0185002330418967,0.0282179296241419,0.0368566676353488,0.0349851744959317,0.0343727340248163,0.0437641828124346,0.0431312713355196,0.0443978964587364,0.0443978964587364,0.0349851744959317,0.0356082275360553,0.0362546203847281,0.041237329677051,0.0427647834154899,0.0312884758648818,0.0263805388668051,0.0172643422356928,0.0269951670941699,0.0160821661844342,0.0178930684256957,0.0148737063816649,0.0124655138876742,0.0154775711893647,0.0154775711893647,0.0179003500061262,0.0148737063816649,0.0160759858685859,0.0130621129698273,0.0160759858685859,0.0343831272453109,0.0306610256894459
"A_Corsica_19_01_2015",0.0306454076360703,0.0318737601517022,0.0294441428115441,0.0233318246507584,0.0251689363317006,0.0245705334603685,0.0312630729400667,0.0331121508776512,0.0233318246507584,0.0233318246507584,0.0239434455221305,0.0251961073352235,0.0266210729728657,0.0203031019261084,0.021724674434382,0.0264067064591752,0.0267018637946125,0.0263974381782266,0.0218036306555766,0.0301011588171575,0.0266566250798705,0.0264268771874468,0.0100719602499278,0.00769024582968294,0.00828346785200808,0.00947749827020053,0.0118616322010582,0.0100755844659157,0.0202964922194485,0.0100719602499278,0.0215297635426874,0.0118616322010582,0.00828346785200808,0.0130897998377249,0.0148771041794989,0.0282458691188897,0.0251689363317006,0.0300901512218119,0.0306885955530591,0.0282458691188897,0.0130664754984825,0.0124655138876742,0.0313188506147611,0.0130664754984825,0.0343831272453109,0.0431312713355196,0.0431170481803059,0.0437641828124346,0.041237329677051,0.0450324143103888,0.0437641828124346,0.0431170481803059,0.0418678467845651,0.0431432600325854,0.0437641828124346,0.159576180375742,0.16028381475527,0.159439363013668,0.158025791536617,0.158800385030032,0.158800385030032,0.158800385030032,0.158800385030032,0.158800385030032,0.158025791536617,0.159576180375742,0.0190937051306873,0.017286640213091,0.0279140443958359,0.0270037216682713,0.0276360817843897,0.017286640213091,0.0264695937885802,0.0209276942283659,0.0251961073352235,0.02705468163598,0.0178930684256957,0.0166974452969419,0.00888356381854835,0.0124700463816743,0.00412728538469912,0.0215297635426874,0.0160444737849738,0.00531395659510863,0.00590559194212262,0.00353800992035371,0.0154664748869993,0.0136498686641171,0.0154717561878017,0.0178930684256957,0.0172802616402168,0.0178930684256957,0.0148737063816649,0.0142705699997241,0.0178930684256957,0.017286640213091,0.0172802616402168,0.0172935538151469,0.0172935538151469,0.0399786757713622,0.0443828716411957,0.0431170481803059,0.0424853361569199,0.0424720766859498,0.0399786757713622,0.0437495593335992,0.0406076066718976,0.0456519078554312,0.0344434125518329,0.0450169871351933,0.0251689363317006,0.0276606841059248,0.0184865405144863,0.0282458691188897,0.0313607612746838,0.027032662689832,0.0118652737195494,0.209670272177738,0.00590778089293673,0,0.00650231128403188,0.0197089245816467,0.00471935176530745,0.0047183903597125,0.0178863223204813,0.00472284459801292,0.00709228205930475,0.0276194852928947,0.0166749346897687,0.0276194852928947,0.0276194852928947,0.0276194852928947,0.0276194852928947,0.0178930684256957,0.017286640213091,0.0276105517872362,0.017286640213091,0.0270037216682713,0.0362320579351329,0.0343628968798293,0.033750843397381,0.0443978964587364,0.0424991599997495,0.0437641828124346,0.0437641828124346,0.0343628968798293,0.0349851744959317,0.0356300106845121,0.0406076066718976,0.0395761466972374,0.0282179296241419,0.0251689363317006,0.0160652282765924,0.0257828099508618,0.0148737063816649,0.0166809466199425,0.0124655138876742,0.0100688646015344,0.0142705699997241,0.0142705699997241,0.0166874931348823,0.0124655138876742,0.0136634359527075,0.0130621129698273,0.0148682558127841,0.0337608496292085,0.0300433603854495
"A_Corsica_4041_02_2015",0.0343448933548511,0.035579736972884,0.0331406220209334,0.0251535443860218,0.0269951670941699,0.0263963675710116,0.0349663974746497,0.035579736972884,0.0251535443860218,0.0251535443860218,0.0257666652476439,0.0257917002315752,0.0272238460195487,0.0221174644691792,0.0235587217372445,0.0270037216682713,0.0273064590106829,0.0269951670941699,0.0236444313115639,0.0319395831587936,0.0272583100875118,0.0270224700837985,0.0130713693645545,0.0106788978839127,0.0112739073882155,0.0100755844659157,0.0148682558127841,0.0130767939569651,0.0221108228229826,0.0106704043668509,0.023347142317537,0.0148682558127841,0.0112739073882155,0.0154994275423894,0.0179037478039603,0.0300796926075276,0.0269951670941699,0.0319285217929503,0.0325284021047731,0.0300796926075276,0.0148737063816649,0.0142705699997241,0.033160248739742,0.0148737063816649,0.0368800113355544,0.0456677384111167,0.0456519078554312,0.046303870812445,0.0424991599997495,0.0475785687622452,0.046303870812445,0.0443828716411957,0.0431312713355196,0.0444098851558023,0.046303870812445,0.159576180375742,0.16028381475527,0.159439363013668,0.158025791536617,0.158800385030032,0.158800385030032,0.158800385030032,0.158800385030032,0.158800385030032,0.158025791536617,0.159576180375742,0.0209051350213243,0.0190937051306873,0.0297655707074375,0.0288344525135996,0.029469452994339,0.0190937051306873,0.0270651866849319,0.0227436192790655,0.0257917002315752,0.0276495659142962,0.0197016079411322,0.018504158214155,0.0118793786526817,0.0130621129698273,0.00709465314460642,0.023347142317537,0.0190601644709254,0.00829015585875628,0.00888356381854835,0.00650537768026096,0.0172691120342303,0.0166601125549087,0.017286640213091,0.0197167786542175,0.0191006520005447,0.0197167786542175,0.0178863223204813,0.0160821661844342,0.0197167786542175,0.0191081358523416,0.0191006520005447,0.0191161560763123,0.0191161560763123,0.0424991599997495,0.0469241731729286,0.0450169871351933,0.0450169871351933,0.0450021263601211,0.0424991599997495,0.0462876358495296,0.0431312713355196,0.0481996840687313,0.0350684126332132,0.0475615218889289,0.0269951670941699,0.0282562770022766,0.0202964922194485,0.0288435980348331,0.0332034033984723,0.027012822871293,0.0172935538151469,0.207971035198182,0.00294568692177208,0.00650231128403188,0,0.0215218715728276,0.00769024582968294,0.00768752022484209,0.0196948293450063,0.00176600570298913,0.00709228205930475,0.02945173654262,0.0184931185114607,0.02945173654262,0.02945173654262,0.02945173654262,0.02945173654262,0.0197167786542175,0.0191081358523416,0.029442759495983,0.0191081358523416,0.0288344525135996,0.038735192074205,0.0368566676353488,0.0362430603952152,0.0456677384111167,0.0450324143103888,0.046303870812445,0.046303870812445,0.0368566676353488,0.0374820585861752,0.0381331448235842,0.0431312713355196,0.0434103612972998,0.0319080546306558,0.0269951670941699,0.0178693029870494,0.0276105517872362,0.0166874931348823,0.0185002330418967,0.0154775711893647,0.0118652737195494,0.0160821661844342,0.0160821661844342,0.0185078834952102,0.0154775711893647,0.0166809466199425,0.0136634359527075,0.0166809466199425,0.0362546203847281,0.0325186129653776
"A_Corsica_3521_06_2015",0.0343628968798293,0.034353616444064,0.0337917949345886,0.0251689363317006,0.0257828099508618,0.0257982811613565,0.0337413927600309,0.0355981721581975,0.0251689363317006,0.0251689363317006,0.0257828099508618,0.0282787311561889,0.0297324706920002,0.022132372259175,0.0223411973238395,0.0294931360127156,0.0298229725558626,0.0294819636915843,0.0224224426157516,0.0307211216988178,0.0297738421590849,0.029517121882138,0.0263974381782266,0.023959512265485,0.0245639525305872,0.0221174644691792,0.0294612633388294,0.0264067064591752,0.0203102507430081,0.0227209510255972,0.0215471650790581,0.0294612633388294,0.0245639525305872,0.0295246243858222,0.0313377295920433,0.0295048556125641,0.0264165196666995,0.0313541803449025,0.0319511955539987,0.0295048556125641,0.0282360081823523,0.0276194852928947,0.0338325194179523,0.0282360081823523,0.04625686882819,0.0564651838311053,0.0564458002138957,0.0571128523154479,0.0545271969087589,0.0584107115775886,0.0571128523154479,0.0564458002138957,0.055172358288594,0.0564804803642143,0.0571128523154479,0.158664769520254,0.159372018744717,0.158531989502029,0.157119173235417,0.157891374161104,0.157891374161104,0.157891374161104,0.157891374161104,0.157891374161104,0.157119173235417,0.158664769520254,0.0209196353400727,0.0203261632512821,0.0272913793091377,0.0263887154406714,0.028252985008854,0.0191081358523416,0.0295655789125408,0.0215381949147133,0.0282787311561889,0.0301506667599405,0.0197167786542175,0.0167045342741514,0.0264165196666995,0.0106788978839127,0.021514519618389,0.00769727335789911,0.0337163807790359,0.0215218715728276,0.023347142317537,0.0209196353400727,0.0154775711893647,0.031279454958144,0.0288635344228861,0.0313418542428503,0.0307097299875858,0.0313418542428503,0.0301127147784897,0.0294713392616369,0.0313418542428503,0.0307211216988178,0.0307097299875858,0.032573086181434,0.032573086181434,0.053239366190361,0.057741137725942,0.0564458002138957,0.0570930494952186,0.0570738268584507,0.053239366190361,0.0570930494952186,0.0538828669226847,0.0590398397547847,0.0482537516828343,0.0583900670837419,0.027012822871293,0.0307585874485508,0.0215297635426874,0.0313418542428503,0.0307396431823882,0.0301248184942243,0.0288743240525407,0.214387408435665,0.0209121153996969,0.0197089245816467,0.0215218715728276,0,0.0221246478210037,0.0221174644691792,0.00294812174864075,0.0197016079411322,0.0209121153996969,0.0288743240525407,0.0294713392616369,0.0288743240525407,0.0288743240525407,0.0288743240525407,0.0288743240525407,0.0301011588171575,0.0307211216988178,0.0288635344228861,0.0307211216988178,0.0282562770022766,0.049411073477112,0.0487729112973096,0.0456078201754774,0.0577613608369704,0.0558183532104952,0.0558183532104952,0.0558183532104952,0.0487729112973096,0.049411073477112,0.0488046450414901,0.055172358288594,0.042795732837748,0.0313081743188332,0.0263974381782266,0.0178801123018816,0.0263974381782266,0.0300901512218119,0.0301011588171575,0.0288532922113727,0.0257744647491678,0.0282562770022766,0.0282562770022766,0.0294931360127156,0.0288532922113727,0.0300796926075276,0.023959512265485,0.0276289658944255,0.0481664828616877,0.0443545203063581
"A_Corsica_3618_07_2015",0.0337163807790359,0.03494985432761,0.0325121393819822,0.0257594120709306,0.0276021659995187,0.0270033567496796,0.0343367282531531,0.0361936360635108,0.0257594120709306,0.0257594120709306,0.026372909080415,0.0276289658944255,0.0290790570879291,0.0227209510255972,0.0241683112582837,0.0288435980348331,0.0291674248618611,0.0288344525135996,0.0242562590283904,0.032549639885246,0.0291158757843105,0.0288635344228861,0.0112657532640288,0.00888012663402916,0.00947423154754098,0.0106704043668509,0.0130582823930087,0.0112695656129053,0.0227144796782755,0.0112657532640288,0.0239512073558616,0.0130582823930087,0.00947423154754098,0.0148898975476436,0.0160799110408443,0.0306885955530591,0.0276021659995187,0.0325387446199435,0.03313934550941,0.0306885955530591,0.0142654829851098,0.0136634359527075,0.033771410824504,0.0142654829851098,0.0362430603952152,0.0450169871351933,0.0450021263601211,0.0456519078554312,0.0431170481803059,0.0469241731729286,0.0456519078554312,0.0450021263601211,0.0437495593335992,0.0450295238040876,0.0456519078554312,0.161840236245515,0.162549792951219,0.161701215503378,0.16028381475527,0.161061419888673,0.161061419888673,0.161061419888673,0.161061419888673,0.161061419888673,0.16028381475527,0.161840236245515,0.0215077082960487,0.0196948293450063,0.0303804534675369,0.029442759495983,0.0300785120629802,0.0196948293450063,0.0289091123607788,0.023347142317537,0.0276289658944255,0.0294931360127156,0.0203031019261084,0.0191051058002711,0.0088875274949277,0.0148633385050585,0.0041284195844397,0.0239512073558616,0.0160458244403512,0.00531631647777729,0.00590778089293673,0.00472083671535559,0.0178693029870494,0.0136524597374703,0.0166749346897687,0.0191006520005447,0.0184865405144863,0.0191006520005447,0.0172744187087331,0.0154717561878017,0.0191006520005447,0.0184931185114607,0.0184865405144863,0.0185002330418967,0.0185002330418967,0.0418544212467089,0.0462719683125013,0.0450021263601211,0.0431033899011342,0.0430902971296787,0.0418544212467089,0.0456366442117736,0.0424853361569199,0.047545043475124,0.035680248984938,0.0469081007138297,0.0276021659995187,0.0301011588171575,0.0208986948224601,0.0306885955530591,0.0338146075903277,0.0294713392616369,0.0154717561878017,0.212127146941276,0.00709465314460642,0.00471935176530745,0.00769024582968294,0.0221246478210037,0,0.00471935176530745,0.0202964922194485,0.00590778089293673,0.00828091355867553,0.0300604247999793,0.0178801123018816,0.0300604247999793,0.0300604247999793,0.0300604247999793,0.0300604247999793,0.0191006520005447,0.0184931185114607,0.0300516168544428,0.0184931185114607,0.029442759495983,0.0380966158327494,0.0362216136354791,0.0356082275360553,0.0462876358495296,0.0443828716411957,0.0456519078554312,0.0456519078554312,0.0362216136354791,0.0368458334418983,0.0374938427860664,0.0424853361569199,0.0427501885961783,0.031279454958144,0.0276021659995187,0.0184700318810301,0.0282179296241419,0.0160759858685859,0.0178863223204813,0.0136634359527075,0.0112624709550038,0.0154717561878017,0.0154717561878017,0.0178930684256957,0.0136634359527075,0.0148633385050585,0.0142609287936333,0.0160703396946991,0.0356188405887961,0.0318897990651941
"A_Corsica_3500_18_2015",0.0337091589019172,0.0349424220685094,0.032504560808943,0.0257527058471717,0.0275943285553199,0.0269958882420147,0.0343291217835775,0.0361854307882403,0.0257527058471717,0.0257527058471717,0.0263658267087938,0.0276194852928947,0.0290703125847643,0.0227144796782755,0.0241604067448858,0.0288344525135996,0.0291586264775393,0.0288258562715187,0.0242482963394648,0.0325387446199435,0.0291060024029912,0.0288532922113727,0.0112624709550038,0.00887721655123708,0.00947149296536291,0.0106669507972495,0.0130549843858008,0.0112657532640288,0.0227085517389258,0.0112624709550038,0.0239434455221305,0.0130549843858008,0.00947149296536291,0.0148854983408618,0.0160747934944256,0.0306788540686775,0.0275943285553199,0.0325284021047731,0.0331297253050854,0.0306788540686775,0.0142609287936333,0.0136592440038169,0.0337608496292085,0.0142609287936333,0.0362320579351329,0.0443684127138192,0.0443545203063581,0.0450021263601211,0.0424720766859498,0.0462719683125013,0.0450021263601211,0.0443545203063581,0.0431033899011342,0.044381498681753,0.0450021263601211,0.160215158359378,0.160923610369975,0.160079978354593,0.158664769520254,0.159439363013668,0.159439363013668,0.159439363013668,0.159439363013668,0.159439363013668,0.158664769520254,0.160215158359378,0.0215014382259178,0.0196885894090035,0.0303708978796901,0.0294343328254222,0.0300696933787236,0.0196885894090035,0.0288982964667226,0.0233392121754172,0.0276194852928947,0.0294819636915843,0.0202964922194485,0.0190986888153969,0.00888356381854835,0.0148589550739003,0.00412728538469912,0.0239434455221305,0.0160444737849738,0.00531395659510863,0.00590559194212262,0.00471935176530745,0.017864704930582,0.0136498686641171,0.0166694579573765,0.0190937051306873,0.018480499664943,0.0190937051306873,0.0172691120342303,0.0154664748869993,0.0190937051306873,0.0184865405144863,0.018480499664943,0.0184931185114607,0.0184931185114607,0.0412118365732823,0.0456219481079521,0.0443545203063581,0.0437220091530647,0.0437090837164905,0.0412118365732823,0.0449878326139545,0.0418415595784357,0.0468925968222884,0.0356668569644604,0.04625686882819,0.0275943285553199,0.0300901512218119,0.0208927954240419,0.0306788540686775,0.0338029240694755,0.0294612633388294,0.0154664748869993,0.209469704782109,0.00709228205930475,0.0047183903597125,0.00768752022484209,0.0221174644691792,0.00471935176530745,0,0.020290422241358,0.00590559194212262,0.00827888655617594,0.0300516168544428,0.0178744389846784,0.0300516168544428,0.0300516168544428,0.0300516168544428,0.0300516168544428,0.0190937051306873,0.0184865405144863,0.0300433603854495,0.0184865405144863,0.0294343328254222,0.0380855591809955,0.0362117281308756,0.0355981721581975,0.0456366442117736,0.0437355012369042,0.0450021263601211,0.0450021263601211,0.0362117281308756,0.0368355585299533,0.0374820585861752,0.0418415595784357,0.0427361812575945,0.0312709871050192,0.0275943285553199,0.0184656061916429,0.0282097132483862,0.0160703396946991,0.0178801123018816,0.0136592440038169,0.011259719302584,0.0154664748869993,0.0154664748869993,0.0178863223204813,0.0136592440038169,0.0148589550739003,0.0142569080414981,0.0160652282765924,0.0356082275360553,0.0318815022087648
"A_Corsica_33_02_2015",0.0325006973343381,0.0324925721118772,0.0319272806546553,0.0233318246507584,0.0239434455221305,0.0239577882856428,0.0318815022087648,0.0337324983517684,0.0233318246507584,0.0233318246507584,0.0239434455221305,0.0264268771874468,0.0278633096366966,0.0203031019261084,0.0204939045821587,0.0276389929732561,0.0279479703585923,0.0276289658944255,0.020568299576292,0.0288635344228861,0.027901180794004,0.0276606841059248,0.0245558154700784,0.0221246478210037,0.0227279651555267,0.020290422241358,0.0276105517872362,0.0245639525305872,0.0184865405144863,0.0208927954240419,0.0197167786542175,0.0276105517872362,0.0227279651555267,0.0276693346875544,0.029478991391977,0.0276495659142962,0.0245726331271071,0.0294931360127156,0.0300901512218119,0.0276495659142962,0.0263887154406714,0.0257744647491678,0.0319633583626487,0.0263887154406714,0.0456219481079521,0.0545271969087589,0.0545090644159973,0.055172358288594,0.0525966925800291,0.0564651838311053,0.055172358288594,0.0545090644159973,0.053239366190361,0.0545424934418678,0.055172358288594,0.158664769520254,0.159372018744717,0.158531989502029,0.157119173235417,0.157891374161104,0.157891374161104,0.157891374161104,0.157891374161104,0.157891374161104,0.157119173235417,0.158664769520254,0.0190937051306873,0.0185002330418967,0.0254280231152895,0.0245482225649578,0.0264045540681908,0.017286640213091,0.0277056883612748,0.0197089245816467,0.0264268771874468,0.0282907762086745,0.0178930684256957,0.0148885516483692,0.0245726331271071,0.00888356381854835,0.0196885894090035,0.00591049361246663,0.0318599430028227,0.0196948293450063,0.021514519618389,0.0190937051306873,0.0136681602882989,0.0294264571609853,0.027012822871293,0.0294819636915843,0.0288532922113727,0.0294819636915843,0.0282562770022766,0.0276194852928947,0.0294819636915843,0.0288635344228861,0.0288532922113727,0.0307097299875858,0.0307097299875858,0.0513138182393123,0.0557993877127431,0.0545090644159973,0.0551538098309332,0.0551358399361042,0.0513138182393123,0.0551538098309332,0.0519548439681401,0.0570930494952186,0.0463380405270563,0.0564458002138957,0.0251689363317006,0.0288975431163639,0.0197016079411322,0.0294819636915843,0.028880904982322,0.0282672312182926,0.0276389929732561,0.214387408435665,0.0190872958559222,0.0178863223204813,0.0196948293450063,0.00294812174864075,0.0202964922194485,0.020290422241358,0,0.0178801123018816,0.0190872958559222,0.0270224700837985,0.0276194852928947,0.0270224700837985,0.0270224700837985,0.0270224700837985,0.0270224700837985,0.0282458691188897,0.0288635344228861,0.027012822871293,0.0288635344228861,0.0264067064591752,0.0487729112973096,0.046863297263812,0.0449741065291755,0.0558183532104952,0.0538828669226847,0.0538828669226847,0.0538828669226847,0.046863297263812,0.0474990252579103,0.0481664828616877,0.053239366190361,0.0408614944487878,0.02945173654262,0.0245558154700784,0.0160652282765924,0.0245558154700784,0.0282360081823523,0.0282458691188897,0.0270037216682713,0.0239362273845134,0.0264067064591752,0.0264067064591752,0.0276389929732561,0.0270037216682713,0.0282266948103689,0.0221246478210037,0.0257828099508618,0.04625686882819,0.0424593822194676
"A_Corsica_3975_10_2015",0.0324925721118772,0.0337241608108187,0.031289807655063,0.0233249803646228,0.0251609677396833,0.0245629313600426,0.0331121508776512,0.0349663974746497,0.0233249803646228,0.0233249803646228,0.0239362273845134,0.023959512265485,0.0253738095733117,0.0202964922194485,0.0217166378788419,0.0251689363317006,0.0254506999704741,0.0251609677396833,0.0217955351511127,0.0300901512218119,0.0254059356525551,0.0251865067462683,0.0112739073882155,0.0088875274949277,0.00948129252093516,0.00828654882224453,0.0130664754984825,0.0112787779798647,0.020290422241358,0.00888012663402916,0.0215218715728276,0.0130664754984825,0.00948129252093516,0.0149003027212011,0.0160917517037933,0.0282360081823523,0.0251609677396833,0.0300796926075276,0.0306788540686775,0.0282360081823523,0.0130713693645545,0.0124700463816743,0.0313081743188332,0.0130713693645545,0.0350175173884838,0.0437793710463754,0.0437641828124346,0.0444134865403729,0.0406208008457446,0.0456841352547093,0.0444134865403729,0.0424991599997495,0.0412509206518886,0.0425249896331298,0.0444134865403729,0.158869254644044,0.159576180375742,0.158732223130012,0.157320066727709,0.158094060690317,0.158094060690317,0.158094060690317,0.158094060690317,0.158094060690317,0.157320066727709,0.158869254644044,0.0190872958559222,0.0172802616402168,0.0279043651120493,0.0269951670941699,0.0276271374232348,0.0172802616402168,0.0252263796026449,0.0209196353400727,0.023959512265485,0.0258111135628235,0.0178863223204813,0.0166908909327164,0.0100844161574222,0.0112657532640288,0.00531395659510863,0.0215218715728276,0.0172506443004278,0.00650537768026096,0.00709754944956927,0.00472537480469985,0.0154617279015748,0.014855106138095,0.0154775711893647,0.0179003500061262,0.017286640213091,0.0179003500061262,0.0160759858685859,0.0142761892246311,0.0179003500061262,0.0172935538151469,0.017286640213091,0.0173010018375428,0.0173010018375428,0.0406208008457446,0.0450324143103888,0.0431312713355196,0.0431312713355196,0.0431170481803059,0.0406208008457446,0.0443978964587364,0.0412509206518886,0.046303870812445,0.0344571291181683,0.0456677384111167,0.0251609677396833,0.0264165196666995,0.018480499664943,0.0270037216682713,0.0313489701328145,0.0251774495400716,0.015483919280433,0.207222872476251,0.00117673044326695,0.00472284459801292,0.00176600570298913,0.0197016079411322,0.00590778089293673,0.00590559194212262,0.0178801123018816,0,0.00531212006235829,0.0276105517872362,0.0166809466199425,0.0276105517872362,0.0276105517872362,0.0276105517872362,0.0276105517872362,0.0179003500061262,0.0172935538151469,0.0276021659995187,0.0172935538151469,0.0269951670941699,0.0368680604765955,0.0349953991115145,0.0343831272453109,0.0437793710463754,0.0431460587387789,0.0444134865403729,0.0444134865403729,0.0349953991115145,0.0356188405887961,0.0362667372762831,0.0412509206518886,0.0414904736839926,0.0300604247999793,0.0251609677396833,0.0160606522314609,0.0257744647491678,0.0148796895996488,0.0166874931348823,0.0136734163969568,0.0112695656129053,0.0142761892246311,0.0142761892246311,0.0166945736249381,0.0136734163969568,0.0148737063816649,0.0118652737195494,0.0148737063816649,0.0343940759112021,0.0306696639047069
"A_Corsica_23_01_2015",0.0337241608108187,0.0349578463454486,0.0325202745468161,0.0245411744380739,0.0263805388668051,0.0257821168795078,0.0343448933548511,0.0362024020595822,0.0245411744380739,0.0245411744380739,0.0251535443860218,0.0264067064591752,0.0278445785635811,0.0215077082960487,0.022941437708224,0.0276194852928947,0.0279291240973811,0.0276105517872362,0.0230248525457899,0.0313188506147611,0.027880200714947,0.0276389929732561,0.0136634359527075,0.0112695656129053,0.0118652737195494,0.0106669507972495,0.0154617279015748,0.0136681602882989,0.0221108228229826,0.0112624709550038,0.023347142317537,0.0154617279015748,0.0118652737195494,0.0173053457743438,0.018497572311187,0.0300796926075276,0.0269951670941699,0.0319285217929503,0.0325284021047731,0.0300796926075276,0.0154664748869993,0.0148633385050585,0.033160248739742,0.0154664748869993,0.0374820585861752,0.0450021263601211,0.0449878326139545,0.0456366442117736,0.0431033899011342,0.0469081007138297,0.0456366442117736,0.0449878326139545,0.0437355012369042,0.0450152123280547,0.0456366442117736,0.162549792951219,0.163260063219671,0.162410984907499,0.160992159292745,0.161770369566574,0.161770369566574,0.161770369566574,0.161770369566574,0.161770369566574,0.160992159292745,0.162549792951219,0.0202964922194485,0.0184865405144863,0.0291413509010184,0.0282179296241419,0.0288517876903426,0.0184865405144863,0.0276828519889283,0.022132372259175,0.0264067064591752,0.0282672312182926,0.0190937051306873,0.018497572311187,0.0124700463816743,0.0130621129698273,0.00768532087359899,0.022735521446165,0.0196600447827482,0.00888012663402916,0.00947423154754098,0.00709465314460642,0.0172691120342303,0.017256415759502,0.0178801123018816,0.0203102507430081,0.0196948293450063,0.0203102507430081,0.018480499664943,0.0166749346897687,0.0203102507430081,0.0197016079411322,0.0196948293450063,0.0197089245816467,0.0197089245816467,0.0418415595784357,0.04625686882819,0.0449878326139545,0.0443545203063581,0.0443411950522606,0.0418415595784357,0.0456219481079521,0.0424720766859498,0.0475291341456874,0.0369192057719651,0.0468925968222884,0.0263805388668051,0.0288743240525407,0.0196885894090035,0.0294612633388294,0.0325807383117741,0.027032662689832,0.0178863223204813,0.212025076613389,0.00649775166820949,0.00709228205930475,0.00709228205930475,0.0209121153996969,0.00828091355867553,0.00827888655617594,0.0190872958559222,0.00531212006235829,0,0.02945173654262,0.0190872958559222,0.02945173654262,0.02945173654262,0.02945173654262,0.02945173654262,0.0203102507430081,0.0197016079411322,0.029442759495983,0.0197016079411322,0.0288344525135996,0.0380855591809955,0.0374601682301692,0.0368458334418983,0.0462719683125013,0.0443684127138192,0.0456366442117736,0.0456366442117736,0.0374601682301692,0.0380855591809955,0.038735192074205,0.0424720766859498,0.0427647834154899,0.0312884758648818,0.0263805388668051,0.0172643422356928,0.0269951670941699,0.0172802616402168,0.0190937051306873,0.0160703396946991,0.0136592440038169,0.0166749346897687,0.0166749346897687,0.0191006520005447,0.0160703396946991,0.0172744187087331,0.0142569080414981,0.0172744187087331,0.0368566676353488,0.0331206602159983
"A_Germany_9357_2019",0.0443284375886866,0.0455812713692073,0.0431295848492002,0.0356300106845121,0.0375061854937873,0.0362765472624051,0.04496094874198,0.0455812713692073,0.0356300106845121,0.0356300106845121,0.0362546203847281,0.039433353118233,0.0409972447750006,0.032549639885246,0.0347451599218448,0.0406637505375698,0.0411231153176283,0.0406488734012677,0.0348727439695859,0.0413108994453983,0.0398117010572388,0.0406951834409315,0.033160248739742,0.0306988877331008,0.0313081743188332,0.0313081743188332,0.0362546203847281,0.0331715305126813,0.022735521446165,0.0319180120759111,0.0215471650790581,0.0350061802854345,0.0313081743188332,0.0357316804668954,0.0387843895104888,0.00769727335789911,0.00353800992035371,0.00472537480469985,0.00531395659510863,0.00769727335789911,0.035641737194903,0.0350175173884838,0.00710097036533759,0.035641737194903,0.0532220624184109,0.0635433973447964,0.063521688600825,0.0641987054333566,0.0615826105182055,0.0655119038244662,0.0641987054333566,0.063521688600825,0.0622353521252707,0.0635609260689273,0.0641987054333566,0.167748116193529,0.168463102914998,0.167606485436707,0.166178256191195,0.166962570077508,0.166962570077508,0.166962570077508,0.166962570077508,0.166962570077508,0.166178256191195,0.167748116193529,0.0319395831587936,0.0301011588171575,0.0391928028489085,0.038146438738236,0.0387980945808035,0.0301011588171575,0.0394970741513046,0.0338191927454138,0.039433353118233,0.0400800259608624,0.0307211216988178,0.019728567347735,0.0344055793959679,0.0203102507430081,0.0282266948103689,0.0307211216988178,0.0417762665693494,0.02945173654262,0.0312980491942508,0.0288435980348331,0.0191006520005447,0.0393166943119872,0.0369055846043208,0.0394181527056573,0.0387745795243668,0.0394181527056573,0.0369192057719651,0.036892519585754,0.0394181527056573,0.0375325439341176,0.0387745795243668,0.0375190860837878,0.0375190860837878,0.0602796781848146,0.0648323053407621,0.063521688600825,0.0616036244606706,0.0615826105182055,0.0602796781848146,0.0641765675418568,0.0609307199434638,0.0661463665438969,0.0539594996332059,0.0654889042532423,0.0375061854937873,0.0419602062536165,0.0313188506147611,0.0425440114881581,0.0426026483700144,0.0413108994453983,0.0375190860837878,0.209732863937837,0.0288344525135996,0.0276194852928947,0.02945173654262,0.0288743240525407,0.0300604247999793,0.0300516168544428,0.0270224700837985,0.0276105517872362,0.02945173654262,0,0.0350418568830802,0,0.00117716358081774,0,0,0.0394181527056573,0.0387888260020592,0.00117673044326695,0.0387888260020592,0.000588235361964851,0.0557631946542927,0.0544745341471425,0.0525634869954853,0.0648548735065317,0.0628889469895814,0.0628889469895814,0.0628889469895814,0.0544745341471425,0.0551184492393569,0.0545090644159973,0.0609307199434638,0.052456829045523,0.0418678467845651,0.0356300106845121,0.0288435980348331,0.0369055846043208,0.0375190860837878,0.0381602904070336,0.0350175173884838,0.033771410824504,0.0350418568830802,0.0350418568830802,0.0362926392739314,0.0350175173884838,0.0375061854937873,0.0312980491942508,0.0344055793959679,0.053865149323783,0.0500189765122052
"A_Germany_9344_2019",0.0443284375886866,0.0443162485565222,0.0419072836689144,0.0356300106845121,0.0375061854937873,0.036902329571876,0.04496094874198,0.0468495028671616,0.0356300106845121,0.0356300106845121,0.0362546203847281,0.0375465584264133,0.0390924805666667,0.0319285217929503,0.0328583652300251,0.0387745795243668,0.038576960865772,0.0387608912965002,0.0323490793059638,0.0425440114881581,0.0379057267035302,0.0388036301130796,0.0100719602499278,0.0100719602499278,0.0106669507972495,0.0203179380552354,0.0118694457088573,0.0100755844659157,0.0288258562715187,0.0209196353400727,0.0306988877331008,0.0118694457088573,0.00828346785200808,0.0233891535824555,0.0148885516483692,0.035680248984938,0.0325610872785921,0.0375465584264133,0.038146438738236,0.035680248984938,0.0215218715728276,0.0209121153996969,0.0388189912445073,0.0215218715728276,0.0263658267087938,0.0349953991115145,0.0349851744959317,0.0356188405887961,0.0343727340248163,0.0368680604765955,0.0356188405887961,0.0349851744959317,0.033750843397381,0.0350062958273624,0.0356188405887961,0.165188912782957,0.165900620518911,0.165040715641837,0.163619052780623,0.164403366666937,0.164403366666937,0.164403366666937,0.164403366666937,0.164403366666937,0.163619052780623,0.165188912782957,0.0313188506147611,0.0288635344228861,0.0391642751625835,0.0381204092841001,0.0400291062920428,0.0288635344228861,0.0388661592410936,0.0319511955539987,0.0375465584264133,0.0394491110506513,0.0294819636915843,0.0264225669119119,0.0209196353400727,0.0221246478210037,0.0160759858685859,0.0313188506147611,0.0294061425583366,0.0172802616402168,0.0178801123018816,0.0154717561878017,0.0239362273845134,0.0257527058471717,0.00768532087359899,0.0100719602499278,0.00947149296536291,0.0112695656129053,0.00888012663402916,0.0227436192790655,0.0100719602499278,0.00947423154754098,0.00947149296536291,0.0245818566437198,0.0245818566437198,0.0318897990651941,0.0349851744959317,0.0349851744959317,0.0343628968798293,0.034353616444064,0.0318897990651941,0.0356082275360553,0.0325093778309681,0.0362320579351329,0.0270037216682713,0.0356082275360553,0.0375061854937873,0.0400638702257471,0.0306988877331008,0.0406488734012677,0.0425698965515612,0.0394181527056573,0.0264268771874468,0.208171843333796,0.0178863223204813,0.0166749346897687,0.0184931185114607,0.0294713392616369,0.0178801123018816,0.0178744389846784,0.0276194852928947,0.0166809466199425,0.0190872958559222,0.0350418568830802,0,0.0350418568830802,0.0350418568830802,0.0350418568830802,0.0350418568830802,0.0100719602499278,0.00947423154754098,0.0350294097950456,0.00947423154754098,0.0344176370766611,0.0281949294447864,0.0263533067366382,0.0257465472080277,0.0362430603952152,0.0331297253050854,0.0343727340248163,0.0343727340248163,0.0263533067366382,0.0269664275982604,0.0275943285553199,0.0325093778309681,0.0537708902486577,0.0424991599997495,0.0375061854937873,0.0282266948103689,0.0381331448235842,0.0233556144595099,0.00887721655123708,0.022132372259175,0.0196948293450063,0.00472083671535559,0.00472083671535559,0.00590778089293673,0.022132372259175,0.023347142317537,0.0221406371678486,0.00412728538469912,0.0257527058471717,0.0220896858011352
"A_Germany_9215_2019",0.0443284375886866,0.0455812713692073,0.0431295848492002,0.0356300106845121,0.0375061854937873,0.0362765472624051,0.04496094874198,0.0455812713692073,0.0356300106845121,0.0356300106845121,0.0362546203847281,0.039433353118233,0.0409972447750006,0.032549639885246,0.0347451599218448,0.0406637505375698,0.0411231153176283,0.0406488734012677,0.0348727439695859,0.0413108994453983,0.0398117010572388,0.0406951834409315,0.033160248739742,0.0306988877331008,0.0313081743188332,0.0313081743188332,0.0362546203847281,0.0331715305126813,0.022735521446165,0.0319180120759111,0.0215471650790581,0.0350061802854345,0.0313081743188332,0.0357316804668954,0.0387843895104888,0.00769727335789911,0.00353800992035371,0.00472537480469985,0.00531395659510863,0.00769727335789911,0.035641737194903,0.0350175173884838,0.00710097036533759,0.035641737194903,0.0532220624184109,0.0635433973447964,0.063521688600825,0.0641987054333566,0.0615826105182055,0.0655119038244662,0.0641987054333566,0.063521688600825,0.0622353521252707,0.0635609260689273,0.0641987054333566,0.167748116193529,0.168463102914998,0.167606485436707,0.166178256191195,0.166962570077508,0.166962570077508,0.166962570077508,0.166962570077508,0.166962570077508,0.166178256191195,0.167748116193529,0.0319395831587936,0.0301011588171575,0.0391928028489085,0.038146438738236,0.0387980945808035,0.0301011588171575,0.0394970741513046,0.0338191927454138,0.039433353118233,0.0400800259608624,0.0307211216988178,0.019728567347735,0.0344055793959679,0.0203102507430081,0.0282266948103689,0.0307211216988178,0.0417762665693494,0.02945173654262,0.0312980491942508,0.0288435980348331,0.0191006520005447,0.0393166943119872,0.0369055846043208,0.0394181527056573,0.0387745795243668,0.0394181527056573,0.0369192057719651,0.036892519585754,0.0394181527056573,0.0375325439341176,0.0387745795243668,0.0375190860837878,0.0375190860837878,0.0602796781848146,0.0648323053407621,0.063521688600825,0.0616036244606706,0.0615826105182055,0.0602796781848146,0.0641765675418568,0.0609307199434638,0.0661463665438969,0.0539594996332059,0.0654889042532423,0.0375061854937873,0.0419602062536165,0.0313188506147611,0.0425440114881581,0.0426026483700144,0.0413108994453983,0.0375190860837878,0.209732863937837,0.0288344525135996,0.0276194852928947,0.02945173654262,0.0288743240525407,0.0300604247999793,0.0300516168544428,0.0270224700837985,0.0276105517872362,0.02945173654262,0,0.0350418568830802,0,0.00117716358081774,0,0,0.0394181527056573,0.0387888260020592,0.00117673044326695,0.0387888260020592,0.000588235361964851,0.0557631946542927,0.0544745341471425,0.0525634869954853,0.0648548735065317,0.0628889469895814,0.0628889469895814,0.0628889469895814,0.0544745341471425,0.0551184492393569,0.0545090644159973,0.0609307199434638,0.052456829045523,0.0418678467845651,0.0356300106845121,0.0288435980348331,0.0369055846043208,0.0375190860837878,0.0381602904070336,0.0350175173884838,0.033771410824504,0.0350418568830802,0.0350418568830802,0.0362926392739314,0.0350175173884838,0.0375061854937873,0.0312980491942508,0.0344055793959679,0.053865149323783,0.0500189765122052
"A_Germany_9674_2019",0.0443284375886866,0.0455812713692073,0.0431295848492002,0.0356300106845121,0.0375061854937873,0.0362765472624051,0.04496094874198,0.0455812713692073,0.0356300106845121,0.0356300106845121,0.0362546203847281,0.039433353118233,0.0409972447750006,0.032549639885246,0.0347451599218448,0.0406637505375698,0.0411231153176283,0.0406488734012677,0.0348727439695859,0.0413108994453983,0.0398117010572388,0.0406951834409315,0.033160248739742,0.0306988877331008,0.0313081743188332,0.0313081743188332,0.0362546203847281,0.0331715305126813,0.022735521446165,0.0319180120759111,0.0215471650790581,0.0350061802854345,0.0313081743188332,0.0357316804668954,0.0387843895104888,0.00769727335789911,0.00353800992035371,0.00472537480469985,0.00531395659510863,0.00769727335789911,0.035641737194903,0.0350175173884838,0.00710097036533759,0.035641737194903,0.0532220624184109,0.0635433973447964,0.063521688600825,0.0641987054333566,0.0615826105182055,0.0655119038244662,0.0641987054333566,0.063521688600825,0.0622353521252707,0.0635609260689273,0.0641987054333566,0.167748116193529,0.168463102914998,0.167606485436707,0.166178256191195,0.166962570077508,0.166962570077508,0.166962570077508,0.166962570077508,0.166962570077508,0.166178256191195,0.167748116193529,0.0319395831587936,0.0301011588171575,0.0391928028489085,0.038146438738236,0.0387980945808035,0.0301011588171575,0.0394970741513046,0.0338191927454138,0.039433353118233,0.0400800259608624,0.0307211216988178,0.019728567347735,0.0344055793959679,0.0203102507430081,0.0282266948103689,0.0307211216988178,0.0417762665693494,0.02945173654262,0.0312980491942508,0.0288435980348331,0.0191006520005447,0.0393166943119872,0.0369055846043208,0.0394181527056573,0.0387745795243668,0.0394181527056573,0.0369192057719651,0.036892519585754,0.0394181527056573,0.0375325439341176,0.0387745795243668,0.0375190860837878,0.0375190860837878,0.0602796781848146,0.0648323053407621,0.063521688600825,0.0616036244606706,0.0615826105182055,0.0602796781848146,0.0641765675418568,0.0609307199434638,0.0661463665438969,0.0539594996332059,0.0654889042532423,0.0375061854937873,0.0419602062536165,0.0313188506147611,0.0425440114881581,0.0426026483700144,0.0413108994453983,0.0375190860837878,0.209732863937837,0.0288344525135996,0.0276194852928947,0.02945173654262,0.0288743240525407,0.0300604247999793,0.0300516168544428,0.0270224700837985,0.0276105517872362,0.02945173654262,0.00117716358081774,0.0350418568830802,0.00117716358081774,0,0.00117716358081774,0.00117716358081774,0.0394181527056573,0.0387888260020592,0.00117673044326695,0.0387888260020592,0.000588235361964851,0.0557631946542927,0.0544745341471425,0.0525634869954853,0.0648548735065317,0.0628889469895814,0.0628889469895814,0.0628889469895814,0.0544745341471425,0.0551184492393569,0.0545090644159973,0.0609307199434638,0.052456829045523,0.0418678467845651,0.0356300106845121,0.0288435980348331,0.0369055846043208,0.0375190860837878,0.0381602904070336,0.0350175173884838,0.033771410824504,0.0350418568830802,0.0350418568830802,0.0362926392739314,0.0350175173884838,0.0375061854937873,0.0312980491942508,0.0344055793959679,0.053865149323783,0.0500189765122052
"A_Germany_9050_2019",0.0443284375886866,0.0455812713692073,0.0431295848492002,0.0356300106845121,0.0375061854937873,0.0362765472624051,0.04496094874198,0.0455812713692073,0.0356300106845121,0.0356300106845121,0.0362546203847281,0.039433353118233,0.0409972447750006,0.032549639885246,0.0347451599218448,0.0406637505375698,0.0411231153176283,0.0406488734012677,0.0348727439695859,0.0413108994453983,0.0398117010572388,0.0406951834409315,0.033160248739742,0.0306988877331008,0.0313081743188332,0.0313081743188332,0.0362546203847281,0.0331715305126813,0.022735521446165,0.0319180120759111,0.0215471650790581,0.0350061802854345,0.0313081743188332,0.0357316804668954,0.0387843895104888,0.00769727335789911,0.00353800992035371,0.00472537480469985,0.00531395659510863,0.00769727335789911,0.035641737194903,0.0350175173884838,0.00710097036533759,0.035641737194903,0.0532220624184109,0.0635433973447964,0.063521688600825,0.0641987054333566,0.0615826105182055,0.0655119038244662,0.0641987054333566,0.063521688600825,0.0622353521252707,0.0635609260689273,0.0641987054333566,0.167748116193529,0.168463102914998,0.167606485436707,0.166178256191195,0.166962570077508,0.166962570077508,0.166962570077508,0.166962570077508,0.166962570077508,0.166178256191195,0.167748116193529,0.0319395831587936,0.0301011588171575,0.0391928028489085,0.038146438738236,0.0387980945808035,0.0301011588171575,0.0394970741513046,0.0338191927454138,0.039433353118233,0.0400800259608624,0.0307211216988178,0.019728567347735,0.0344055793959679,0.0203102507430081,0.0282266948103689,0.0307211216988178,0.0417762665693494,0.02945173654262,0.0312980491942508,0.0288435980348331,0.0191006520005447,0.0393166943119872,0.0369055846043208,0.0394181527056573,0.0387745795243668,0.0394181527056573,0.0369192057719651,0.036892519585754,0.0394181527056573,0.0375325439341176,0.0387745795243668,0.0375190860837878,0.0375190860837878,0.0602796781848146,0.0648323053407621,0.063521688600825,0.0616036244606706,0.0615826105182055,0.0602796781848146,0.0641765675418568,0.0609307199434638,0.0661463665438969,0.0539594996332059,0.0654889042532423,0.0375061854937873,0.0419602062536165,0.0313188506147611,0.0425440114881581,0.0426026483700144,0.0413108994453983,0.0375190860837878,0.209732863937837,0.0288344525135996,0.0276194852928947,0.02945173654262,0.0288743240525407,0.0300604247999793,0.0300516168544428,0.0270224700837985,0.0276105517872362,0.02945173654262,0,0.0350418568830802,0,0.00117716358081774,0,0,0.0394181527056573,0.0387888260020592,0.00117673044326695,0.0387888260020592,0.000588235361964851,0.0557631946542927,0.0544745341471425,0.0525634869954853,0.0648548735065317,0.0628889469895814,0.0628889469895814,0.0628889469895814,0.0544745341471425,0.0551184492393569,0.0545090644159973,0.0609307199434638,0.052456829045523,0.0418678467845651,0.0356300106845121,0.0288435980348331,0.0369055846043208,0.0375190860837878,0.0381602904070336,0.0350175173884838,0.033771410824504,0.0350418568830802,0.0350418568830802,0.0362926392739314,0.0350175173884838,0.0375061854937873,0.0312980491942508,0.0344055793959679,0.053865149323783,0.0500189765122052
"A_Germany_9485_2019",0.0443284375886866,0.0455812713692073,0.0431295848492002,0.0356300106845121,0.0375061854937873,0.0362765472624051,0.04496094874198,0.0455812713692073,0.0356300106845121,0.0356300106845121,0.0362546203847281,0.039433353118233,0.0409972447750006,0.032549639885246,0.0347451599218448,0.0406637505375698,0.0411231153176283,0.0406488734012677,0.0348727439695859,0.0413108994453983,0.0398117010572388,0.0406951834409315,0.033160248739742,0.0306988877331008,0.0313081743188332,0.0313081743188332,0.0362546203847281,0.0331715305126813,0.022735521446165,0.0319180120759111,0.0215471650790581,0.0350061802854345,0.0313081743188332,0.0357316804668954,0.0387843895104888,0.00769727335789911,0.00353800992035371,0.00472537480469985,0.00531395659510863,0.00769727335789911,0.035641737194903,0.0350175173884838,0.00710097036533759,0.035641737194903,0.0532220624184109,0.0635433973447964,0.063521688600825,0.0641987054333566,0.0615826105182055,0.0655119038244662,0.0641987054333566,0.063521688600825,0.0622353521252707,0.0635609260689273,0.0641987054333566,0.167748116193529,0.168463102914998,0.167606485436707,0.166178256191195,0.166962570077508,0.166962570077508,0.166962570077508,0.166962570077508,0.166962570077508,0.166178256191195,0.167748116193529,0.0319395831587936,0.0301011588171575,0.0391928028489085,0.038146438738236,0.0387980945808035,0.0301011588171575,0.0394970741513046,0.0338191927454138,0.039433353118233,0.0400800259608624,0.0307211216988178,0.019728567347735,0.0344055793959679,0.0203102507430081,0.0282266948103689,0.0307211216988178,0.0417762665693494,0.02945173654262,0.0312980491942508,0.0288435980348331,0.0191006520005447,0.0393166943119872,0.0369055846043208,0.0394181527056573,0.0387745795243668,0.0394181527056573,0.0369192057719651,0.036892519585754,0.0394181527056573,0.0375325439341176,0.0387745795243668,0.0375190860837878,0.0375190860837878,0.0602796781848146,0.0648323053407621,0.063521688600825,0.0616036244606706,0.0615826105182055,0.0602796781848146,0.0641765675418568,0.0609307199434638,0.0661463665438969,0.0539594996332059,0.0654889042532423,0.0375061854937873,0.0419602062536165,0.0313188506147611,0.0425440114881581,0.0426026483700144,0.0413108994453983,0.0375190860837878,0.209732863937837,0.0288344525135996,0.0276194852928947,0.02945173654262,0.0288743240525407,0.0300604247999793,0.0300516168544428,0.0270224700837985,0.0276105517872362,0.02945173654262,0,0.0350418568830802,0,0.00117716358081774,0,0,0.0394181527056573,0.0387888260020592,0.00117673044326695,0.0387888260020592,0.000588235361964851,0.0557631946542927,0.0544745341471425,0.0525634869954853,0.0648548735065317,0.0628889469895814,0.0628889469895814,0.0628889469895814,0.0544745341471425,0.0551184492393569,0.0545090644159973,0.0609307199434638,0.052456829045523,0.0418678467845651,0.0356300106845121,0.0288435980348331,0.0369055846043208,0.0375190860837878,0.0381602904070336,0.0350175173884838,0.033771410824504,0.0350418568830802,0.0350418568830802,0.0362926392739314,0.0350175173884838,0.0375061854937873,0.0312980491942508,0.0344055793959679,0.053865149323783,0.0500189765122052
"A_Germany_9490_2019",0.0437090837164905,0.0436967255653007,0.0425543641850771,0.0362667372762831,0.036892519585754,0.0375418125128619,0.0443411950522606,0.046228376543574,0.0362667372762831,0.0362667372762831,0.036892519585754,0.0381896645409093,0.0397409252995775,0.0325610872785921,0.0322428403224603,0.0394181527056573,0.0392262985958403,0.0394035104249023,0.031731668170609,0.0431938002117411,0.0385560555088662,0.0394491110506513,0.0112739073882155,0.0112739073882155,0.0118694457088573,0.0191081358523416,0.0142705699997241,0.0112787779798647,0.0319285217929503,0.0197089245816467,0.032573086181434,0.0142705699997241,0.00948129252093516,0.0197606083065119,0.0160917517037933,0.0400638702257471,0.0369192057719651,0.0419434105986915,0.0425440114881581,0.0400638702257471,0.0191247120660645,0.0185160692641887,0.0432284377515709,0.0191247120660645,0.0233392121754172,0.0319395831587936,0.0319285217929503,0.0325610872785921,0.0313188506147611,0.033806417934818,0.0325610872785921,0.0319285217929503,0.0306988877331008,0.0319477728143032,0.0325610872785921,0.166392414889335,0.167105855082418,0.166248922542133,0.164823786151769,0.165607485371775,0.165607485371775,0.165607485371775,0.165607485371775,0.165607485371775,0.164823786151769,0.166392414889335,0.0319511955539987,0.0294931360127156,0.0398139819897739,0.0387608912965002,0.0406735605236917,0.0294931360127156,0.0395134291645945,0.0313418542428503,0.0381896645409093,0.0400967391096842,0.0301127147784897,0.0295226367138383,0.0221494419346039,0.0251961073352235,0.0172935538151469,0.0319511955539987,0.0306454076360703,0.0185002330418967,0.0191006520005447,0.0166874931348823,0.027012822871293,0.0269871597719187,0.0023571051313632,0.0023571051313632,0.00294664379582899,0.00472537480469985,0.0118694457088573,0.0191247120660645,0.0023571051313632,0.00413225492494671,0.00294664379582899,0.0234060837910085,0.0234060837910085,0.0288435980348331,0.0319285217929503,0.0319285217929503,0.0313081743188332,0.0312980491942508,0.0288435980348331,0.032549639885246,0.0294612633388294,0.0331715305126813,0.0239777488487908,0.032549639885246,0.038146438738236,0.0407117379842483,0.0313300774617031,0.0412950637527542,0.0432201069790299,0.0400638702257471,0.0282907762086745,0.205144029330277,0.0191081358523416,0.0178930684256957,0.0197167786542175,0.0301011588171575,0.0191006520005447,0.0190937051306873,0.0282458691188897,0.0179003500061262,0.0203102507430081,0.0394181527056573,0.0100719602499278,0.0394181527056573,0.0394181527056573,0.0394181527056573,0.0394181527056573,0,0.00294812174864075,0.0394035104249023,0.00294812174864075,0.0387888260020592,0.0251609677396833,0.0233249803646228,0.0227209510255972,0.0331833648946945,0.0300796926075276,0.0313188506147611,0.0313188506147611,0.0233249803646228,0.0239362273845134,0.0245639525305872,0.0294612633388294,0.0531330275140402,0.0431460587387789,0.038146438738236,0.0282360081823523,0.0387745795243668,0.0209550984909051,0.00353983779403084,0.0197340966631292,0.0173010018375428,0.00769024582968294,0.00769024582968294,0.0100797366378584,0.0197340966631292,0.0209454264093789,0.0233741822897738,0.00828346785200808,0.0227279651555267,0.0190760925612947
"A_Germany_9676_2019",0.0443411950522606,0.0443284375886866,0.0431876764926736,0.036892519585754,0.0387745795243668,0.038169558985778,0.0449741065291755,0.046863297263812,0.036892519585754,0.036892519585754,0.0375190860837878,0.0388189912445073,0.0403762494003053,0.0331833648946945,0.0328705867953763,0.0400482725118012,0.0398628359192393,0.0400332334300558,0.0323609948742072,0.0438283180633935,0.0391917835029646,0.0400800259608624,0.010674386932695,0.010674386932695,0.0112695656129053,0.0197167786542175,0.0130664754984825,0.0106788978839127,0.0313081743188332,0.0203179380552354,0.0331957512681322,0.0130664754984825,0.00888356381854835,0.0203714819316731,0.0166974452969419,0.039433353118233,0.0362926392739314,0.0413108994453983,0.0419115003348648,0.039433353118233,0.0197340966631292,0.0191247120660645,0.0425939198999184,0.0197340966631292,0.0227279651555267,0.0313188506147611,0.0313081743188332,0.0319395831587936,0.0306988877331008,0.0331833648946945,0.0319395831587936,0.0313081743188332,0.0300796926075276,0.0313270402702708,0.0319395831587936,0.167178578573311,0.167892637306134,0.167033852059693,0.165607485371775,0.166392414889335,0.166392414889335,0.166392414889335,0.166392414889335,0.166392414889335,0.165607485371775,0.167178578573311,0.032573086181434,0.0301127147784897,0.0417260302089756,0.0406488734012677,0.0413048737388761,0.0301127147784897,0.0401455405003646,0.0319633583626487,0.0388189912445073,0.0407288504454543,0.0307330622526069,0.0289030579480643,0.0215381949147133,0.0245818566437198,0.0166874931348823,0.032573086181434,0.0300285044116061,0.0178930684256957,0.0184931185114607,0.0160821661844342,0.0263974381782266,0.026372909080415,0.00176678629065556,0.00294812174864075,0.00117673044326695,0.00413225492494671,0.0112695656129053,0.0197340966631292,0.00294812174864075,0.00353983779403084,0.00117673044326695,0.0240207120183733,0.0240207120183733,0.0282266948103689,0.0313081743188332,0.0313081743188332,0.0306885955530591,0.0306788540686775,0.0282266948103689,0.0319285217929503,0.0288435980348331,0.032549639885246,0.0233646279871687,0.0319285217929503,0.0387745795243668,0.0413442491375417,0.0319511955539987,0.0419271750885242,0.0451272930167652,0.0406951834409315,0.0276723469399764,0.209370597185806,0.0185002330418967,0.017286640213091,0.0191081358523416,0.0307211216988178,0.0184931185114607,0.0184865405144863,0.0288635344228861,0.0172935538151469,0.0197016079411322,0.0387888260020592,0.00947423154754098,0.0387888260020592,0.0387888260020592,0.0387888260020592,0.0387888260020592,0.00294812174864075,0,0.0387745795243668,0,0.0381602904070336,0.0245482225649578,0.0214957100315563,0.0221108228229826,0.0325610872785921,0.0294612633388294,0.0306988877331008,0.0306988877331008,0.0227144796782755,0.0233249803646228,0.0239512073558616,0.0288435980348331,0.0537909223458003,0.0437793710463754,0.0387745795243668,0.0288532922113727,0.0394035104249023,0.0215667193622772,0.00294812174864075,0.0203442248657439,0.0179081664537437,0.00709465314460642,0.00709465314460642,0.00948129252093516,0.0203442248657439,0.0215566734292695,0.0227614371150482,0.00768752022484209,0.0221174644691792,0.0184700318810301
"A_Germany_9673_2019",0.0443162485565222,0.0455688517770731,0.0431164758690679,0.0356188405887961,0.0374938427860664,0.0362649730816471,0.0449483598922923,0.0455688517770731,0.0356188405887961,0.0356188405887961,0.0362430603952152,0.0394181527056573,0.0409826778359272,0.0325387446199435,0.0347323141219009,0.0406488734012677,0.0411084574414001,0.0406345566303681,0.0348598025168246,0.0412950637527542,0.0397956485308655,0.0406791874220123,0.0331495201970687,0.0306885955530591,0.0312980491942508,0.0312980491942508,0.0362430603952152,0.033160248739742,0.0227279651555267,0.0319080546306558,0.0215381949147133,0.0349953991115145,0.0312980491942508,0.0357187957006748,0.0387712439934192,0.00769349707673532,0.00353670353904953,0.00472284459801292,0.00531212006235829,0.00769349707673532,0.0356300106845121,0.0350061802854345,0.00709754944956927,0.0356300106845121,0.0532053356073744,0.063521688600825,0.0635005680897489,0.0641765675418568,0.0615621825004572,0.0654889042532423,0.0641765675418568,0.0635005680897489,0.0622144983137896,0.0635397787889847,0.0641765675418568,0.167676939231021,0.168392031552728,0.167536755396416,0.166108310493455,0.166892009713461,0.166892009713461,0.166892009713461,0.166892009713461,0.166892009713461,0.166108310493455,0.167676939231021,0.0319285217929503,0.0300901512218119,0.0391782539956755,0.0381331448235842,0.0387843895104888,0.0300901512218119,0.03948127741056,0.033806417934818,0.0394181527056573,0.0400638702257471,0.0307097299875858,0.0197207038264758,0.0343940759112021,0.0203031019261084,0.0282179296241419,0.0307097299875858,0.0417673699358587,0.029442759495983,0.0312884758648818,0.0288344525135996,0.0190937051306873,0.0393065395494904,0.036892519585754,0.0394035104249023,0.0387608912965002,0.0394035104249023,0.0369055846043208,0.0368800113355544,0.0394035104249023,0.0375190860837878,0.0387608912965002,0.0375061854937873,0.0375061854937873,0.0602600984312633,0.0648103265335241,0.0635005680897489,0.0615826105182055,0.0615621825004572,0.0602600984312633,0.0641550184449638,0.0609107166102492,0.0661235249246336,0.0539394783602181,0.0654664946066991,0.0374938427860664,0.0419434105986915,0.0313081743188332,0.0425284982888366,0.0425859914850323,0.0412950637527542,0.0375061854937873,0.209637757090084,0.0288258562715187,0.0276105517872362,0.029442759495983,0.0288635344228861,0.0300516168544428,0.0300433603854495,0.027012822871293,0.0276021659995187,0.029442759495983,0.00117673044326695,0.0350294097950456,0.00117673044326695,0.00117673044326695,0.00117673044326695,0.00117673044326695,0.0394035104249023,0.0387745795243668,0,0.0387745795243668,0.000588148856759583,0.0557459683658432,0.0544581376474453,0.0525477494891475,0.0648323053407621,0.0628676662708173,0.0628676662708173,0.0628676662708173,0.0544581376474453,0.0551016383797691,0.0544915099500301,0.0609107166102492,0.0524382586281503,0.0418544212467089,0.0356188405887961,0.0288344525135996,0.036892519585754,0.0375061854937873,0.038146438738236,0.0350061802854345,0.0337608496292085,0.0350294097950456,0.0350294097950456,0.0362794104460878,0.0350061802854345,0.0374938427860664,0.0312884758648818,0.0343940759112021,0.0538480092177063,0.0500043003463632
"A_Germany_9677_2019",0.0443411950522606,0.0443284375886866,0.0431876764926736,0.036892519585754,0.0387745795243668,0.038169558985778,0.0449741065291755,0.046863297263812,0.036892519585754,0.036892519585754,0.0375190860837878,0.0388189912445073,0.0403762494003053,0.0331833648946945,0.0328705867953763,0.0400482725118012,0.0398628359192393,0.0400332334300558,0.0323609948742072,0.0438283180633935,0.0391917835029646,0.0400800259608624,0.010674386932695,0.010674386932695,0.0112695656129053,0.0197167786542175,0.0130664754984825,0.0106788978839127,0.0313081743188332,0.0203179380552354,0.0331957512681322,0.0130664754984825,0.00888356381854835,0.0203714819316731,0.0166974452969419,0.039433353118233,0.0362926392739314,0.0413108994453983,0.0419115003348648,0.039433353118233,0.0197340966631292,0.0191247120660645,0.0425939198999184,0.0197340966631292,0.0227279651555267,0.0313188506147611,0.0313081743188332,0.0319395831587936,0.0306988877331008,0.0331833648946945,0.0319395831587936,0.0313081743188332,0.0300796926075276,0.0313270402702708,0.0319395831587936,0.167178578573311,0.167892637306134,0.167033852059693,0.165607485371775,0.166392414889335,0.166392414889335,0.166392414889335,0.166392414889335,0.166392414889335,0.165607485371775,0.167178578573311,0.032573086181434,0.0301127147784897,0.0417260302089756,0.0406488734012677,0.0413048737388761,0.0301127147784897,0.0401455405003646,0.0319633583626487,0.0388189912445073,0.0407288504454543,0.0307330622526069,0.0289030579480643,0.0215381949147133,0.0245818566437198,0.0166874931348823,0.032573086181434,0.0300285044116061,0.0178930684256957,0.0184931185114607,0.0160821661844342,0.0263974381782266,0.026372909080415,0.00176678629065556,0.00294812174864075,0.00117673044326695,0.00413225492494671,0.0112695656129053,0.0197340966631292,0.00294812174864075,0.00353983779403084,0.00117673044326695,0.0240207120183733,0.0240207120183733,0.0282266948103689,0.0313081743188332,0.0313081743188332,0.0306885955530591,0.0306788540686775,0.0282266948103689,0.0319285217929503,0.0288435980348331,0.032549639885246,0.0233646279871687,0.0319285217929503,0.0387745795243668,0.0413442491375417,0.0319511955539987,0.0419271750885242,0.0451272930167652,0.0406951834409315,0.0276723469399764,0.209370597185806,0.0185002330418967,0.017286640213091,0.0191081358523416,0.0307211216988178,0.0184931185114607,0.0184865405144863,0.0288635344228861,0.0172935538151469,0.0197016079411322,0.0387888260020592,0.00947423154754098,0.0387888260020592,0.0387888260020592,0.0387888260020592,0.0387888260020592,0.00294812174864075,0,0.0387745795243668,0,0.0381602904070336,0.0245482225649578,0.0214957100315563,0.0221108228229826,0.0325610872785921,0.0294612633388294,0.0306988877331008,0.0306988877331008,0.0227144796782755,0.0233249803646228,0.0239512073558616,0.0288435980348331,0.0537909223458003,0.0437793710463754,0.0387745795243668,0.0288532922113727,0.0394035104249023,0.0215667193622772,0.00294812174864075,0.0203442248657439,0.0179081664537437,0.00709465314460642,0.00709465314460642,0.00948129252093516,0.0203442248657439,0.0215566734292695,0.0227614371150482,0.00768752022484209,0.0221174644691792,0.0184700318810301
"A_Germany_9046_2019",0.0436967255653007,0.0449483598922923,0.0424978728258142,0.0350061802854345,0.0368800113355544,0.0356515471810249,0.0443284375886866,0.0449483598922923,0.0350061802854345,0.0350061802854345,0.0356300106845121,0.0388036301130796,0.0403615167809022,0.0319285217929503,0.0341154369166914,0.0400332334300558,0.0404853601291224,0.0400187535951238,0.0342406326338158,0.0406791874220123,0.0391755686559105,0.0400638702257471,0.0325387446199435,0.0300796926075276,0.0306885955530591,0.0306885955530591,0.0356300106845121,0.032549639885246,0.0221246478210037,0.0312980491942508,0.0209362914538968,0.0343831272453109,0.0306885955530591,0.0351055063086625,0.038156248724358,0.00710097036533759,0.00294664379582899,0.00413225492494671,0.00472083671535559,0.00710097036533759,0.0350175173884838,0.0343940759112021,0.00650537768026096,0.0350175173884838,0.0525798015722325,0.0628889469895814,0.0628676662708173,0.0635433973447964,0.0609307199434638,0.0648548735065317,0.0635433973447964,0.0628676662708173,0.0615826105182055,0.0629064757137123,0.0635433973447964,0.166962570077508,0.167676939231021,0.166822171550394,0.165395170674823,0.166178256191195,0.166178256191195,0.166178256191195,0.166178256191195,0.166178256191195,0.165395170674823,0.166962570077508,0.0313188506147611,0.0294819636915843,0.0385574787481807,0.0375190860837878,0.038169558985778,0.0294819636915843,0.0388661592410936,0.0331957512681322,0.0388036301130796,0.0394491110506513,0.0301011588171575,0.0191195538741464,0.0337825263558443,0.0197016079411322,0.0276105517872362,0.0301011588171575,0.0411489139149012,0.0288344525135996,0.0306788540686775,0.0282266948103689,0.0184931185114607,0.0386905201537543,0.0362794104460878,0.0387888260020592,0.038146438738236,0.0387888260020592,0.0362926392739314,0.0362667372762831,0.0387888260020592,0.0369055846043208,0.038146438738236,0.036892519585754,0.036892519585754,0.059629483034673,0.0641765675418568,0.0628676662708173,0.0609513086473382,0.0609307199434638,0.059629483034673,0.063521688600825,0.0602796781848146,0.0654889042532423,0.0533143382533708,0.0648323053407621,0.0368800113355544,0.0413272947767015,0.0306988877331008,0.0419115003348648,0.0419689347237125,0.0406791874220123,0.036892519585754,0.208886840047325,0.0282179296241419,0.0270037216682713,0.0288344525135996,0.0282562770022766,0.029442759495983,0.0294343328254222,0.0264067064591752,0.0269951670941699,0.0288344525135996,0.000588235361964851,0.0344176370766611,0.000588235361964851,0.000588235361964851,0.000588235361964851,0.000588235361964851,0.0387888260020592,0.0381602904070336,0.000588148856759583,0.0381602904070336,0,0.0551184492393569,0.0538314472417704,0.0519224612666576,0.0641987054333566,0.0622353521252707,0.0622353521252707,0.0622353521252707,0.0538314472417704,0.0544745341471425,0.053865149323783,0.0602796781848146,0.0518010912466177,0.041237329677051,0.0350061802854345,0.0282266948103689,0.0362794104460878,0.036892519585754,0.0375325439341176,0.0343940759112021,0.0331495201970687,0.0344176370766611,0.0344176370766611,0.0356668569644604,0.0343940759112021,0.0368800113355544,0.0306788540686775,0.0337825263558443,0.0532220624184109,0.0493808143324028
"A_Baden_Wurttemberg_USAFSAM_14101_2023",0.0620849969435377,0.0620688581736501,0.0609288067984088,0.0544581376474453,0.0563911297456783,0.0557801632859113,0.0627351920936794,0.0646730307272192,0.0544581376474453,0.0544581376474453,0.0551016383797691,0.0557993877127431,0.0575314805949214,0.0506579542349512,0.0505295079915273,0.0570551850372553,0.0570560988018202,0.0570371246675795,0.0500690523649962,0.0615826105182055,0.0563371053208802,0.0570930494952186,0.0300516168544428,0.0300516168544428,0.0306610256894459,0.0406208008457446,0.0331297253050854,0.0300604247999793,0.0493665451578573,0.041237329677051,0.0500342270099015,0.0331297253050854,0.0282097132483862,0.0407086550424738,0.0356403633814311,0.0564269962378406,0.0532053356073744,0.0583505225493015,0.0589613964024205,0.0564269962378406,0.0393894268915258,0.0387608912965002,0.0596695497550757,0.0393894268915258,0.00769349707673532,0.0221587859504301,0.0233741822897738,0.022771155898378,0.0215471650790581,0.0233842767600002,0.022771155898378,0.0221494419346039,0.0209362914538968,0.0221627111226885,0.022771155898378,0.179132730404078,0.17985788637249,0.178982503178792,0.177534008018833,0.178332730233412,0.178332730233412,0.178332730233412,0.178332730233412,0.178332730233412,0.177534008018833,0.179132730404078,0.0500342270099015,0.047513794529186,0.0596031709218008,0.0583133081716972,0.0589976610181856,0.047513794529186,0.0571831440845741,0.0506898465526706,0.0557993877127431,0.0577613608369704,0.0481507372904803,0.0469211866817634,0.041237329677051,0.0431033899011342,0.0362430603952152,0.0525966925800291,0.0486689084327306,0.0374820585861752,0.0380966158327494,0.0356188405887961,0.0443284375886866,0.0468236280428544,0.0227144796782755,0.0245482225649578,0.0245411744380739,0.0263887154406714,0.0294264571609853,0.0393894268915258,0.0245482225649578,0.0227144796782755,0.0245411744380739,0.0425440114881581,0.0425440114881581,0.0191081358523416,0.0233741822897738,0.0221494419346039,0.0215381949147133,0.0215297635426874,0.0191081358523416,0.0227614371150482,0.0197167786542175,0.0246019299907619,0.027012822871293,0.0239876792992582,0.0563911297456783,0.057741137725942,0.0493956573190179,0.0589801322940547,0.0609682772789567,0.0577214953427932,0.0462876358495296,0.219487046105101,0.0368566676353488,0.0362320579351329,0.038735192074205,0.049411073477112,0.0380966158327494,0.0380855591809955,0.0487729112973096,0.0368680604765955,0.0380855591809955,0.0557631946542927,0.0281949294447864,0.0557631946542927,0.0557631946542927,0.0557631946542927,0.0557631946542927,0.0251609677396833,0.0245482225649578,0.0557459683658432,0.0245482225649578,0.0551184492393569,0,0.0148737063816649,0.00710097036533759,0.0233842767600002,0.0215471650790581,0.022771155898378,0.022771155898378,0.0148737063816649,0.0154775711893647,0.00531395659510863,0.0197167786542175,0.070216441630262,0.0615230867878342,0.0563911297456783,0.0455812713692073,0.0570371246675795,0.0412797883114788,0.0239362273845134,0.0400187535951238,0.0375061854937873,0.0257527058471717,0.0257527058471717,0.026979700327955,0.0400187535951238,0.0412650737378821,0.0424991599997495,0.0263592923827534,0.0154775711893647,0.0118652737195494
"A_Baden_Wurttemberg_USAFSAM_14142_2023",0.0614356462029194,0.0614199288158502,0.0602781886194229,0.0538154640371135,0.0557459683658432,0.0551354178709754,0.0620849969435377,0.0640207149138868,0.0538154640371135,0.0538154640371135,0.0544581376474453,0.0551538098309332,0.0568795900201797,0.0500189765122052,0.0511422533963123,0.0564087725361027,0.0564029308447924,0.0563911297456783,0.0506840588252119,0.0609307199434638,0.0556847895075478,0.0564458002138957,0.0282020463113414,0.0282020463113414,0.0288103141378528,0.038735192074205,0.030652940054755,0.0282097132483862,0.0480934699952347,0.0393505349852313,0.0487579021305119,0.030652940054755,0.0263658267087938,0.0388182936225207,0.0337712023261275,0.0551358399361042,0.0519224612666576,0.0570551850372553,0.0576660588903743,0.0551358399361042,0.0362794104460878,0.0356540194952615,0.0583700038643158,0.0362794104460878,0.0130767939569651,0.0179081664537437,0.0179003500061262,0.0185160692641887,0.0173010018375428,0.0197340966631292,0.0185160692641887,0.0179003500061262,0.0166945736249381,0.0179110381257474,0.0185160692641887,0.176885919515901,0.177608955376084,0.176736559683925,0.175292292668811,0.176088471180993,0.176088471180993,0.176088471180993,0.176088471180993,0.176088471180993,0.175292292668811,0.176885919515901,0.0493956573190179,0.0468776621278577,0.0589474331228954,0.0576660588903743,0.0583491524966631,0.0468776621278577,0.0565346355630516,0.050050051199858,0.0551538098309332,0.0571128523154479,0.047513794529186,0.0456497301797072,0.0393505349852313,0.0412118365732823,0.0343727340248163,0.05067361328629,0.0480347929387331,0.0356082275360553,0.0362216136354791,0.033750843397381,0.0430658106550896,0.0455570029196376,0.0208874374504542,0.0227144796782755,0.0227085517389258,0.0245482225649578,0.0275803012174216,0.0362794104460878,0.0227144796782755,0.0208874374504542,0.0227085517389258,0.0394181527056573,0.0394181527056573,0.0148796895996488,0.0191161560763123,0.0179003500061262,0.0172935538151469,0.017286640213091,0.0148796895996488,0.0185078834952102,0.015483919280433,0.0203349257230315,0.023959512265485,0.0197251695499009,0.0557459683658432,0.057741137725942,0.0487579021305119,0.0583316237725322,0.0616205930922891,0.0564269962378406,0.0443828716411957,0.221416294031792,0.0349851744959317,0.0343628968798293,0.0368566676353488,0.0487729112973096,0.0362216136354791,0.0362117281308756,0.046863297263812,0.0349953991115145,0.0374601682301692,0.0544745341471425,0.0263533067366382,0.0544745341471425,0.0544745341471425,0.0544745341471425,0.0544745341471425,0.0233249803646228,0.0214957100315563,0.0544581376474453,0.0214957100315563,0.0538314472417704,0.0148737063816649,0,0.0136734163969568,0.0191247120660645,0.0173010018375428,0.0197340966631292,0.0197340966631292,0.00117716358081774,0.00176678629065556,0.0142823400503311,0.015483919280433,0.0695412220813263,0.0608724686088482,0.0557459683658432,0.0449483598922923,0.0563911297456783,0.0381602904070336,0.0221047235051449,0.0369055846043208,0.0356300106845121,0.0239178414026905,0.0239178414026905,0.0251403358992237,0.0369055846043208,0.038146438738236,0.0393505349852313,0.0239128043213454,0.0100755844659157,0.0041284195844397
"A_Rheinland_Pfalz_USAFSAM_14063_2023",0.0608030253566111,0.0607871376813969,0.0596470117588039,0.0531891863955921,0.0551184492393569,0.0545079198556334,0.0614519547144111,0.0633862338523285,0.0531891863955921,0.0531891863955921,0.0538314472417704,0.0545271969087589,0.056246081364708,0.0493956573190179,0.0505127998319032,0.0557810013159393,0.0557678339071555,0.0557631946542927,0.0500526371051166,0.0602998427571301,0.0550523900296888,0.0558183532104952,0.0275943285553199,0.0275943285553199,0.0282020463113414,0.0381204092841001,0.0306610256894459,0.0276021659995187,0.0462021640846696,0.038735192074205,0.046863297263812,0.0306610256894459,0.0257594120709306,0.0382025406469288,0.0331593301831906,0.0532220624184109,0.0500189765122052,0.0551358399361042,0.0557459683658432,0.0532220624184109,0.036892519585754,0.0362667372762831,0.0564458002138957,0.036892519585754,0.00176600570298913,0.0209454264093789,0.0221587859504301,0.0215566734292695,0.0203349257230315,0.0221686686097138,0.0215566734292695,0.0209362914538968,0.0197251695499009,0.020948824207213,0.0215566734292695,0.17920895674142,0.179934012626849,0.179057245689003,0.177608955376084,0.178408316057933,0.178408316057933,0.178408316057933,0.178408316057933,0.178408316057933,0.177608955376084,0.17920895674142,0.0487729112973096,0.04625686882819,0.0583114348235483,0.0570371246675795,0.0577194029501968,0.04625686882819,0.0559065601617202,0.0494270621698698,0.0545271969087589,0.0564851464601254,0.0468925968222884,0.0437620960024936,0.038735192074205,0.0405949747369669,0.0337608496292085,0.0487729112973096,0.047411663926459,0.0349953991115145,0.0356082275360553,0.03313934550941,0.0411885994881031,0.0443046286003938,0.020284892613597,0.0221108228229826,0.0221047235051449,0.0239434455221305,0.0269727893922377,0.036892519585754,0.0221108228229826,0.020284892613597,0.0221047235051449,0.0400332334300558,0.0400332334300558,0.0179003500061262,0.0221587859504301,0.0209362914538968,0.0203261632512821,0.0203179380552354,0.0179003500061262,0.0215471650790581,0.0185078834952102,0.0233842767600002,0.0245639525305872,0.022771155898378,0.0551184492393569,0.0564651838311053,0.0481355625813093,0.0577024343185781,0.058386413769919,0.0564458002138957,0.0437641828124346,0.217868016459863,0.0343727340248163,0.033750843397381,0.0362430603952152,0.0456078201754774,0.0356082275360553,0.0355981721581975,0.0449741065291755,0.0343831272453109,0.0368458334418983,0.0525634869954853,0.0257465472080277,0.0525634869954853,0.0525634869954853,0.0525634869954853,0.0525634869954853,0.0227209510255972,0.0221108228229826,0.0525477494891475,0.0221108228229826,0.0519224612666576,0.00710097036533759,0.0136734163969568,0,0.0221686686097138,0.0203349257230315,0.0215566734292695,0.0215566734292695,0.0136734163969568,0.0142761892246311,0.00769727335789911,0.0185078834952102,0.0688910627856409,0.0602411041348404,0.0538314472417704,0.0443284375886866,0.0557631946542927,0.0387745795243668,0.0215014382259178,0.0375190860837878,0.0350175173884838,0.0233129240095227,0.0233129240095227,0.0245346717157607,0.0375190860837878,0.0387608912965002,0.0399914741421466,0.0239178414026905,0.0142761892246311,0.0106704043668509
"A_Bayern_USAFSAM_14710_2024",0.0692632268997,0.0692429781047331,0.0681184651112939,0.0615621825004572,0.063521688600825,0.0629064757137123,0.0699224227763291,0.0718832482662498,0.0615621825004572,0.0615621825004572,0.0622144983137896,0.0603205915137249,0.0620978745553961,0.0577214953427932,0.0589338727599732,0.0615826105182055,0.0616318309551437,0.0615621825004572,0.0584963494994925,0.0714374212091653,0.0609049659828427,0.0616252236955317,0.0381331448235842,0.0381331448235842,0.0387477619385483,0.0488565247295173,0.0399914741421466,0.038146438738236,0.0583505225493015,0.0494784571442898,0.0564458002138957,0.0399914741421466,0.0362667372762831,0.04896475688828,0.0425393950046845,0.0655354926907778,0.0622567924176983,0.0674881909823778,0.0680998120825453,0.0655354926907778,0.0476143654064458,0.0469757957155622,0.0675130826122419,0.0476143654064458,0.0215667193622772,0.00472537480469985,0.00591049361246663,0.00531919910252788,0.00294812174864075,0.00650896765916049,0.00531919910252788,0.00472284459801292,0.0023571051313632,0.00472563442217639,0.00531919910252788,0.182424401906565,0.183152044652296,0.182267529590464,0.180814094556544,0.181618599959394,0.181618599959394,0.181618599959394,0.181618599959394,0.181618599959394,0.180814094556544,0.182424401906565,0.0570930494952186,0.0571332346908488,0.0661847831056067,0.0654664946066991,0.0648949990317419,0.0571332346908488,0.0623784625592251,0.0577613608369704,0.0603205915137249,0.0623014299243464,0.0577821640486487,0.0558923546235155,0.0494784571442898,0.0513654701015175,0.0444134865403729,0.0583900670837419,0.058261866859852,0.0456677384111167,0.0462876358495296,0.0437793710463754,0.053239366190361,0.0557631946542927,0.0306988877331008,0.0325610872785921,0.032549639885246,0.0344302483338956,0.0374938427860664,0.0476143654064458,0.0325610872785921,0.0306988877331008,0.032549639885246,0.0508195045869053,0.0508195045869053,0.00472537480469985,0.0106895025155193,0.00472284459801292,0.0100896224195672,0.0106839366129427,0.00472537480469985,0.00531631647777729,0.00531919910252788,0.0118914261712165,0.0338191927454138,0.0112901031883363,0.0622144983137896,0.0629332689150574,0.0564458002138957,0.063521688600825,0.0681662217840656,0.0622567924176983,0.0546054945551072,0.222178387981816,0.0437641828124346,0.0443978964587364,0.0456677384111167,0.0577613608369704,0.0462876358495296,0.0456366442117736,0.0558183532104952,0.0437793710463754,0.0462719683125013,0.0648548735065317,0.0362430603952152,0.0648548735065317,0.0648548735065317,0.0648548735065317,0.0648548735065317,0.0331833648946945,0.0325610872785921,0.0648323053407621,0.0325610872785921,0.0641987054333566,0.0233842767600002,0.0191247120660645,0.0221686686097138,0,0.00889703190023402,0.0100953548225339,0.0100953548225339,0.0191247120660645,0.0197340966631292,0.0227922101718473,0.00829894570451891,0.0749410191868684,0.0687129331746503,0.0622144983137896,0.053865149323783,0.0641765675418568,0.0495349823646843,0.0319395831587936,0.0482537516828343,0.045701097765762,0.033771410824504,0.033771410824504,0.033771410824504,0.0482537516828343,0.0495155716274938,0.0494784571442898,0.0343831272453109,0.0197340966631292,0.0160888800317896
"A_Bayern_USAFSAM_14318_2023",0.0686048989573265,0.0685850832729732,0.0674588344087624,0.0609107166102492,0.0628676662708173,0.0622528808494016,0.0692632268997,0.0712218725084416,0.0609107166102492,0.0609107166102492,0.0615621825004572,0.0609724820884665,0.0627562024977696,0.0570738268584507,0.0569705194518873,0.0622353521252707,0.0622914616576751,0.0622144983137896,0.0565278430198226,0.0694467085595729,0.061563727606463,0.0622788185598425,0.0362546203847281,0.0362546203847281,0.0368680604765955,0.0456677384111167,0.0381082327444082,0.0362667372762831,0.0564087725361027,0.0462876358495296,0.0557993877127431,0.0381082327444082,0.0343940759112021,0.0470441399300414,0.0419072836689144,0.0635656936887377,0.0602998427571301,0.0655119038244662,0.0661235249246336,0.0635656936887377,0.045701097765762,0.0450649653644336,0.0668530165097804,0.045701097765762,0.0197340966631292,0.00770157406834746,0.00889201705658983,0.00829894570451891,0.00710491528632646,0.00949583436701332,0.00829894570451891,0.00889201705658983,0.00650896765916049,0.0088972915177106,0.00829894570451891,0.180814094556544,0.181540439711512,0.180659811163477,0.17920895674142,0.180010881532407,0.180010881532407,0.180010881532407,0.180010881532407,0.180010881532407,0.17920895674142,0.180814094556544,0.0564458002138957,0.0551914846776501,0.065520772383847,0.0648103265335241,0.0642384001192617,0.0551914846776501,0.0630342003581306,0.0558183532104952,0.0609724820884665,0.0629563088653782,0.0558378971788026,0.0539531149592302,0.0475615218889289,0.0494436227642361,0.0425135475854856,0.0564458002138957,0.0563263805720415,0.0437641828124346,0.0443828716411957,0.0418818355620996,0.0513138182393123,0.0525477494891475,0.0276105517872362,0.0294612633388294,0.02945173654262,0.0313188506147611,0.0356188405887961,0.0444296412637059,0.0294612633388294,0.0276105517872362,0.02945173654262,0.0476143654064458,0.0476143654064458,0.00531919910252788,0.00294664379582899,0.00769727335789911,0.00710097036533759,0.0088875274949277,0.00531919910252788,0.00829428835420297,0.00591372949362306,0.00413007630096208,0.0331957512681322,0.00353800992035371,0.0615621825004572,0.0635885770036176,0.0557993877127431,0.0641765675418568,0.0675057197065087,0.062910814747706,0.0526700082672968,0.222178387981816,0.0431312713355196,0.0424991599997495,0.0450324143103888,0.0558183532104952,0.0443828716411957,0.0437355012369042,0.0538828669226847,0.0431460587387789,0.0443684127138192,0.0628889469895814,0.0331297253050854,0.0628889469895814,0.0628889469895814,0.0628889469895814,0.0628889469895814,0.0300796926075276,0.0294612633388294,0.0628676662708173,0.0294612633388294,0.0622353521252707,0.0215471650790581,0.0173010018375428,0.0203349257230315,0.00889703190023402,0,0.00353983779403084,0.00353983779403084,0.0173010018375428,0.0179081664537437,0.0197340966631292,0.00650896765916049,0.0742598201714205,0.0680533024721189,0.0615621825004572,0.0532220624184109,0.063521688600825,0.0476143654064458,0.0288435980348331,0.0463380405270563,0.0437951234120534,0.0319080546306558,0.0319080546306558,0.0319080546306558,0.0463380405270563,0.047596183473911,0.0475615218889289,0.0325186129653776,0.0179081664537437,0.0142761892246311
"A_Bayern_USAFSAM_14591_2024",0.0672908377541918,0.0672718848818636,0.0661421779533822,0.0596103257602204,0.0615621825004572,0.0609482486675947,0.067947436666672,0.0699017397283535,0.0596103257602204,0.0596103257602204,0.0602600984312633,0.0596695497550757,0.0614404122647416,0.0557810013159393,0.0556658872700804,0.0609307199434638,0.0609730693315234,0.0609107166102492,0.055219797800297,0.0694467085595729,0.0602470711510828,0.0609724820884665,0.0375061854937873,0.0375061854937873,0.0381204092841001,0.0469408135737393,0.039362938547121,0.0375190860837878,0.0564087725361027,0.0475615218889289,0.0545090644159973,0.039362938547121,0.035641737194903,0.0483237311594521,0.0431723064815995,0.0635656936887377,0.0602998427571301,0.0655119038244662,0.0661235249246336,0.0635656936887377,0.0469757957155622,0.0463380405270563,0.0668530165097804,0.0469757957155622,0.0209550984909051,0.0100953548225339,0.0112901031883363,0.0106955949906588,0.00949583436701332,0.0118982413912835,0.0106955949906588,0.0112901031883363,0.00889703190023402,0.0112968162189436,0.0106955949906588,0.184039912197288,0.184768860935829,0.183880434214906,0.182424401906565,0.183231504583835,0.183231504583835,0.183231504583835,0.183231504583835,0.183231504583835,0.182424401906565,0.184039912197288,0.0551538098309332,0.0551914846776501,0.064195390560725,0.0635005680897489,0.0629277833793246,0.0551914846776501,0.0617235836181935,0.0545271969087589,0.0596695497550757,0.0616474075943388,0.0558378971788026,0.0539531149592302,0.0488386617914773,0.0494436227642361,0.0437793710463754,0.0564458002138957,0.0576158719379507,0.0450324143103888,0.0456519078554312,0.0431460587387789,0.0513138182393123,0.0538314472417704,0.0288435980348331,0.0306988877331008,0.0306885955530591,0.0325610872785921,0.0368680604765955,0.045701097765762,0.0306988877331008,0.0288435980348331,0.0306885955530591,0.0488939566358566,0.0488939566358566,0.00770157406834746,0.00531631647777729,0.0100896224195672,0.00949046117351291,0.0112841767810676,0.00770157406834746,0.0106895025155193,0.00829894570451891,0.00650537768026096,0.0344434125518329,0.00591049361246663,0.0602600984312633,0.0622788185598425,0.0545090644159973,0.0628676662708173,0.0661873273803571,0.0616036244606706,0.0539594996332059,0.220449777789887,0.0443978964587364,0.0437641828124346,0.046303870812445,0.0558183532104952,0.0456519078554312,0.0450021263601211,0.0538828669226847,0.0444134865403729,0.0456366442117736,0.0628889469895814,0.0343727340248163,0.0628889469895814,0.0628889469895814,0.0628889469895814,0.0628889469895814,0.0313188506147611,0.0306988877331008,0.0628676662708173,0.0306988877331008,0.0622353521252707,0.022771155898378,0.0197340966631292,0.0215566734292695,0.0100953548225339,0.00353983779403084,0,0,0.0197340966631292,0.0203442248657439,0.0221790893102251,0.00889703190023402,0.0729002000270441,0.0667366460167386,0.0602600984312633,0.051938364665788,0.0622144983137896,0.0488939566358566,0.0300796926075276,0.0476143654064458,0.0450649653644336,0.0331495201970687,0.0331495201970687,0.0331495201970687,0.0476143654064458,0.0488749565494696,0.0488386617914773,0.0337608496292085,0.0203442248657439,0.0166945736249381
"A_Bayern_USAFSAM_14705_2024",0.0672908377541918,0.0672718848818636,0.0661421779533822,0.0596103257602204,0.0615621825004572,0.0609482486675947,0.067947436666672,0.0699017397283535,0.0596103257602204,0.0596103257602204,0.0602600984312633,0.0596695497550757,0.0614404122647416,0.0557810013159393,0.0556658872700804,0.0609307199434638,0.0609730693315234,0.0609107166102492,0.055219797800297,0.0694467085595729,0.0602470711510828,0.0609724820884665,0.0375061854937873,0.0375061854937873,0.0381204092841001,0.0469408135737393,0.039362938547121,0.0375190860837878,0.0564087725361027,0.0475615218889289,0.0545090644159973,0.039362938547121,0.035641737194903,0.0483237311594521,0.0431723064815995,0.0635656936887377,0.0602998427571301,0.0655119038244662,0.0661235249246336,0.0635656936887377,0.0469757957155622,0.0463380405270563,0.0668530165097804,0.0469757957155622,0.0209550984909051,0.0100953548225339,0.0112901031883363,0.0106955949906588,0.00949583436701332,0.0118982413912835,0.0106955949906588,0.0112901031883363,0.00889703190023402,0.0112968162189436,0.0106955949906588,0.184039912197288,0.184768860935829,0.183880434214906,0.182424401906565,0.183231504583835,0.183231504583835,0.183231504583835,0.183231504583835,0.183231504583835,0.182424401906565,0.184039912197288,0.0551538098309332,0.0551914846776501,0.064195390560725,0.0635005680897489,0.0629277833793246,0.0551914846776501,0.0617235836181935,0.0545271969087589,0.0596695497550757,0.0616474075943388,0.0558378971788026,0.0539531149592302,0.0488386617914773,0.0494436227642361,0.0437793710463754,0.0564458002138957,0.0576158719379507,0.0450324143103888,0.0456519078554312,0.0431460587387789,0.0513138182393123,0.0538314472417704,0.0288435980348331,0.0306988877331008,0.0306885955530591,0.0325610872785921,0.0368680604765955,0.045701097765762,0.0306988877331008,0.0288435980348331,0.0306885955530591,0.0488939566358566,0.0488939566358566,0.00770157406834746,0.00531631647777729,0.0100896224195672,0.00949046117351291,0.0112841767810676,0.00770157406834746,0.0106895025155193,0.00829894570451891,0.00650537768026096,0.0344434125518329,0.00591049361246663,0.0602600984312633,0.0622788185598425,0.0545090644159973,0.0628676662708173,0.0661873273803571,0.0616036244606706,0.0539594996332059,0.220449777789887,0.0443978964587364,0.0437641828124346,0.046303870812445,0.0558183532104952,0.0456519078554312,0.0450021263601211,0.0538828669226847,0.0444134865403729,0.0456366442117736,0.0628889469895814,0.0343727340248163,0.0628889469895814,0.0628889469895814,0.0628889469895814,0.0628889469895814,0.0313188506147611,0.0306988877331008,0.0628676662708173,0.0306988877331008,0.0622353521252707,0.022771155898378,0.0197340966631292,0.0215566734292695,0.0100953548225339,0.00353983779403084,0,0,0.0197340966631292,0.0203442248657439,0.0221790893102251,0.00889703190023402,0.0729002000270441,0.0667366460167386,0.0602600984312633,0.051938364665788,0.0622144983137896,0.0488939566358566,0.0300796926075276,0.0476143654064458,0.0450649653644336,0.0331495201970687,0.0331495201970687,0.0331495201970687,0.0476143654064458,0.0488749565494696,0.0488386617914773,0.0337608496292085,0.0203442248657439,0.0166945736249381
"A_Rheinland_Pfalz_USAFSAM_14133_2023",0.0614356462029194,0.0614199288158502,0.0602781886194229,0.0538154640371135,0.0557459683658432,0.0551354178709754,0.0620849969435377,0.0640207149138868,0.0538154640371135,0.0538154640371135,0.0544581376474453,0.053865149323783,0.0568795900201797,0.0500189765122052,0.0511422533963123,0.0564087725361027,0.0564029308447924,0.0563911297456783,0.0506840588252119,0.0609307199434638,0.0556847895075478,0.0564458002138957,0.0282020463113414,0.0282020463113414,0.0288103141378528,0.038735192074205,0.0312709871050192,0.0282097132483862,0.0480934699952347,0.0393505349852313,0.0487579021305119,0.0312709871050192,0.0263658267087938,0.0388182936225207,0.0337712023261275,0.0551358399361042,0.0519224612666576,0.0570551850372553,0.0576660588903743,0.0551358399361042,0.0362794104460878,0.0356540194952615,0.0583700038643158,0.0362794104460878,0.0130767939569651,0.0179081664537437,0.0179003500061262,0.0185160692641887,0.0173010018375428,0.0197340966631292,0.0185160692641887,0.0179003500061262,0.0166945736249381,0.0179110381257474,0.0185160692641887,0.175292292668811,0.176014057692034,0.175145468444694,0.173703728981475,0.174497379941761,0.174497379941761,0.174497379941761,0.174497379941761,0.174497379941761,0.173703728981475,0.175292292668811,0.0493956573190179,0.0468776621278577,0.0589474331228954,0.0576660588903743,0.0583491524966631,0.0468776621278577,0.0565346355630516,0.050050051199858,0.0551538098309332,0.0571128523154479,0.047513794529186,0.044381498681753,0.0393505349852313,0.0412118365732823,0.0343727340248163,0.05067361328629,0.0480347929387331,0.0356082275360553,0.0362216136354791,0.033750843397381,0.0430658106550896,0.0455570029196376,0.0208874374504542,0.0227144796782755,0.0227085517389258,0.0245482225649578,0.0263533067366382,0.0362794104460878,0.0227144796782755,0.0208874374504542,0.0227085517389258,0.0394181527056573,0.0394181527056573,0.0148796895996488,0.0191161560763123,0.0179003500061262,0.0160821661844342,0.0160759858685859,0.0148796895996488,0.0185078834952102,0.015483919280433,0.0203349257230315,0.023959512265485,0.0197251695499009,0.0557459683658432,0.057741137725942,0.0487579021305119,0.0583316237725322,0.0616205930922891,0.0564269962378406,0.0443828716411957,0.219689176597748,0.0349851744959317,0.0343628968798293,0.0368566676353488,0.0487729112973096,0.0362216136354791,0.0362117281308756,0.046863297263812,0.0349953991115145,0.0374601682301692,0.0544745341471425,0.0263533067366382,0.0544745341471425,0.0544745341471425,0.0544745341471425,0.0544745341471425,0.0233249803646228,0.0227144796782755,0.0544581376474453,0.0227144796782755,0.0538314472417704,0.0148737063816649,0.00117716358081774,0.0136734163969568,0.0191247120660645,0.0173010018375428,0.0197340966631292,0.0197340966631292,0,0.00176678629065556,0.0142823400503311,0.015483919280433,0.0681935123704901,0.0608724686088482,0.0557459683658432,0.0449483598922923,0.0563911297456783,0.0381602904070336,0.0221047235051449,0.0369055846043208,0.0356300106845121,0.0239178414026905,0.0239178414026905,0.0251403358992237,0.0369055846043208,0.038146438738236,0.0380966158327494,0.0239128043213454,0.0100755844659157,0.0041284195844397
"A_Rheinland_Pfalz_USAFSAM_14127_2023",0.0620849969435377,0.0620688581736501,0.0609288067984088,0.0544581376474453,0.0563911297456783,0.0557801632859113,0.0627351920936794,0.0646730307272192,0.0544581376474453,0.0544581376474453,0.0551016383797691,0.0557993877127431,0.0575314805949214,0.0506579542349512,0.0517886658974649,0.0570551850372553,0.0570560988018202,0.0570371246675795,0.0513321470559353,0.0615826105182055,0.0563371053208802,0.0570930494952186,0.0288178099359647,0.0288178099359647,0.0294264571609853,0.039362938547121,0.0318897990651941,0.0288258562715187,0.048729602396563,0.0399786757713622,0.0493956573190179,0.0318897990651941,0.026979700327955,0.0394476203261189,0.0343934799422299,0.0557810013159393,0.0525634869954853,0.0577024343185781,0.0583133081716972,0.0557810013159393,0.0369055846043208,0.0362794104460878,0.059019354604934,0.0369055846043208,0.0136792036683902,0.0185160692641887,0.0185078834952102,0.0191247120660645,0.0179081664537437,0.0203442248657439,0.0191247120660645,0.0185078834952102,0.0173010018375428,0.0185189409361924,0.0191247120660645,0.177684641730479,0.178408316057933,0.177534008018833,0.176088471180993,0.176885919515901,0.176885919515901,0.176885919515901,0.176885919515901,0.176885919515901,0.176088471180993,0.177684641730479,0.0500342270099015,0.047513794529186,0.0596031709218008,0.0583133081716972,0.0589976610181856,0.047513794529186,0.0571831440845741,0.0506898465526706,0.0557993877127431,0.0577613608369704,0.0481507372904803,0.0462850542804351,0.0399786757713622,0.0418415595784357,0.0349953991115145,0.0513138182393123,0.0486689084327306,0.0362320579351329,0.0368458334418983,0.0343727340248163,0.0436967255653007,0.0461899143965525,0.0214957100315563,0.0233249803646228,0.0233186799415405,0.0251609677396833,0.0281949294447864,0.0369055846043208,0.0233249803646228,0.0214957100315563,0.0233186799415405,0.0400482725118012,0.0400482725118012,0.015483919280433,0.0197251695499009,0.0185078834952102,0.0179003500061262,0.0178930684256957,0.015483919280433,0.0191161560763123,0.0160888800317896,0.0209454264093789,0.0245726331271071,0.0203349257230315,0.0563911297456783,0.0583900670837419,0.0493956573190179,0.0589801322940547,0.0622737610493169,0.0570738268584507,0.0450169871351933,0.218827849942025,0.0356082275360553,0.0349851744959317,0.0374820585861752,0.049411073477112,0.0368458334418983,0.0368355585299533,0.0474990252579103,0.0356188405887961,0.0380855591809955,0.0551184492393569,0.0269664275982604,0.0551184492393569,0.0551184492393569,0.0551184492393569,0.0551184492393569,0.0239362273845134,0.0233249803646228,0.0551016383797691,0.0233249803646228,0.0544745341471425,0.0154775711893647,0.00176678629065556,0.0142761892246311,0.0197340966631292,0.0179081664537437,0.0203442248657439,0.0203442248657439,0.00176678629065556,0,0.0148862048580309,0.0160888800317896,0.0695412220813263,0.0615230867878342,0.0563911297456783,0.0455812713692073,0.0570371246675795,0.0387888260020592,0.0227144796782755,0.0375325439341176,0.0362546203847281,0.0245287150278517,0.0245287150278517,0.0257527058471717,0.0375325439341176,0.0387745795243668,0.0399786757713622,0.0245233050076928,0.00947749827020053,0.00472083671535559
"A_Rheinland_Pfalz_USAFSAM_14185_2023",0.0627700905952881,0.0627523455644398,0.0616205930922891,0.0551358399361042,0.0570738268584507,0.0564616527549859,0.0634219811700298,0.0653633175550156,0.0551358399361042,0.0551358399361042,0.0557810013159393,0.0564851464601254,0.0582224321401857,0.0513304616306949,0.0524712580047261,0.057741137725942,0.0577477158086294,0.0577214953427932,0.0520158426245623,0.0622788185598425,0.0570315502031306,0.0577821640486487,0.02945173654262,0.02945173654262,0.0300604247999793,0.0400187535951238,0.0325284021047731,0.0294612633388294,0.0487579021305119,0.0406345566303681,0.0494270621698698,0.0325284021047731,0.0276105517872362,0.0401062451124355,0.0350386783737899,0.055172358288594,0.0519548439681401,0.0570930494952186,0.0577024343185781,0.055172358288594,0.0387888260020592,0.0381602904070336,0.0584107115775886,0.0387888260020592,0.00710491528632646,0.0215667193622772,0.0227814137844394,0.0221790893102251,0.0209550984909051,0.0227922101718473,0.0221790893102251,0.0215566734292695,0.0203442248657439,0.0215695910342809,0.0221790893102251,0.177684641730479,0.178408316057933,0.177534008018833,0.176088471180993,0.176885919515901,0.176885919515901,0.176885919515901,0.176885919515901,0.176885919515901,0.176088471180993,0.177684641730479,0.0507066533992806,0.0481827986636298,0.0603007090011371,0.0589994519071015,0.059685959660679,0.0481827986636298,0.0578747869402409,0.0513654701015175,0.0564851464601254,0.0584537418876986,0.0488213683545135,0.0463158595095109,0.0406345566303681,0.0424991599997495,0.035641737194903,0.0519895277399974,0.0480565382551457,0.0368800113355544,0.0374938427860664,0.0350175173884838,0.0437220091530647,0.0462149850155091,0.0221174644691792,0.0239512073558616,0.0239434455221305,0.0257917002315752,0.0288258562715187,0.0387888260020592,0.0239512073558616,0.0221174644691792,0.0239434455221305,0.0419434105986915,0.0419434105986915,0.0185160692641887,0.0227814137844394,0.0215566734292695,0.0203349257230315,0.0203261632512821,0.0185160692641887,0.0221686686097138,0.0191247120660645,0.0240091614854274,0.0264165196666995,0.0233949107939238,0.0570738268584507,0.0584319367196916,0.0500664484462583,0.0596695497550757,0.061663260135429,0.0584107115775886,0.0456841352547093,0.217968004502261,0.0362546203847281,0.0356300106845121,0.0381331448235842,0.0488046450414901,0.0374938427860664,0.0374820585861752,0.0481664828616877,0.0362667372762831,0.038735192074205,0.0545090644159973,0.0275943285553199,0.0545090644159973,0.0545090644159973,0.0545090644159973,0.0545090644159973,0.0245639525305872,0.0239512073558616,0.0544915099500301,0.0239512073558616,0.053865149323783,0.00531395659510863,0.0142823400503311,0.00769727335789911,0.0227922101718473,0.0197340966631292,0.0221790893102251,0.0221790893102251,0.0142823400503311,0.0148862048580309,0,0.0191247120660645,0.0709442312337079,0.0622144983137896,0.0570738268584507,0.0462423380271299,0.0577214953427932,0.0406791874220123,0.0233392121754172,0.0394181527056573,0.0369055846043208,0.0251535443860218,0.0251535443860218,0.0263805388668051,0.0394181527056573,0.0406637505375698,0.0418963869530665,0.0257594120709306,0.0148862048580309,0.0112739073882155
"A_Rheinland_Pfalz_USAFSAM_14052_2023",0.0666350999552864,0.0666165767933034,0.0654851476354477,0.0589613964024205,0.0609107166102492,0.0602972069089456,0.0672908377541918,0.0692429781047331,0.0589613964024205,0.0589613964024205,0.0596103257602204,0.059019354604934,0.0607838133522614,0.0551358399361042,0.0563177778448221,0.0602796781848146,0.0603151744997634,0.0602600984312633,0.0558733926646078,0.0674638903628994,0.0595900408331483,0.0603205915137249,0.0343831272453109,0.0343831272453109,0.0349953991115145,0.0450324143103888,0.0374820585861752,0.0343940759112021,0.0544745341471425,0.0456519078554312,0.053865149323783,0.0374820585861752,0.0325284021047731,0.0451308722893576,0.0400157303410625,0.0616036244606706,0.0583505225493015,0.0635433973447964,0.0641550184449638,0.0616036244606706,0.0437951234120534,0.0431614097657516,0.0648780304001234,0.0437951234120534,0.0179081664537437,0.00710491528632646,0.00829428835420297,0.00770157406834746,0.00650896765916049,0.00889703190023402,0.00770157406834746,0.00829428835420297,0.00591372949362306,0.00829920532199546,0.00770157406834746,0.17920895674142,0.179934012626849,0.179057245689003,0.177608955376084,0.178408316057933,0.178408316057933,0.178408316057933,0.178408316057933,0.178408316057933,0.177608955376084,0.17920895674142,0.0545090644159973,0.0532572462886898,0.0635340148029168,0.0628469732254382,0.0622737610493169,0.0532572462886898,0.0610695612881858,0.055172358288594,0.059019354604934,0.060994239637311,0.0539011613809042,0.0520213675467079,0.0456519078554312,0.0475291341456874,0.0406208008457446,0.0557993877127431,0.0543983576174968,0.0418678467845651,0.0424853361569199,0.0399914741421466,0.0493956573190179,0.0519071344111233,0.0269951670941699,0.0288435980348331,0.0288344525135996,0.0306988877331008,0.033750843397381,0.0437951234120534,0.0288435980348331,0.0269951670941699,0.0288344525135996,0.0469757957155622,0.0469757957155622,0.00472537480469985,0.00829428835420297,0.00710097036533759,0.00531631647777729,0.00590778089293673,0.00472537480469985,0.00769727335789911,0.00531919910252788,0.00949046117351291,0.0313300774617031,0.00889201705658983,0.0609107166102492,0.0616252236955317,0.053865149323783,0.0622144983137896,0.0655294325485971,0.0609513086473382,0.050741985312752,0.223912995098822,0.041237329677051,0.0406076066718976,0.0431312713355196,0.055172358288594,0.0424853361569199,0.0418415595784357,0.053239366190361,0.0412509206518886,0.0424720766859498,0.0609307199434638,0.0325093778309681,0.0609307199434638,0.0609307199434638,0.0609307199434638,0.0609307199434638,0.0294612633388294,0.0288435980348331,0.0609107166102492,0.0288435980348331,0.0602796781848146,0.0197167786542175,0.015483919280433,0.0185078834952102,0.00829894570451891,0.00650896765916049,0.00889703190023402,0.00889703190023402,0.015483919280433,0.0160888800317896,0.0191247120660645,0,0.0722217738713992,0.0660796156988042,0.0596103257602204,0.0512977495877637,0.0615621825004572,0.045701097765762,0.0282266948103689,0.0444296412637059,0.0418963869530665,0.0300516168544428,0.0300516168544428,0.0300516168544428,0.0444296412637059,0.0456841352547093,0.0456519078554312,0.0306610256894459,0.0160888800317896,0.0124700463816743
"A_South_Australia_355_2007_H3N2",0.025093471909213,0.0244669054111793,0.0238750863165574,0.0194963594945763,0.0213620333010054,0.020752028068081,0.0244669054111793,0.0263385630610633,0.0194963594945763,0.0194963594945763,0.0201174775868719,0.0307079435565122,0.0328578069843647,0.0269295880452316,0.027187834677377,0.033219503611567,0.0329600019636281,0.0332087179263228,0.0272890250285761,0.0307423754259574,0.0322601479514569,0.0332428032316375,0.0466986746027501,0.044167070865629,0.0447915585060513,0.0435136025387792,0.0485952696025672,0.0454317634590736,0.043528093142883,0.0441378495427227,0.0429198203367226,0.0485952696025672,0.0447915585060513,0.05059589308114,0.0511604199743846,0.0531587127853022,0.0492726828614507,0.0550884140676603,0.0537511531208979,0.0531587127853022,0.0505100706791555,0.0499182607432607,0.0577118737649818,0.0479840223543005,0.0687204879304065,0.0740462790750248,0.0740198999246296,0.0747196798502142,0.0729002000270441,0.0760692083347967,0.0747196798502142,0.0753667020857411,0.0727021922441247,0.0754141333675869,0.0747196798502142,0.142909650196707,0.143608814923307,0.142788918559386,0.14139219834913,0.142150348608112,0.142150348608112,0.142150348608112,0.142150348608112,0.142150348608112,0.14139219834913,0.142909650196707,0.0253584872200611,0.0309306088164732,0.0252136120129027,0.0259853946847,0.0253819149656321,0.0296837253772721,0.0334991223904018,0.0272253209245913,0.0309410659447594,0.0334583528271154,0.0303067784173957,0.0389726803795422,0.0459843525243899,0.0351392648637408,0.0421058586101042,0.0421348036700667,0.0549125190871412,0.042120038000554,0.0440413448979146,0.0414904736839926,0.0382940947127686,0.0517163727998754,0.0518198291229307,0.0537909223458003,0.0537708902486577,0.0531330275140402,0.0518391635058806,0.0511645210343705,0.0537909223458003,0.0537909223458003,0.0537708902486577,0.0544496839694205,0.0544496839694205,0.0715442669926694,0.0752720185410533,0.0749139799983529,0.0728745482109425,0.0706928124466658,0.0715442669926694,0.0712974890499242,0.0722217738713992,0.0767654855415295,0.0662717954755478,0.0759458730904873,0.0201174775868719,0.0357905794449376,0.0275662532082446,0.0351146922800314,0.029495470378198,0.0338661897011181,0.0498745244359358,0.201469975985691,0.0427647834154899,0.0395761466972374,0.0434103612972998,0.042795732837748,0.0427501885961783,0.0427361812575945,0.0408614944487878,0.0414904736839926,0.0427647834154899,0.052456829045523,0.0537708902486577,0.052456829045523,0.052456829045523,0.052456829045523,0.052456829045523,0.0531330275140402,0.0537909223458003,0.0524382586281503,0.0537909223458003,0.0518010912466177,0.070216441630262,0.0695412220813263,0.0688910627856409,0.0749410191868684,0.0742598201714205,0.0729002000270441,0.0729002000270441,0.0681935123704901,0.0695412220813263,0.0709442312337079,0.0722217738713992,0,0.018279196173168,0.0216984826323076,0.031942092803106,0.0235222336839593,0.0512119225257361,0.0531587127853022,0.0499182607432607,0.0466986746027501,0.0492903035083552,0.0492903035083552,0.0531788519474916,0.0499182607432607,0.0492556430424081,0.0441378495427227,0.0512119225257361,0.0694684916844163,0.0661787346274893
"A_Brisbane_10_2007",0.0100719602499278,0.0100688646015344,0.00948691443253376,0.00649976907681203,0.00828654882224453,0.00650361202592284,0.00947423154754098,0.0112657532640288,0.00649976907681203,0.00649976907681203,0.00709465314460642,0.0190872958559222,0.0204557667441263,0.0142534213482786,0.0156008991730435,0.020290422241358,0.0205174930538499,0.020284892613597,0.0156572717585626,0.0166809466199425,0.0204798942750396,0.0203031019261084,0.0368566676353488,0.0343831272453109,0.0349953991115145,0.0325093778309681,0.0387117333392285,0.0368680604765955,0.0318986500837173,0.0331206602159983,0.033160248739742,0.0387117333392285,0.0349953991115145,0.0400514853540198,0.041249318374117,0.0418818355620996,0.039362938547121,0.0443978964587364,0.0450021263601211,0.0418818355620996,0.0399786757713622,0.0393505349852313,0.0456519078554312,0.0387231823307832,0.0609107166102492,0.0687129331746503,0.0686901343909784,0.0693734352522071,0.0667366460167386,0.0706970627624606,0.0693734352522071,0.0700111391223977,0.0673945408484986,0.0700545938699218,0.0693734352522071,0.146283373384012,0.146979512688596,0.14615658320176,0.144765921536435,0.145524071795417,0.145524071795417,0.145524071795417,0.145524071795417,0.145524071795417,0.144765921536435,0.146283373384012,0.0130549843858008,0.018474996580198,0.0125885084692044,0.0130582823930087,0.0124654374692686,0.0172643422356928,0.0209446756952878,0.0148633385050585,0.0190872958559222,0.0209196353400727,0.0178693029870494,0.029478991391977,0.0343831272453109,0.0239434455221305,0.0306610256894459,0.0319180120759111,0.0430145357852192,0.0319080546306558,0.0325186129653776,0.0300604247999793,0.0269871597719187,0.0399231227476092,0.0418818355620996,0.0444134865403729,0.0437641828124346,0.0444134865403729,0.0406345566303681,0.0399786757713622,0.0444134865403729,0.0437793710463754,0.0437641828124346,0.0431312713355196,0.0431312713355196,0.065423447625629,0.0700111391223977,0.0686901343909784,0.0680309385143492,0.0667366460167386,0.065423447625629,0.0667587367214818,0.0660796156988042,0.0713356432081861,0.0564651838311053,0.0706729525876518,0.00828654882224453,0.0227436192790655,0.0148589550739003,0.0221108228229826,0.0160855639822683,0.0209051350213243,0.0374938427860664,0.204138457408063,0.0312884758648818,0.0282179296241419,0.0319080546306558,0.0313081743188332,0.031279454958144,0.0312709871050192,0.02945173654262,0.0300604247999793,0.0312884758648818,0.0418678467845651,0.0424991599997495,0.0418678467845651,0.0418678467845651,0.0418678467845651,0.0418678467845651,0.0431460587387789,0.0437793710463754,0.0418544212467089,0.0437793710463754,0.041237329677051,0.0615230867878342,0.0608724686088482,0.0602411041348404,0.0687129331746503,0.0680533024721189,0.0667366460167386,0.0667366460167386,0.0608724686088482,0.0615230867878342,0.0622144983137896,0.0660796156988042,0.018279196173168,0,0.00709465314460642,0.0196777279973961,0.0106640268380808,0.0406076066718976,0.0431460587387789,0.0393505349852313,0.0362216136354791,0.0387477619385483,0.0387477619385483,0.0425284982888366,0.0393505349852313,0.0405949747369669,0.0362320579351329,0.0406208008457446,0.0602600984312633,0.0563740685074118
"A_Victoria_502_2009",0.011259719302584,0.0112574989268713,0.0100748319219315,0.00176678629065556,0.00353983779403084,0.00176782741615388,0.0106616331068688,0.0124551042898488,0.00176678629065556,0.00176678629065556,0.0023571051313632,0.0130621129698273,0.0143729299419783,0.00946928313939007,0.0107626236863928,0.0142569080414981,0.014416098737759,0.0142534213482786,0.0108013751209923,0.0130767939569651,0.0143891869501428,0.0142654829851098,0.033043506454783,0.0306341210678435,0.0312310153020638,0.0288111678685818,0.034850809318069,0.0330536175632292,0.0264095938245797,0.0294071267902432,0.0276292261345984,0.034850809318069,0.0312310153020638,0.0356607070103724,0.0375165381907063,0.0367065265008195,0.033043506454783,0.0381331448235842,0.0385109248465223,0.0367065265008195,0.0350061802854345,0.0342512128272267,0.0393759027246791,0.033642199353638,0.0544510381164675,0.0614819725873595,0.0614627535379537,0.0621205422782432,0.0602600984312633,0.0634001335076539,0.0621205422782432,0.062739893440502,0.0602072746375593,0.0627778005227863,0.0621205422782432,0.143745940136089,0.144427780291798,0.143628800832862,0.142266649116216,0.143005747550872,0.143005747550872,0.143005747550872,0.143005747550872,0.143005747550872,0.142266649116216,0.143745940136089,0.00856885092597179,0.0137662274983113,0.00776558813350021,0.0085705794969516,0.00799977405760919,0.0126061341704628,0.0149555503151742,0.0103006850293995,0.0131892544490579,0.0149383638146866,0.0131858443803302,0.0233531895627494,0.0306885955530591,0.0190872958559222,0.0269871597719187,0.0270037216682713,0.039279460673643,0.0282266948103689,0.0288344525135996,0.0263887154406714,0.0208927954240419,0.0362024020595822,0.036892519585754,0.0394035104249023,0.0387608912965002,0.0394035104249023,0.0356540194952615,0.0350061802854345,0.0394035104249023,0.0387745795243668,0.0387608912965002,0.0381331448235842,0.0381331448235842,0.0589613964024205,0.0621024123937923,0.062194231618373,0.0615423410436313,0.059571142236231,0.0589613964024205,0.0589856276417627,0.0596103257602204,0.0640590312046364,0.0513654701015175,0.0627353238707072,0.00353983779403084,0.0166809466199425,0.0100688646015344,0.0160606522314609,0.0112806011282945,0.0148633385050585,0.0344055793959679,0.201349342551721,0.0263805388668051,0.0251689363317006,0.0269951670941699,0.0263974381782266,0.0276021659995187,0.0275943285553199,0.0245558154700784,0.0251609677396833,0.0263805388668051,0.0356300106845121,0.0375061854937873,0.0356300106845121,0.0356300106845121,0.0356300106845121,0.0356300106845121,0.038146438738236,0.0387745795243668,0.0356188405887961,0.0387745795243668,0.0350061802854345,0.0563911297456783,0.0557459683658432,0.0538314472417704,0.0622144983137896,0.0615621825004572,0.0602600984312633,0.0602600984312633,0.0557459683658432,0.0563911297456783,0.0570738268584507,0.0596103257602204,0.0216984826323076,0.00709465314460642,0,0.014855106138095,0.00628829250252141,0.0354714696867047,0.0385481492089677,0.0354714696867047,0.0324263932834519,0.0336626310368178,0.0336626310368178,0.0361061300966307,0.0354714696867047,0.0366834320172169,0.0300113564710274,0.0354825356814994,0.0551878719938389,0.0512822563136353
"A_Victoria_361_2011",0.0239128043213454,0.0239083140895423,0.0221073567973708,0.0130522195693454,0.014855106138095,0.0142618917262077,0.0233030481482148,0.0251293159173182,0.0130522195693454,0.0130522195693454,0.0136524597374703,0.0160759858685859,0.0174143018498629,0.0100662981356939,0.0113668533671771,0.0172744187087331,0.0174667488358475,0.0172691120342303,0.0114078033335969,0.0215218715728276,0.0174361189873042,0.017286640213091,0.0239362273845134,0.0215077082960487,0.0221108228229826,0.0196777279973961,0.0257594120709306,0.0239434455221305,0.020290422241358,0.0202799039613701,0.0215218715728276,0.0257594120709306,0.0221108228229826,0.0264280820418775,0.0288517876903426,0.0294713392616369,0.0263887154406714,0.0313188506147611,0.0319180120759111,0.0294713392616369,0.0257666652476439,0.0251535443860218,0.032549639885246,0.0257666652476439,0.0449741065291755,0.053865149323783,0.0532053356073744,0.0545090644159973,0.051938364665788,0.0557993877127431,0.0545090644159973,0.0538480092177063,0.0525798015722325,0.0538810018648732,0.0545090644159973,0.157320066727709,0.158025791536617,0.157185431486514,0.155775663955416,0.156547269046819,0.156547269046819,0.156547269046819,0.156547269046819,0.156547269046819,0.155775663955416,0.157320066727709,0.00887483418334191,0.00947749827020053,0.0174457321750694,0.0166601125549087,0.0172746268659306,0.00828346785200808,0.0173142055286368,0.0106704043668509,0.0160759858685859,0.0179003500061262,0.00888012663402916,0.0160799110408443,0.0227279651555267,0.0106669507972495,0.017864704930582,0.0196948293450063,0.0300054382629863,0.0190814247928026,0.019682888752274,0.0172691120342303,0.0154617279015748,0.0269606155830656,0.0276194852928947,0.0282360081823523,0.0288435980348331,0.0294713392616369,0.0263974381782266,0.0269951670941699,0.0282360081823523,0.0294713392616369,0.0288435980348331,0.0300796926075276,0.0300796926075276,0.0506579542349512,0.0551358399361042,0.0538480092177063,0.0532053356073744,0.0531891863955921,0.0506579542349512,0.0544915099500301,0.0512977495877637,0.0564269962378406,0.0463206725781083,0.0557810013159393,0.014855106138095,0.0185002330418967,0.00947149296536291,0.0190872958559222,0.0209246190247824,0.0178863223204813,0.0245726331271071,0.206179753115201,0.0172643422356928,0.0160652282765924,0.0178693029870494,0.0178801123018816,0.0184700318810301,0.0184656061916429,0.0160652282765924,0.0160606522314609,0.0172643422356928,0.0288435980348331,0.0282266948103689,0.0288435980348331,0.0288435980348331,0.0288435980348331,0.0288435980348331,0.0282360081823523,0.0288532922113727,0.0288344525135996,0.0288532922113727,0.0282266948103689,0.0455812713692073,0.0449483598922923,0.0443284375886866,0.053865149323783,0.0532220624184109,0.051938364665788,0.051938364665788,0.0449483598922923,0.0455812713692073,0.0462423380271299,0.0512977495877637,0.031942092803106,0.0196777279973961,0.014855106138095,0,0.0154575158495201,0.0276105517872362,0.0288532922113727,0.0263805388668051,0.0233186799415405,0.0257828099508618,0.0257828099508618,0.0282458691188897,0.0263805388668051,0.0276021659995187,0.0221047235051449,0.0263887154406714,0.0443411950522606,0.0405604587019724
"A_Perth_16_2009",0.0148490142446303,0.0148467725415276,0.0130599680705104,0.00412667431432238,0.0059039273703815,0.00531394321078802,0.014248052633822,0.0160501425568101,0.00412667431432238,0.00412667431432238,0.0047183903597125,0.0148682558127841,0.0161955322031437,0.0100662981356939,0.0113668533671771,0.0160652282765924,0.0162442543393142,0.0160606522314609,0.0114078033335969,0.00948561369064289,0.0162151171595284,0.0160759858685859,0.0330536175632292,0.030643815971625,0.0312405492804482,0.0288192370425542,0.0348609690003573,0.0330642595089699,0.028223968538143,0.0294150326762817,0.0282621511892866,0.0348609690003573,0.0312405492804482,0.0345674353047519,0.0381434975205031,0.0373594236419055,0.0336851878795095,0.0394181527056573,0.039163533902034,0.0373594236419055,0.0356300106845121,0.0342615338537236,0.0406637505375698,0.0336521492566589,0.0557426985773204,0.0627805273321646,0.0627599285546316,0.0634211424101889,0.0622144983137896,0.0647048401628118,0.0634211424101889,0.0640411592364817,0.0615017542566061,0.0640799124702018,0.0634211424101889,0.143039991433716,0.14372186595461,0.142925113048707,0.141562885485,0.14230089299906,0.14230089299906,0.14230089299906,0.14230089299906,0.14230089299906,0.141562885485,0.143039991433716,0.00859021262338791,0.0138016507495379,0.00417023118005443,0.00456843083439747,0.00399764659864279,0.0126381830925059,0.0161671456861608,0.0103275527851221,0.0143890051814551,0.0161484960839706,0.013219578506851,0.0258071822188456,0.0313081743188332,0.0203031019261084,0.0276021659995187,0.0270037216682713,0.0399048516244693,0.0288435980348331,0.02945173654262,0.0270037216682713,0.0233318246507584,0.0368258435368637,0.0375190860837878,0.0400332334300558,0.0393894268915258,0.0400332334300558,0.0362794104460878,0.0356300106845121,0.0400332334300558,0.0394035104249023,0.0393894268915258,0.0387608912965002,0.0387608912965002,0.0609107166102492,0.0634274273644436,0.0641550184449638,0.0635005680897489,0.062100915717756,0.0609107166102492,0.0615262843895743,0.0615621825004572,0.0653652602217522,0.0532947329452822,0.0640627514651714,0.0059039273703815,0.0185002330418967,0.0106669507972495,0.0178744389846784,0.00769805292425431,0.0166749346897687,0.0350294097950456,0.203426974796854,0.0269951670941699,0.0257828099508618,0.0276105517872362,0.0263974381782266,0.0282179296241419,0.0282097132483862,0.0245558154700784,0.0257744647491678,0.0269951670941699,0.0369055846043208,0.0381331448235842,0.0369055846043208,0.0369055846043208,0.0369055846043208,0.0369055846043208,0.0387745795243668,0.0394035104249023,0.036892519585754,0.0394035104249023,0.0362794104460878,0.0570371246675795,0.0563911297456783,0.0557631946542927,0.0641765675418568,0.063521688600825,0.0622144983137896,0.0622144983137896,0.0563911297456783,0.0570371246675795,0.0577214953427932,0.0615621825004572,0.0235222336839593,0.0106640268380808,0.00628829250252141,0.0154575158495201,0,0.0354825356814994,0.0385616291999443,0.0354825356814994,0.0324356036443381,0.0336736441060346,0.0336736441060346,0.0367317576147526,0.0354825356814994,0.0366947118870396,0.0312310153020638,0.0354941349161864,0.0552053047089662,0.0519224612666576
"A_Victoria_909_2018",0.0424356908489456,0.0436849353413378,0.0418546455463695,0.0337608496292085,0.0343831272453109,0.0350273273746058,0.0430658106550896,0.0449483598922923,0.0337608496292085,0.0337608496292085,0.0343831272453109,0.0369192057719651,0.0378266571057769,0.0313081743188332,0.0328583652300251,0.038146438738236,0.0373087293678177,0.0381331448235842,0.0323490793059638,0.0406488734012677,0.0366391015803134,0.0381746992125441,0.0175169181477103,0.0151589011855995,0.0157445339105637,0.0181184256101559,0.0192870371364641,0.0175238952190607,0.0318477138966491,0.018705979350194,0.0318691061741559,0.0192870371364641,0.0157445339105637,0.00929943580555659,0.0215426487144398,0.0373456312339139,0.0342837723086492,0.0400332334300558,0.0397659746149765,0.0373456312339139,0.00531919910252788,0.0034662183878224,0.0412797883114788,0.00288684404721319,0.0389689598464176,0.047214901955295,0.0471971156132548,0.0478406842647659,0.0463380405270563,0.0490946034172478,0.0478406842647659,0.0471971156132548,0.0459656820674956,0.0472253461952446,0.0478406842647659,0.165770300534576,0.166475406419018,0.165629624687966,0.16422111261824,0.164995106580848,0.164995106580848,0.164995106580848,0.164995106580848,0.164995106580848,0.16422111261824,0.165770300534576,0.0300476105349054,0.028251818415962,0.0372631321877142,0.0354714696867047,0.0373295704268555,0.028251818415962,0.0374181614955038,0.031880594883297,0.0361316759409174,0.0379891336214069,0.0288567791673187,0.028273278463505,0.0203261632512821,0.023959512265485,0.0142761892246311,0.0319395831587936,0.02757411259255,0.0166874931348823,0.017286640213091,0.0136734163969568,0.0270037216682713,0.0251535443860218,0.0197340966631292,0.0221790893102251,0.0215566734292695,0.0221790893102251,0.0227436192790655,0.00413225492494671,0.0221790893102251,0.0215667193622772,0.0215566734292695,0.00710491528632646,0.00710491528632646,0.0450649653644336,0.048448680722314,0.0482351611966569,0.047596183473911,0.0465556528427684,0.0450649653644336,0.0478225065640811,0.045701097765762,0.0497331884433282,0.0388684106854036,0.0490756400521109,0.0356300106845121,0.039433353118233,0.0300796926075276,0.0400187535951238,0.0406735605236917,0.0387888260020592,0.0258111135628235,0.215491199022672,0.0160821661844342,0.0148737063816649,0.0166874931348823,0.0300901512218119,0.0160759858685859,0.0160703396946991,0.0282360081823523,0.0148796895996488,0.0172802616402168,0.0375190860837878,0.0233556144595099,0.0375190860837878,0.0375190860837878,0.0375190860837878,0.0375190860837878,0.0209550984909051,0.0215667193622772,0.0375061854937873,0.0215667193622772,0.036892519585754,0.0412797883114788,0.0381602904070336,0.0387745795243668,0.0495349823646843,0.0476143654064458,0.0488939566358566,0.0488939566358566,0.0381602904070336,0.0387888260020592,0.0406791874220123,0.045701097765762,0.0512119225257361,0.0406076066718976,0.0354714696867047,0.0276105517872362,0.0354825356814994,0,0.0211113524387587,0.00579045267181469,0.00928739085470685,0.0204866534983605,0.0204866534983605,0.0228804342525469,0.00579045267181469,0.00695285200672628,0.0216736765127929,0.0210759478104061,0.0383930953388262,0.033806417934818
"A_Victoria_747_2018",0.0437090837164905,0.0436967255653007,0.0425543641850771,0.0362667372762831,0.038146438738236,0.0375418125128619,0.0443411950522606,0.046228376543574,0.0362667372762831,0.0362667372762831,0.036892519585754,0.0381896645409093,0.0397409252995775,0.0325610872785921,0.0322428403224603,0.0394181527056573,0.0392262985958403,0.0394035104249023,0.031731668170609,0.0431938002117411,0.0385560555088662,0.0394491110506513,0.0104512584011975,0.0104512584011975,0.0110339514495285,0.020494890024136,0.0133818596973506,0.0104555821921459,0.0312506121626042,0.0210840251345318,0.0330993645300162,0.0133818596973506,0.00869811113842359,0.0211389052991003,0.0160917517037933,0.0385901934941288,0.0355189307661918,0.0406791874220123,0.0410142454536272,0.0385901934941288,0.0191247120660645,0.0187218616305833,0.0419602062536165,0.0193181646231449,0.0224725557950595,0.03065403874751,0.030643815971625,0.0312612033637109,0.0300796926075276,0.0324777489760317,0.0312612033637109,0.030643815971625,0.0294419169417568,0.0306618893331979,0.0312612033637109,0.165841692518221,0.166546698206106,0.165699611073309,0.164291303679097,0.165065897172512,0.165065897172512,0.165065897172512,0.165065897172512,0.165065897172512,0.164291303679097,0.165841692518221,0.031880594883297,0.0294735388199993,0.0410878680291732,0.0397796769251665,0.0404206028585809,0.0294735388199993,0.039284908798556,0.0312839683997178,0.0379891336214069,0.0398562241133776,0.0300803350109786,0.0282842459878893,0.0209276942283659,0.0239683596342355,0.0160821661844342,0.0319511955539987,0.0294123613884735,0.017286640213091,0.0178863223204813,0.0154775711893647,0.0257828099508618,0.0269871597719187,0.00117716358081774,0.00353983779403084,0.00294664379582899,0.00472537480469985,0.0106704043668509,0.0191247120660645,0.00353983779403084,0.00294812174864075,0.00294664379582899,0.0234060837910085,0.0234060837910085,0.0276105517872362,0.030643815971625,0.0306885955530591,0.0300697835928841,0.030028427474695,0.0276105517872362,0.0312506121626042,0.0282266948103689,0.0318769567598437,0.0227522580392207,0.0312506121626042,0.038146438738236,0.0407117379842483,0.0313300774617031,0.0412950637527542,0.0444907556933662,0.0400638702257471,0.02705468163598,0.210570887897273,0.0178930684256957,0.0166809466199425,0.0185002330418967,0.0301011588171575,0.0178863223204813,0.0178801123018816,0.0282458691188897,0.0166874931348823,0.0190937051306873,0.0381602904070336,0.00887721655123708,0.0381602904070336,0.0381602904070336,0.0381602904070336,0.0381602904070336,0.00353983779403084,0.00294812174864075,0.038146438738236,0.00294812174864075,0.0375325439341176,0.0239362273845134,0.0221047235051449,0.0215014382259178,0.0319395831587936,0.0288435980348331,0.0300796926075276,0.0300796926075276,0.0221047235051449,0.0227144796782755,0.0233392121754172,0.0282266948103689,0.0531587127853022,0.0431460587387789,0.0385481492089677,0.0288532922113727,0.0385616291999443,0.0211113524387587,0,0.0199151796194487,0.0175313848777124,0.00694679586282257,0.00694679586282257,0.0092832487125188,0.0199151796194487,0.0211017280167669,0.0222809137970263,0.00752727345998598,0.0218949406325481,0.017864704930582
"A_Victoria_800_2017",0.041177828550322,0.0424246952286703,0.0405959916406806,0.0337608496292085,0.0343831272453109,0.0350273273746058,0.0418063641453476,0.0424246952286703,0.0337608496292085,0.0337608496292085,0.0343831272453109,0.0356668569644604,0.0365640301721798,0.0300697835928841,0.0316044460775431,0.036892519585754,0.0360437065551326,0.0368800113355544,0.0310920076192976,0.0406488734012677,0.0353756770293588,0.0369192057719651,0.015147245465762,0.0127976217085128,0.0133818596973506,0.0169300709212327,0.0169117357571651,0.0151528178651735,0.0294234667233383,0.0175169181477103,0.0294419169417568,0.0169117357571651,0.0133818596973506,0.00695888150230522,0.0191051058002711,0.0348946459338105,0.0318477138966491,0.0375190860837878,0.0373074570617652,0.0348946459338105,0.00413225492494671,0.0034662183878224,0.0387608912965002,0.00404626485658768,0.0377259511266867,0.0459656820674956,0.0459486755139611,0.0465899018739148,0.0450649653644336,0.0478406842647659,0.0465899018739148,0.0459486755139611,0.0447195755035159,0.0459761263074452,0.0465899018739148,0.166546698206106,0.167252407352386,0.166404818641693,0.164995106580848,0.165770300534576,0.165770300534576,0.165770300534576,0.165770300534576,0.165770300534576,0.164995106580848,0.166546698206106,0.0288369561904002,0.0270440883601602,0.0372631321877142,0.0354714696867047,0.0373295704268555,0.0270440883601602,0.0361881485750727,0.0306647888131108,0.0349069355857475,0.0367591207009757,0.0276475887351779,0.0258071822188456,0.0178930684256957,0.021514519618389,0.0118694457088573,0.0306988877331008,0.0251246282080051,0.0142705699997241,0.0148682558127841,0.0112695656129053,0.0245482225649578,0.0227085517389258,0.0185160692641887,0.0209550984909051,0.0203349257230315,0.0209550984909051,0.0215218715728276,0.00531919910252788,0.0209550984909051,0.0203442248657439,0.0203349257230315,0.00829894570451891,0.00829894570451891,0.0437951234120534,0.0471971156132548,0.0469580212941086,0.0463206725781083,0.0453095462787886,0.0437951234120534,0.0465725059130388,0.0444296412637059,0.0484776950027492,0.0376081705727361,0.0478225065640811,0.0356300106845121,0.0381746992125441,0.0288435980348331,0.0387608912965002,0.0406735605236917,0.0375325439341176,0.0233556144595099,0.214651568262812,0.0148737063816649,0.0124655138876742,0.0154775711893647,0.0288532922113727,0.0136634359527075,0.0136592440038169,0.0270037216682713,0.0136734163969568,0.0160703396946991,0.0350175173884838,0.022132372259175,0.0350175173884838,0.0350175173884838,0.0350175173884838,0.0350175173884838,0.0197340966631292,0.0203442248657439,0.0350061802854345,0.0203442248657439,0.0343940759112021,0.0400187535951238,0.0369055846043208,0.0375190860837878,0.0482537516828343,0.0463380405270563,0.0476143654064458,0.0476143654064458,0.0369055846043208,0.0375325439341176,0.0394181527056573,0.0444296412637059,0.0499182607432607,0.0393505349852313,0.0354714696867047,0.0263805388668051,0.0354825356814994,0.00579045267181469,0.0199151796194487,0,0.00694957245190703,0.0192940470891735,0.0192940470891735,0.021682111330247,0,0.00462455909175077,0.0204789328141022,0.0198826298215406,0.0371500866190953,0.0325610872785921
"A_Victoria_705_2017",0.0380469479383339,0.0392879220800512,0.0374631493112167,0.0306610256894459,0.031279454958144,0.0319178646167778,0.0386715576385499,0.0392879220800512,0.0306610256894459,0.0306610256894459,0.031279454958144,0.032549639885246,0.0340483015944963,0.0269871597719187,0.0291060024029912,0.033771410824504,0.0335232223267453,0.0337608496292085,0.0285873060759645,0.0375061854937873,0.0328583652300251,0.0337941955993794,0.0122008609821866,0.0104474411183469,0.0110302974556552,0.0145618012478961,0.0145476651591922,0.0127929314784977,0.0276129638398622,0.015147245465762,0.028232726509616,0.0145476651591922,0.0110302974556552,0.00695888150230522,0.0160747934944256,0.0336736441060346,0.0306341210678435,0.0362667372762831,0.0360827167065952,0.0336736441060346,0.00769349707673532,0.00694957245190703,0.0375061854937873,0.00753300308986727,0.0352491658763563,0.0434765667837849,0.0434611081939043,0.0440976848760805,0.0425284982888366,0.045342240590214,0.0440976848760805,0.0434611081939043,0.0422366405438936,0.0434870110237345,0.0440976848760805,0.162676709845947,0.163379421295058,0.162540811775987,0.161137062747917,0.161906293668869,0.161906293668869,0.161906293668869,0.161906293668869,0.161906293668869,0.161137062747917,0.162676709845947,0.0258230832916415,0.0246373448443863,0.0341105366235568,0.0324263932834519,0.0342714569181375,0.0240374647484343,0.0331262896498081,0.0276381451886495,0.0318581456516883,0.0336972617757111,0.0246373448443863,0.0239655595106974,0.0154717561878017,0.0196885894090035,0.00947423154754098,0.0276105517872362,0.0226870852938365,0.0118652737195494,0.0124615122970103,0.00887721655123708,0.0227144796782755,0.0202754569133394,0.0160888800317896,0.0185160692641887,0.0179003500061262,0.0185160692641887,0.0190872958559222,0.0088875274949277,0.0185160692641887,0.0179081664537437,0.0179003500061262,0.0118851383918759,0.0118851383918759,0.0412650737378821,0.0447033448577352,0.0444134865403729,0.0437793710463754,0.0428266113191664,0.0412650737378821,0.0440818407379367,0.0418963869530665,0.0459761263074452,0.0350971797335879,0.0453256224738376,0.0325186129653776,0.0350418568830802,0.0263805388668051,0.0356300106845121,0.0375288960699097,0.0344055793959679,0.0209121153996969,0.211307074187414,0.0124655138876742,0.0100688646015344,0.0118652737195494,0.0257744647491678,0.0112624709550038,0.011259719302584,0.0239362273845134,0.0112695656129053,0.0136592440038169,0.033771410824504,0.0196948293450063,0.033771410824504,0.033771410824504,0.033771410824504,0.033771410824504,0.0173010018375428,0.0179081664537437,0.0337608496292085,0.0179081664537437,0.0331495201970687,0.0375061854937873,0.0356300106845121,0.0350175173884838,0.045701097765762,0.0437951234120534,0.0450649653644336,0.0450649653644336,0.0356300106845121,0.0362546203847281,0.0369055846043208,0.0418963869530665,0.0466986746027501,0.0362216136354791,0.0324263932834519,0.0233186799415405,0.0324356036443381,0.00928739085470685,0.0175313848777124,0.00694957245190703,0,0.0169173343549597,0.0169173343549597,0.0192940470891735,0.00694957245190703,0.00811365753593267,0.0180979759339803,0.017504504054216,0.034673301368765,0.0312980491942508
"A_Victoria_704_2017",0.0405714001147001,0.0405604587019724,0.038156248724358,0.0319180120759111,0.0337825263558443,0.0331802589827772,0.0411999357097256,0.0430777705013061,0.0319180120759111,0.0319180120759111,0.0325387446199435,0.0338191927454138,0.0353282165506797,0.0282360081823523,0.0291263072789269,0.0350418568830802,0.0348048596266253,0.0350294097950456,0.0286069789850921,0.0387888260020592,0.0341420233204988,0.0350684126332132,0.00752988630791379,0.00752988630791379,0.00811070409794609,0.0175238952190607,0.0092832487125188,0.00753300308986727,0.0276292261345984,0.0181110952823996,0.028251818415962,0.0092832487125188,0.00578474956050255,0.0205149474999765,0.0124881239235832,0.0349197562722444,0.0318691061741559,0.0375465584264133,0.0373323722808407,0.0349197562722444,0.0191006520005447,0.0181042785325409,0.0388189912445073,0.018698808923636,0.0236605814707626,0.0318378114930431,0.0318284390281372,0.0324453449821271,0.0319080546306558,0.0336626310368178,0.0324453449821271,0.0318284390281372,0.0306249546217993,0.0318472146085783,0.0324453449821271,0.162184089740107,0.162885796731608,0.162043798115502,0.160642068471626,0.161412484648704,0.161412484648704,0.161412484648704,0.161412484648704,0.161412484648704,0.160642068471626,0.162184089740107,0.0270440883601602,0.0258575441055241,0.0366563357733114,0.0348828878962958,0.0355151511941706,0.0258575441055241,0.0343753307447958,0.0276575561942171,0.0330993645300162,0.0349469884457542,0.0264603169331985,0.0252112343800265,0.017286640213091,0.0209196353400727,0.0136734163969568,0.0288635344228861,0.0269606155830656,0.0148737063816649,0.0154717561878017,0.0130713693645545,0.0215077082960487,0.0245411744380739,0.00531212006235829,0.00769024582968294,0.00709228205930475,0.00888356381854835,0.00650231128403188,0.0203179380552354,0.00769024582968294,0.00709465314460642,0.00709228205930475,0.0233741822897738,0.0233741822897738,0.0294343328254222,0.0318284390281372,0.0325186129653776,0.0318986500837173,0.0312135364122081,0.0294343328254222,0.0324356036443381,0.0300516168544428,0.0342817903254837,0.0245639525305872,0.0336521492566589,0.0337825263558443,0.0375762548812969,0.027012822871293,0.0369055846043208,0.0400725986958431,0.035680248984938,0.0239876792992582,0.207536976473358,0.0154775711893647,0.0142705699997241,0.0160821661844342,0.0282562770022766,0.0154717561878017,0.0154664748869993,0.0264067064591752,0.0142761892246311,0.0166749346897687,0.0350418568830802,0.00472083671535559,0.0350418568830802,0.0350418568830802,0.0350418568830802,0.0350418568830802,0.00769024582968294,0.00709465314460642,0.0350294097950456,0.00709465314460642,0.0344176370766611,0.0257527058471717,0.0239178414026905,0.0233129240095227,0.033771410824504,0.0319080546306558,0.0331495201970687,0.0331495201970687,0.0239178414026905,0.0245287150278517,0.0251535443860218,0.0300516168544428,0.0492903035083552,0.0387477619385483,0.0336626310368178,0.0257828099508618,0.0336736441060346,0.0204866534983605,0.00694679586282257,0.0192940470891735,0.0169173343549597,0,0,0.00462698501478275,0.0192940470891735,0.0204789328141022,0.0193015720352706,0.00288542690358836,0.0230840142135933,0.0196690287007348
"A_Victoria_695_2017",0.0405714001147001,0.0405604587019724,0.038156248724358,0.0319180120759111,0.0337825263558443,0.0331802589827772,0.0411999357097256,0.0430777705013061,0.0319180120759111,0.0319180120759111,0.0325387446199435,0.0338191927454138,0.0353282165506797,0.0282360081823523,0.0291263072789269,0.0350418568830802,0.0348048596266253,0.0350294097950456,0.0286069789850921,0.0387888260020592,0.0341420233204988,0.0350684126332132,0.00752988630791379,0.00752988630791379,0.00811070409794609,0.0175238952190607,0.0092832487125188,0.00753300308986727,0.0276292261345984,0.0181110952823996,0.028251818415962,0.0092832487125188,0.00578474956050255,0.0205149474999765,0.0124881239235832,0.0349197562722444,0.0318691061741559,0.0375465584264133,0.0373323722808407,0.0349197562722444,0.0191006520005447,0.0181042785325409,0.0388189912445073,0.018698808923636,0.0236605814707626,0.0318378114930431,0.0318284390281372,0.0324453449821271,0.0319080546306558,0.0336626310368178,0.0324453449821271,0.0318284390281372,0.0306249546217993,0.0318472146085783,0.0324453449821271,0.162184089740107,0.162885796731608,0.162043798115502,0.160642068471626,0.161412484648704,0.161412484648704,0.161412484648704,0.161412484648704,0.161412484648704,0.160642068471626,0.162184089740107,0.0270440883601602,0.0258575441055241,0.0366563357733114,0.0348828878962958,0.0355151511941706,0.0258575441055241,0.0343753307447958,0.0276575561942171,0.0330993645300162,0.0349469884457542,0.0264603169331985,0.0252112343800265,0.017286640213091,0.0209196353400727,0.0136734163969568,0.0288635344228861,0.0269606155830656,0.0148737063816649,0.0154717561878017,0.0130713693645545,0.0215077082960487,0.0245411744380739,0.00531212006235829,0.00769024582968294,0.00709228205930475,0.00888356381854835,0.00650231128403188,0.0203179380552354,0.00769024582968294,0.00709465314460642,0.00709228205930475,0.0233741822897738,0.0233741822897738,0.0294343328254222,0.0318284390281372,0.0325186129653776,0.0318986500837173,0.0312135364122081,0.0294343328254222,0.0324356036443381,0.0300516168544428,0.0342817903254837,0.0245639525305872,0.0336521492566589,0.0337825263558443,0.0375762548812969,0.027012822871293,0.0369055846043208,0.0400725986958431,0.035680248984938,0.0239876792992582,0.207536976473358,0.0154775711893647,0.0142705699997241,0.0160821661844342,0.0282562770022766,0.0154717561878017,0.0154664748869993,0.0264067064591752,0.0142761892246311,0.0166749346897687,0.0350418568830802,0.00472083671535559,0.0350418568830802,0.0350418568830802,0.0350418568830802,0.0350418568830802,0.00769024582968294,0.00709465314460642,0.0350294097950456,0.00709465314460642,0.0344176370766611,0.0257527058471717,0.0239178414026905,0.0233129240095227,0.033771410824504,0.0319080546306558,0.0331495201970687,0.0331495201970687,0.0239178414026905,0.0245287150278517,0.0251535443860218,0.0300516168544428,0.0492903035083552,0.0387477619385483,0.0336626310368178,0.0257828099508618,0.0336736441060346,0.0204866534983605,0.00694679586282257,0.0192940470891735,0.0169173343549597,0,0,0.00462698501478275,0.0192940470891735,0.0204789328141022,0.0193015720352706,0.00288542690358836,0.0230840142135933,0.0196690287007348
"A_Victoria_727_2018",0.0443545203063581,0.0443411950522606,0.0419369850746462,0.0356540194952615,0.0375325439341176,0.0369279342420611,0.0449878326139545,0.0468776621278577,0.0356540194952615,0.0356540194952615,0.0362794104460878,0.0363207614407178,0.037853474443714,0.0319511955539987,0.0328833694148099,0.0375465584264133,0.0373349093007966,0.0375325439341176,0.0323734751388647,0.0425767229062881,0.0366688764558823,0.0375762548812969,0.00986907186096415,0.00986907186096415,0.0104512584011975,0.0211017280167669,0.0116306708646226,0.00987355739311863,0.0288369561904002,0.021691062843446,0.0306760655892728,0.0116306708646226,0.00811711530583043,0.0217118361624709,0.0149021298197186,0.0361452470818145,0.0330871335730964,0.0388036301130796,0.0385616291999443,0.0361452470818145,0.0215381949147133,0.0204866534983605,0.0400800259608624,0.0210840251345318,0.0248705034162803,0.0318378114930431,0.0318284390281372,0.0324453449821271,0.0319080546306558,0.0336626310368178,0.0324453449821271,0.0318284390281372,0.0306249546217993,0.0318472146085783,0.0324453449821271,0.165282473008862,0.165986581863249,0.165137388804131,0.163730881383605,0.164506075337332,0.164506075337332,0.164506075337332,0.164506075337332,0.164506075337332,0.163730881383605,0.165282473008862,0.0306760655892728,0.0282730077403569,0.0404658780115311,0.0385616291999443,0.0392006715664657,0.0282730077403569,0.0368323381460103,0.0312961410811647,0.0355458525914241,0.0374039958469687,0.0288787013335055,0.0264427620962254,0.0209362914538968,0.0221406371678486,0.0160888800317896,0.0313418542428503,0.029419133136277,0.0172935538151469,0.0178930684256957,0.015483919280433,0.0239512073558616,0.0263805388668051,0.00769024582968294,0.0100797366378584,0.00947749827020053,0.0112787779798647,0.0088875274949277,0.0227614371150482,0.0100797366378584,0.00948129252093516,0.00947749827020053,0.0258326998429852,0.0258326998429852,0.0294343328254222,0.033043506454783,0.0325186129653776,0.0318986500837173,0.0312135364122081,0.0294343328254222,0.0324356036443381,0.0300516168544428,0.0342817903254837,0.0257917002315752,0.0336521492566589,0.0375325439341176,0.0388349087869858,0.0307211216988178,0.0394181527056573,0.0438724903223946,0.0381896645409093,0.0264492227324428,0.209198107569347,0.0179003500061262,0.0166874931348823,0.0185078834952102,0.0294931360127156,0.0178930684256957,0.0178863223204813,0.0276389929732561,0.0166945736249381,0.0191006520005447,0.0362926392739314,0.00590778089293673,0.0362926392739314,0.0362926392739314,0.0362926392739314,0.0362926392739314,0.0100797366378584,0.00948129252093516,0.0362794104460878,0.00948129252093516,0.0356668569644604,0.026979700327955,0.0251403358992237,0.0245346717157607,0.033771410824504,0.0319080546306558,0.0331495201970687,0.0331495201970687,0.0251403358992237,0.0257527058471717,0.0263805388668051,0.0300516168544428,0.0531788519474916,0.0425284982888366,0.0361061300966307,0.0282458691188897,0.0367317576147526,0.0228804342525469,0.0092832487125188,0.021682111330247,0.0192940470891735,0.00462698501478275,0.00462698501478275,0,0.021682111330247,0.0228712818757704,0.020494890024136,0.00404417597376962,0.0242939361591109,0.0208826215295404
"A_Victoria_826_2017",0.041177828550322,0.0424246952286703,0.0405959916406806,0.0337608496292085,0.0343831272453109,0.0350273273746058,0.0418063641453476,0.0424246952286703,0.0337608496292085,0.0337608496292085,0.0343831272453109,0.0356668569644604,0.0365640301721798,0.0300697835928841,0.0316044460775431,0.036892519585754,0.0360437065551326,0.0368800113355544,0.0310920076192976,0.0406488734012677,0.0353756770293588,0.0369192057719651,0.015147245465762,0.0127976217085128,0.0133818596973506,0.0169300709212327,0.0169117357571651,0.0151528178651735,0.0294234667233383,0.0175169181477103,0.0294419169417568,0.0169117357571651,0.0133818596973506,0.00695888150230522,0.0191051058002711,0.0348946459338105,0.0318477138966491,0.0375190860837878,0.0373074570617652,0.0348946459338105,0.00413225492494671,0.0034662183878224,0.0387608912965002,0.00404626485658768,0.0377259511266867,0.0459656820674956,0.0459486755139611,0.0465899018739148,0.0450649653644336,0.0478406842647659,0.0465899018739148,0.0459486755139611,0.0447195755035159,0.0459761263074452,0.0465899018739148,0.166546698206106,0.167252407352386,0.166404818641693,0.164995106580848,0.165770300534576,0.165770300534576,0.165770300534576,0.165770300534576,0.165770300534576,0.164995106580848,0.166546698206106,0.0288369561904002,0.0270440883601602,0.0372631321877142,0.0354714696867047,0.0373295704268555,0.0270440883601602,0.0361881485750727,0.0306647888131108,0.0349069355857475,0.0367591207009757,0.0276475887351779,0.0258071822188456,0.0178930684256957,0.021514519618389,0.0118694457088573,0.0306988877331008,0.0251246282080051,0.0142705699997241,0.0148682558127841,0.0112695656129053,0.0245482225649578,0.0227085517389258,0.0185160692641887,0.0209550984909051,0.0203349257230315,0.0209550984909051,0.0215218715728276,0.00531919910252788,0.0209550984909051,0.0203442248657439,0.0203349257230315,0.00829894570451891,0.00829894570451891,0.0437951234120534,0.0471971156132548,0.0469580212941086,0.0463206725781083,0.0453095462787886,0.0437951234120534,0.0465725059130388,0.0444296412637059,0.0484776950027492,0.0376081705727361,0.0478225065640811,0.0356300106845121,0.0381746992125441,0.0288435980348331,0.0387608912965002,0.0406735605236917,0.0375325439341176,0.0233556144595099,0.214651568262812,0.0148737063816649,0.0124655138876742,0.0154775711893647,0.0288532922113727,0.0136634359527075,0.0136592440038169,0.0270037216682713,0.0136734163969568,0.0160703396946991,0.0350175173884838,0.022132372259175,0.0350175173884838,0.0350175173884838,0.0350175173884838,0.0350175173884838,0.0197340966631292,0.0203442248657439,0.0350061802854345,0.0203442248657439,0.0343940759112021,0.0400187535951238,0.0369055846043208,0.0375190860837878,0.0482537516828343,0.0463380405270563,0.0476143654064458,0.0476143654064458,0.0369055846043208,0.0375325439341176,0.0394181527056573,0.0444296412637059,0.0499182607432607,0.0393505349852313,0.0354714696867047,0.0263805388668051,0.0354825356814994,0.00579045267181469,0.0199151796194487,0,0.00694957245190703,0.0192940470891735,0.0192940470891735,0.021682111330247,0,0.00462455909175077,0.0204789328141022,0.0198826298215406,0.0371500866190953,0.0325610872785921
"A_Victoria_701_2018",0.0424246952286703,0.0436737136901827,0.0418428990123358,0.0349953991115145,0.0356188405887961,0.0362649730816471,0.0430544182338237,0.0449363406237798,0.0349953991115145,0.0349953991115145,0.0356188405887961,0.0369055846043208,0.0378140994245601,0.0312980491942508,0.0328467053503613,0.0381331448235842,0.0372964948860704,0.0381204092841001,0.0323377290734855,0.0418963869530665,0.0366250608616419,0.0381602904070336,0.0163249172240438,0.0139714824071884,0.0145565779428464,0.0181110952823996,0.0180921880632288,0.0163306779708951,0.0318378114930431,0.018698808923636,0.030643815971625,0.0180921880632288,0.0145565779428464,0.00812482534616932,0.0203152344277177,0.0373323722808407,0.0342723872099484,0.0400187535951238,0.0397528093663794,0.0373323722808407,0.00413007630096208,0.00462455909175077,0.0412650737378821,0.00520561668183946,0.0389546537856002,0.0471971156132548,0.0471798726491875,0.0478225065640811,0.0463206725781083,0.0490756400521109,0.0478225065640811,0.0471798726491875,0.0459486755139611,0.0472080822597431,0.0478225065640811,0.168030617626215,0.168737637803469,0.167887731709554,0.166475406419018,0.167252407352386,0.167252407352386,0.167252407352386,0.167252407352386,0.167252407352386,0.166475406419018,0.168030617626215,0.0300377552913604,0.0282420099963494,0.0385167514947629,0.0366834320172169,0.0385456490027028,0.0282420099963494,0.0374038017381287,0.0318691061741559,0.0361186367531305,0.0379744298695055,0.0288466049914189,0.0282628579320579,0.0191006520005447,0.0239512073558616,0.0130664754984825,0.0319285217929503,0.0263429840393111,0.0154717561878017,0.0160703396946991,0.0124655138876742,0.0269951670941699,0.0239234246958701,0.0197251695499009,0.0221686686097138,0.0215471650790581,0.0221686686097138,0.0221406371678486,0.00650537768026096,0.0221686686097138,0.0215566734292695,0.0215471650790581,0.00949046117351291,0.00949046117351291,0.0450484072606109,0.0484306550400387,0.0482171384531288,0.0475785687622452,0.0465393432429537,0.0450484072606109,0.0478048727305678,0.0456841352547093,0.0497143531715153,0.038851382134708,0.0490572215380724,0.0368680604765955,0.0394181527056573,0.0300697835928841,0.0400048336252146,0.0419218530317837,0.0387745795243668,0.0245726331271071,0.21623164620658,0.0160759858685859,0.0136634359527075,0.0166809466199425,0.0300796926075276,0.0148633385050585,0.0148589550739003,0.0282266948103689,0.0148737063816649,0.0172744187087331,0.0375061854937873,0.023347142317537,0.0375061854937873,0.0375061854937873,0.0375061854937873,0.0375061854937873,0.0209454264093789,0.0215566734292695,0.0374938427860664,0.0215566734292695,0.0368800113355544,0.0412650737378821,0.038146438738236,0.0387608912965002,0.0495155716274938,0.047596183473911,0.0488749565494696,0.0488749565494696,0.038146438738236,0.0387745795243668,0.0406637505375698,0.0456841352547093,0.0492556430424081,0.0405949747369669,0.0366834320172169,0.0276021659995187,0.0366947118870396,0.00695285200672628,0.0211017280167669,0.00462455909175077,0.00811365753593267,0.0204789328141022,0.0204789328141022,0.0228712818757704,0.00462455909175077,0,0.0216657589630479,0.0210683873268765,0.0383791419054713,0.0337941955993794
"A_Victoria_804_2017",0.0380557571586392,0.0392969485893763,0.0362434999827771,0.0294343328254222,0.0312884758648818,0.0306881226474217,0.0386807572400195,0.0405500820774061,0.0294343328254222,0.0294343328254222,0.0300516168544428,0.0288435980348331,0.0315543444310868,0.0257666652476439,0.0278705451280846,0.0312980491942508,0.0316503960855392,0.0312884758648818,0.0279722519635954,0.0362667372762831,0.0291158757843105,0.0313188506147611,0.0163369510414795,0.0139827621934384,0.0145675350610747,0.0163306779708951,0.0192940470891735,0.0163437358632587,0.0252155358760274,0.0169173343549597,0.0264325990952836,0.0192940470891735,0.0145675350610747,0.0217038905105337,0.0227750810706364,0.0312506121626042,0.028223968538143,0.0337825263558443,0.0336521492566589,0.0312506121626042,0.0203102507430081,0.0192870371364641,0.0362667372762831,0.0198826298215406,0.0401714620029444,0.0471631736420313,0.0471470191741023,0.0477877833422474,0.0462876358495296,0.0490393484513066,0.0477877833422474,0.0471470191741023,0.0459162902028301,0.0471751888120937,0.0477877833422474,0.159668774607072,0.160369013441747,0.15953620483298,0.158137379841799,0.158902490932183,0.158902490932183,0.158902490932183,0.158902490932183,0.158902490932183,0.158137379841799,0.159668774607072,0.024629712526534,0.0228469358021019,0.0341213208772112,0.0324356036443381,0.0330630206787644,0.0228469358021019,0.0307010069873734,0.0264413155324859,0.0294419169417568,0.0312723223021948,0.0234457382688811,0.0203086167578087,0.0184931185114607,0.0172691120342303,0.0124655138876742,0.0257917002315752,0.0257313631679389,0.0136634359527075,0.0154664748869993,0.0130664754984825,0.020284892613597,0.0233129240095227,0.0209276942283659,0.0233741822897738,0.0227522580392207,0.0233741822897738,0.0215297635426874,0.0215297635426874,0.0233741822897738,0.0227614371150482,0.0227522580392207,0.0233646279871687,0.0233646279871687,0.0450169871351933,0.0483962390619016,0.0481827986636298,0.0462719683125013,0.0452645750550822,0.0450169871351933,0.0477712389805213,0.0456519078554312,0.0496783229511658,0.0406791874220123,0.0490220213713725,0.0312884758648818,0.0325610872785921,0.0245482225649578,0.0331495201970687,0.0375418125128619,0.0319285217929503,0.023959512265485,0.208718984003205,0.0130621129698273,0.0130621129698273,0.0136634359527075,0.023959512265485,0.0142609287936333,0.0142569080414981,0.0221246478210037,0.0118652737195494,0.0142569080414981,0.0312980491942508,0.0221406371678486,0.0312980491942508,0.0312980491942508,0.0312980491942508,0.0312980491942508,0.0233741822897738,0.0227614371150482,0.0312884758648818,0.0227614371150482,0.0306788540686775,0.0424991599997495,0.0393505349852313,0.0399914741421466,0.0494784571442898,0.0475615218889289,0.0488386617914773,0.0488386617914773,0.0380966158327494,0.0399786757713622,0.0418963869530665,0.0456519078554312,0.0441378495427227,0.0362320579351329,0.0300113564710274,0.0221047235051449,0.0312310153020638,0.0216736765127929,0.0222809137970263,0.0204789328141022,0.0180979759339803,0.0193015720352706,0.0193015720352706,0.020494890024136,0.0204789328141022,0.0216657589630479,0,0.0198899947163394,0.0395966578980092,0.0362430603952152
"A_Victoria_721_2018",0.0424472533937921,0.0424356908489456,0.0400291062920428,0.033771410824504,0.035641737194903,0.0350386783737899,0.0430777705013061,0.04496094874198,0.033771410824504,0.033771410824504,0.0343940759112021,0.035680248984938,0.0372076709889381,0.0300796926075276,0.0309897068344305,0.0369055846043208,0.03668822207991,0.036892519585754,0.0304753861026674,0.0406637505375698,0.0360211958337409,0.0369333824729678,0.00811070409794609,0.00811070409794609,0.00869202679331536,0.0193015720352706,0.00986509186278579,0.00811365753593267,0.027018422444777,0.0198899947163394,0.0288466049914189,0.00986509186278579,0.00636438461467599,0.0211054463936106,0.0130845718163939,0.034295688565857,0.0312506121626042,0.0369055846043208,0.0367065265008195,0.034295688565857,0.0197016079411322,0.0186921530686697,0.0381746992125441,0.0192870371364641,0.0242588207748302,0.0324356036443381,0.0324263932834519,0.033043506454783,0.0325186129653776,0.0342615338537236,0.033043506454783,0.0324263932834519,0.0312220108155325,0.0324455267087519,0.033043506454783,0.164433785584172,0.165137388804131,0.164291303679097,0.162885796731608,0.163659192090758,0.163659192090758,0.163659192090758,0.163659192090758,0.163659192090758,0.162885796731608,0.164433785584172,0.0288466049914189,0.0264505550045765,0.0385433332754376,0.0367065265008195,0.0373417753963759,0.0264505550045765,0.0362022849775906,0.0294624727604672,0.0349197562722444,0.0367736002924121,0.0270536913865173,0.0245873714754201,0.0191006520005447,0.0203031019261084,0.0142705699997241,0.0294713392616369,0.0275684748488812,0.0154717561878017,0.0160703396946991,0.0136681602882989,0.0221108228229826,0.0251466668962051,0.0059039273703815,0.00828346785200808,0.00768532087359899,0.00947749827020053,0.00709465314460642,0.0209196353400727,0.00828346785200808,0.00768752022484209,0.00768532087359899,0.0239777488487908,0.0239777488487908,0.0300433603854495,0.033642199353638,0.0331297253050854,0.0325093778309681,0.0318112862798779,0.0300433603854495,0.033033926772536,0.0306610256894459,0.0348815851207522,0.0245558154700784,0.0342512128272267,0.035641737194903,0.0381896645409093,0.0288532922113727,0.0387745795243668,0.0419526791774359,0.0362926392739314,0.024591622467952,0.209932725457579,0.0160759858685859,0.0148682558127841,0.0166809466199425,0.0276289658944255,0.0160703396946991,0.0160652282765924,0.0257828099508618,0.0148737063816649,0.0172744187087331,0.0344055793959679,0.00412728538469912,0.0344055793959679,0.0344055793959679,0.0344055793959679,0.0344055793959679,0.00828346785200808,0.00768752022484209,0.0343940759112021,0.00768752022484209,0.0337825263558443,0.0263592923827534,0.0239128043213454,0.0239178414026905,0.0343831272453109,0.0325186129653776,0.0337608496292085,0.0337608496292085,0.0239128043213454,0.0245233050076928,0.0257594120709306,0.0306610256894459,0.0512119225257361,0.0406208008457446,0.0354825356814994,0.0263887154406714,0.0354941349161864,0.0210759478104061,0.00752727345998598,0.0198826298215406,0.017504504054216,0.00288542690358836,0.00288542690358836,0.00404417597376962,0.0198826298215406,0.0210683873268765,0.0198899947163394,0,0.023682604475882,0.0202715521016381
"A_Darwin_9_2021",0.060819502945879,0.0608030253566111,0.0596661932097628,0.0532053356073744,0.0551358399361042,0.0545249169570876,0.0614688536864973,0.0634038114546478,0.0532053356073744,0.0532053356073744,0.0538480092177063,0.0545459067958401,0.056264205094068,0.049411073477112,0.0505295079915273,0.0557993877127431,0.0557856465805621,0.0557810013159393,0.0500690523649962,0.0603205915137249,0.0550720441027627,0.0558378971788026,0.0273233972615135,0.0273233972615135,0.0279247326625371,0.0377446172203372,0.0303592290649531,0.0273316125741295,0.0476275121507616,0.0383528761621083,0.048287585039268,0.0303592290649531,0.0255067930303548,0.0378256725618887,0.0331695173184863,0.0539647325991256,0.0507860823513924,0.0557993877127431,0.056465827961111,0.0539647325991256,0.0369055846043208,0.0359101603792041,0.0558183532104952,0.036529739144978,0.0135422740129599,0.0183299285143743,0.0183219071875477,0.0189323382257995,0.0179081664537437,0.0201393394154401,0.0189323382257995,0.0171199835318504,0.0171272821137496,0.0171300970364303,0.0189323382257995,0.174870404581924,0.175584567990061,0.174724648350443,0.173298076242188,0.174083622358209,0.174083622358209,0.174083622358209,0.174083622358209,0.174083622358209,0.173298076242188,0.174870404581924,0.048287585039268,0.0457977029483117,0.058330909999097,0.056465827961111,0.0558603631676876,0.0457977029483117,0.0553480045688508,0.0489355125737415,0.0539830503848517,0.0559213211046622,0.0464270296519098,0.0450444030074548,0.0387477619385483,0.0406076066718976,0.033771410824504,0.047513794529186,0.0474224227611481,0.0350061802854345,0.0356188405887961,0.0331495201970687,0.0424593822194676,0.0449483598922923,0.020290422241358,0.0221174644691792,0.0221108228229826,0.0239512073558616,0.026979700327955,0.0369055846043208,0.0221174644691792,0.020290422241358,0.0221108228229826,0.0400482725118012,0.0400482725118012,0.015483919280433,0.0195267270476243,0.0185078834952102,0.0166874931348823,0.0177134488535631,0.015483919280433,0.0189239542199499,0.0160888800317896,0.0207344571034261,0.023347142317537,0.0201302274226419,0.0538480092177063,0.0571332346908488,0.0481507372904803,0.0577214953427932,0.0610100921784013,0.0564651838311053,0.0437793710463754,0.216046331234335,0.0343831272453109,0.0337608496292085,0.0362546203847281,0.0481664828616877,0.0356188405887961,0.0356082275360553,0.04625686882819,0.0343940759112021,0.0368566676353488,0.053865149323783,0.0257527058471717,0.053865149323783,0.053865149323783,0.053865149323783,0.053865149323783,0.0227279651555267,0.0221174644691792,0.0538480092177063,0.0221174644691792,0.0532220624184109,0.0154775711893647,0.0100755844659157,0.0142761892246311,0.0197340966631292,0.0179081664537437,0.0203442248657439,0.0203442248657439,0.0100755844659157,0.00947749827020053,0.0148862048580309,0.0160888800317896,0.0694684916844163,0.0602600984312633,0.0551878719938389,0.0443411950522606,0.0552053047089662,0.0383930953388262,0.0218949406325481,0.0371500866190953,0.034673301368765,0.0230840142135933,0.0230840142135933,0.0242939361591109,0.0371500866190953,0.0383791419054713,0.0395966578980092,0.023682604475882,0,0.00590778089293673
"A_Darwin_06_2021",0.0569410090315933,0.0569270369544521,0.0557801632859113,0.0493665451578573,0.0512822563136353,0.0506738067760414,0.0575853390176675,0.0595076878445649,0.0493665451578573,0.0493665451578573,0.0500043003463632,0.0506898465526706,0.0523706098181837,0.0455942610495764,0.0466684849445722,0.051938364665788,0.0518844564384697,0.0519224612666576,0.0461980652881885,0.0564269962378406,0.0511759204926799,0.0519718985371394,0.0239234246958701,0.0239234246958701,0.0245287150278517,0.0343831272453109,0.0269727893922377,0.0239295535667017,0.0436849353413378,0.0349953991115145,0.0443411950522606,0.0269727893922377,0.0220991671418612,0.0344564674854688,0.0294520280747272,0.05067361328629,0.0474848269678894,0.0525798015722325,0.0531891863955921,0.05067361328629,0.0319395831587936,0.0313188506147611,0.0538828669226847,0.0319395831587936,0.0100755844659157,0.0148796895996488,0.0148737063816649,0.015483919280433,0.0142761892246311,0.0166945736249381,0.015483919280433,0.0148737063816649,0.0136734163969568,0.0148825612716525,0.015483919280433,0.175292292668811,0.176014057692034,0.175145468444694,0.173703728981475,0.174497379941761,0.174497379941761,0.174497379941761,0.174497379941761,0.174497379941761,0.173703728981475,0.175292292668811,0.0449741065291755,0.0424720766859498,0.0544144408885035,0.0531891863955921,0.0538644191233096,0.0424720766859498,0.0520532464028716,0.0456219481079521,0.0506898465526706,0.0526322013503293,0.0431033899011342,0.041249318374117,0.0349953991115145,0.0368458334418983,0.0300516168544428,0.0462423380271299,0.0436345258569193,0.031279454958144,0.0318897990651941,0.0294343328254222,0.0386905201537543,0.041167623542004,0.0166562451278126,0.0184700318810301,0.0184656061916429,0.020290422241358,0.0233077132000758,0.0319395831587936,0.0184700318810301,0.0166562451278126,0.0184656061916429,0.0350548580341116,0.0350548580341116,0.0118694457088573,0.0160821661844342,0.0148737063816649,0.0142705699997241,0.0142654829851098,0.0118694457088573,0.0154775711893647,0.0124700463816743,0.0172935538151469,0.0209051350213243,0.0166874931348823,0.0512822563136353,0.0532572462886898,0.0443411950522606,0.0538480092177063,0.0571089020363088,0.0525966925800291,0.0399914741421466,0.217968004502261,0.0306610256894459,0.0300433603854495,0.0325186129653776,0.0443545203063581,0.0318897990651941,0.0318815022087648,0.0424593822194676,0.0306696639047069,0.0331206602159983,0.0500189765122052,0.0220896858011352,0.0500189765122052,0.0500189765122052,0.0500189765122052,0.0500189765122052,0.0190760925612947,0.0184700318810301,0.0500043003463632,0.0184700318810301,0.0493808143324028,0.0118652737195494,0.0041284195844397,0.0106704043668509,0.0160888800317896,0.0142761892246311,0.0166945736249381,0.0166945736249381,0.0041284195844397,0.00472083671535559,0.0112739073882155,0.0124700463816743,0.0661787346274893,0.0563740685074118,0.0512822563136353,0.0405604587019724,0.0519224612666576,0.033806417934818,0.017864704930582,0.0325610872785921,0.0312980491942508,0.0196690287007348,0.0196690287007348,0.0208826215295404,0.0325610872785921,0.0337941955993794,0.0362430603952152,0.0202715521016381,0.00590778089293673,0
